-- -------------------------------------------------------------
-- TablePlus 5.3.8(500)
--
-- https://tableplus.com/
--
-- Database: fma
-- Generation Time: 2023-06-30 20:22:47.0860
-- -------------------------------------------------------------


-- This script only contains the table creation statements and does not fully represent the table in the database. It's still missing: indices, triggers. Do not use it as a backup.

-- Table Definition
CREATE TABLE "public"."activities" (
    "activity_id" uuid NOT NULL DEFAULT uuid_generate_v4(),
    "live" bool NOT NULL DEFAULT false,
    "photo" varchar,
    "title_zh" varchar(128) NOT NULL,
    "introduction_zh" text NOT NULL,
    "introduction_en" text NOT NULL,
    "location_zh" varchar(128) NOT NULL,
    "location_en" varchar(128) NOT NULL,
    "registration_url" varchar,
    "start_date" timestamp NOT NULL,
    "end_date" timestamp NOT NULL,
    "max_participant" int4 NOT NULL,
    "created_at" timestamp NOT NULL DEFAULT now(),
    "updated_at" timestamp NOT NULL DEFAULT now(),
    "category_id" int4,
    "subcategory_id" int4,
    "title_en" varchar(178) NOT NULL,
    "live_stream_url" varchar,
    "final_project_url" varchar,
    "question_1" varchar(512),
    "question_2" varchar(512),
    "question_3" varchar(512),
    PRIMARY KEY ("activity_id")
);

-- This script only contains the table creation statements and does not fully represent the table in the database. It's still missing: indices, triggers. Do not use it as a backup.

-- Sequence and defined type
CREATE SEQUENCE IF NOT EXISTS activities_categories_category_id_seq;

-- Table Definition
CREATE TABLE "public"."activities_categories" (
    "category_id" int4 NOT NULL DEFAULT nextval('activities_categories_category_id_seq'::regclass),
    "name_zh" varchar(64) NOT NULL,
    "name_en" varchar(64) NOT NULL,
    "created_at" timestamp NOT NULL DEFAULT now(),
    "updated_at" timestamp NOT NULL DEFAULT now(),
    PRIMARY KEY ("category_id")
);

-- This script only contains the table creation statements and does not fully represent the table in the database. It's still missing: indices, triggers. Do not use it as a backup.

-- Sequence and defined type
CREATE SEQUENCE IF NOT EXISTS activities_speakers_speaker_id_seq;

-- Table Definition
CREATE TABLE "public"."activities_speakers" (
    "speaker_id" int4 NOT NULL DEFAULT nextval('activities_speakers_speaker_id_seq'::regclass),
    "name_zh" varchar NOT NULL,
    "name_en" varchar NOT NULL,
    "introduction_zh" text NOT NULL,
    "introduction_en" text NOT NULL,
    "avatar_url" varchar NOT NULL,
    "created_at" timestamp NOT NULL DEFAULT now(),
    "updated_at" timestamp NOT NULL DEFAULT now(),
    PRIMARY KEY ("speaker_id")
);

-- This script only contains the table creation statements and does not fully represent the table in the database. It's still missing: indices, triggers. Do not use it as a backup.

-- Table Definition
CREATE TABLE "public"."activities_speakers_j" (
    "activity_id" uuid NOT NULL,
    "speaker_id" int4 NOT NULL,
    PRIMARY KEY ("activity_id","speaker_id")
);

-- This script only contains the table creation statements and does not fully represent the table in the database. It's still missing: indices, triggers. Do not use it as a backup.

-- Sequence and defined type
CREATE SEQUENCE IF NOT EXISTS activities_subcategories_subcategory_id_seq;

-- Table Definition
CREATE TABLE "public"."activities_subcategories" (
    "subcategory_id" int4 NOT NULL DEFAULT nextval('activities_subcategories_subcategory_id_seq'::regclass),
    "name_zh" varchar(64) NOT NULL,
    "name_en" varchar(64) NOT NULL,
    "created_at" timestamp NOT NULL DEFAULT now(),
    "updated_at" timestamp NOT NULL DEFAULT now(),
    "category_id" int4,
    PRIMARY KEY ("subcategory_id")
);

-- This script only contains the table creation statements and does not fully represent the table in the database. It's still missing: indices, triggers. Do not use it as a backup.

-- Sequence and defined type
CREATE SEQUENCE IF NOT EXISTS activities_tags_activity_tag_id_seq;

-- Table Definition
CREATE TABLE "public"."activities_tags" (
    "activity_tag_id" int4 NOT NULL DEFAULT nextval('activities_tags_activity_tag_id_seq'::regclass),
    "name_zh" varchar NOT NULL,
    "name_en" varchar NOT NULL,
    PRIMARY KEY ("activity_tag_id")
);

-- This script only contains the table creation statements and does not fully represent the table in the database. It's still missing: indices, triggers. Do not use it as a backup.

-- Table Definition
CREATE TABLE "public"."activities_tags_j" (
    "activity_id" uuid NOT NULL,
    "activity_tag_id" int4 NOT NULL,
    PRIMARY KEY ("activity_id","activity_tag_id")
);

-- This script only contains the table creation statements and does not fully represent the table in the database. It's still missing: indices, triggers. Do not use it as a backup.

-- Table Definition
CREATE TABLE "public"."artists" (
    "artist_id" uuid NOT NULL DEFAULT uuid_generate_v4(),
    "avatar" varchar NOT NULL,
    "created_at" timestamp NOT NULL DEFAULT now(),
    "updated_at" timestamp NOT NULL DEFAULT now(),
    "artist_en_id" int4,
    "artist_zh_id" int4,
    "active" bool NOT NULL DEFAULT true,
    PRIMARY KEY ("artist_id")
);

-- This script only contains the table creation statements and does not fully represent the table in the database. It's still missing: indices, triggers. Do not use it as a backup.

-- Sequence and defined type
CREATE SEQUENCE IF NOT EXISTS artists_en_artist_en_id_seq;

-- Table Definition
CREATE TABLE "public"."artists_en" (
    "artist_en_id" int4 NOT NULL DEFAULT nextval('artists_en_artist_en_id_seq'::regclass),
    "name" varchar(128) NOT NULL,
    "introduction" text NOT NULL,
    "country" varchar(255),
    "resume" text,
    PRIMARY KEY ("artist_en_id")
);

-- This script only contains the table creation statements and does not fully represent the table in the database. It's still missing: indices, triggers. Do not use it as a backup.

-- Sequence and defined type
CREATE SEQUENCE IF NOT EXISTS artists_tags_artist_tag_id_seq;

-- Table Definition
CREATE TABLE "public"."artists_tags" (
    "artist_tag_id" int4 NOT NULL DEFAULT nextval('artists_tags_artist_tag_id_seq'::regclass),
    "name_zh" varchar(64) NOT NULL,
    "name_en" varchar(64) NOT NULL,
    PRIMARY KEY ("artist_tag_id")
);

-- This script only contains the table creation statements and does not fully represent the table in the database. It's still missing: indices, triggers. Do not use it as a backup.

-- Table Definition
CREATE TABLE "public"."artists_tags_j" (
    "artist_id" uuid NOT NULL,
    "artist_tag_id" int4 NOT NULL,
    PRIMARY KEY ("artist_id","artist_tag_id")
);

-- This script only contains the table creation statements and does not fully represent the table in the database. It's still missing: indices, triggers. Do not use it as a backup.

-- Sequence and defined type
CREATE SEQUENCE IF NOT EXISTS artists_zh_artist_zh_id_seq;

-- Table Definition
CREATE TABLE "public"."artists_zh" (
    "artist_zh_id" int4 NOT NULL DEFAULT nextval('artists_zh_artist_zh_id_seq'::regclass),
    "name" varchar(128) NOT NULL,
    "introduction" text NOT NULL,
    "country" varchar(255),
    "resume" text,
    PRIMARY KEY ("artist_zh_id")
);

-- This script only contains the table creation statements and does not fully represent the table in the database. It's still missing: indices, triggers. Do not use it as a backup.

-- Sequence and defined type
CREATE SEQUENCE IF NOT EXISTS categories_category_id_seq;

-- Table Definition
CREATE TABLE "public"."categories" (
    "category_id" int4 NOT NULL DEFAULT nextval('categories_category_id_seq'::regclass),
    "name_zh" varchar(64) NOT NULL,
    "name_en" varchar(64) NOT NULL,
    "created_at" timestamp NOT NULL DEFAULT now(),
    "updated_at" timestamp NOT NULL DEFAULT now(),
    PRIMARY KEY ("category_id")
);

-- This script only contains the table creation statements and does not fully represent the table in the database. It's still missing: indices, triggers. Do not use it as a backup.

-- Table Definition
CREATE TABLE "public"."groups" (
    "group_id" uuid NOT NULL DEFAULT uuid_generate_v4(),
    "photo" varchar NOT NULL,
    "created_at" timestamp NOT NULL DEFAULT now(),
    "updated_at" timestamp NOT NULL DEFAULT now(),
    "group_en_id" int4,
    "group_zh_id" int4,
    PRIMARY KEY ("group_id")
);

-- This script only contains the table creation statements and does not fully represent the table in the database. It's still missing: indices, triggers. Do not use it as a backup.

-- Table Definition
CREATE TABLE "public"."groups_artists_j" (
    "artist_id" uuid NOT NULL,
    "group_id" uuid NOT NULL,
    "order" int4 NOT NULL DEFAULT 0,
    PRIMARY KEY ("artist_id","group_id")
);

-- This script only contains the table creation statements and does not fully represent the table in the database. It's still missing: indices, triggers. Do not use it as a backup.

-- Table Definition
CREATE TABLE "public"."groups_categories_j" (
    "group_id" uuid NOT NULL,
    "category_id" int4 NOT NULL,
    PRIMARY KEY ("group_id","category_id")
);

-- This script only contains the table creation statements and does not fully represent the table in the database. It's still missing: indices, triggers. Do not use it as a backup.

-- Sequence and defined type
CREATE SEQUENCE IF NOT EXISTS groups_en_group_en_id_seq;

-- Table Definition
CREATE TABLE "public"."groups_en" (
    "group_en_id" int4 NOT NULL DEFAULT nextval('groups_en_group_en_id_seq'::regclass),
    "name" varchar(128) NOT NULL,
    "description" text NOT NULL,
    PRIMARY KEY ("group_en_id")
);

-- This script only contains the table creation statements and does not fully represent the table in the database. It's still missing: indices, triggers. Do not use it as a backup.

-- Table Definition
CREATE TABLE "public"."groups_works_j" (
    "group_id" uuid NOT NULL,
    "work_id" uuid NOT NULL,
    PRIMARY KEY ("group_id","work_id")
);

-- This script only contains the table creation statements and does not fully represent the table in the database. It's still missing: indices, triggers. Do not use it as a backup.

-- Sequence and defined type
CREATE SEQUENCE IF NOT EXISTS groups_zh_group_zh_id_seq;

-- Table Definition
CREATE TABLE "public"."groups_zh" (
    "group_zh_id" int4 NOT NULL DEFAULT nextval('groups_zh_group_zh_id_seq'::regclass),
    "name" varchar(128) NOT NULL,
    "description" text NOT NULL,
    PRIMARY KEY ("group_zh_id")
);

-- This script only contains the table creation statements and does not fully represent the table in the database. It's still missing: indices, triggers. Do not use it as a backup.

-- Sequence and defined type
CREATE SEQUENCE IF NOT EXISTS migrations_id_seq;

-- Table Definition
CREATE TABLE "public"."migrations" (
    "id" int4 NOT NULL DEFAULT nextval('migrations_id_seq'::regclass),
    "timestamp" int8 NOT NULL,
    "name" varchar NOT NULL,
    PRIMARY KEY ("id")
);

-- This script only contains the table creation statements and does not fully represent the table in the database. It's still missing: indices, triggers. Do not use it as a backup.

-- Sequence and defined type
CREATE SEQUENCE IF NOT EXISTS participant_records_participant_record_id_seq;

-- Table Definition
CREATE TABLE "public"."participant_records" (
    "participant_record_id" int4 NOT NULL DEFAULT nextval('participant_records_participant_record_id_seq'::regclass),
    "attend" bool NOT NULL,
    "answer_1" varchar(256),
    "answer_2" varchar(256),
    "answer_3" varchar(256),
    "created_at" timestamp NOT NULL DEFAULT now(),
    "updated_at" timestamp NOT NULL DEFAULT now(),
    "activity_id" uuid,
    "participant_id" int4,
    "resources" jsonb DEFAULT '[]'::jsonb,
    PRIMARY KEY ("participant_record_id")
);

-- This script only contains the table creation statements and does not fully represent the table in the database. It's still missing: indices, triggers. Do not use it as a backup.

-- Sequence and defined type
CREATE SEQUENCE IF NOT EXISTS participants_participant_id_seq;
DROP TYPE IF EXISTS "public"."participants_gender_enum";
CREATE TYPE "public"."participants_gender_enum" AS ENUM ('male', 'female', 'other');

-- Table Definition
CREATE TABLE "public"."participants" (
    "participant_id" int4 NOT NULL DEFAULT nextval('participants_participant_id_seq'::regclass),
    "username" varchar(256) NOT NULL,
    "password" varchar(256),
    "name" varchar(128) NOT NULL,
    "login_type" varchar(64) NOT NULL,
    "job" varchar(128),
    "phone" varchar(128),
    "address" varchar(128),
    "note" varchar(512),
    "created_at" timestamp NOT NULL DEFAULT now(),
    "updated_at" timestamp NOT NULL DEFAULT now(),
    "gender" "public"."participants_gender_enum" DEFAULT 'other'::participants_gender_enum,
    "age" varchar(64),
    PRIMARY KEY ("participant_id")
);

-- This script only contains the table creation statements and does not fully represent the table in the database. It's still missing: indices, triggers. Do not use it as a backup.

-- Table Definition
CREATE TABLE "public"."schedule_activities_j" (
    "schedule_id" int4 NOT NULL,
    "activity_id" uuid NOT NULL,
    PRIMARY KEY ("schedule_id","activity_id")
);

-- This script only contains the table creation statements and does not fully represent the table in the database. It's still missing: indices, triggers. Do not use it as a backup.

-- Table Definition
CREATE TABLE "public"."schedule_artists_j" (
    "schedule_id" int4 NOT NULL,
    "artist_id" uuid NOT NULL,
    PRIMARY KEY ("schedule_id","artist_id")
);

-- This script only contains the table creation statements and does not fully represent the table in the database. It's still missing: indices, triggers. Do not use it as a backup.

-- Table Definition
CREATE TABLE "public"."schedule_works_j" (
    "schedule_id" int4 NOT NULL,
    "work_id" uuid NOT NULL,
    PRIMARY KEY ("schedule_id","work_id")
);

-- This script only contains the table creation statements and does not fully represent the table in the database. It's still missing: indices, triggers. Do not use it as a backup.

-- Sequence and defined type
CREATE SEQUENCE IF NOT EXISTS schedules_schedule_id_seq;

-- Table Definition
CREATE TABLE "public"."schedules" (
    "schedule_id" int4 NOT NULL DEFAULT nextval('schedules_schedule_id_seq'::regclass),
    "name_zh" varchar(256) NOT NULL,
    "name_en" varchar(256) NOT NULL,
    "start_date" timestamp NOT NULL,
    "end_date" timestamp NOT NULL,
    "note" varchar(512),
    "active" bool NOT NULL DEFAULT true,
    "created_at" timestamp NOT NULL DEFAULT now(),
    "updated_at" timestamp NOT NULL DEFAULT now(),
    PRIMARY KEY ("schedule_id")
);

-- This script only contains the table creation statements and does not fully represent the table in the database. It's still missing: indices, triggers. Do not use it as a backup.

DROP TYPE IF EXISTS "public"."users_role_enum";
CREATE TYPE "public"."users_role_enum" AS ENUM ('admin', 'work-manager', 'activity-manager');

-- Table Definition
CREATE TABLE "public"."users" (
    "user_id" uuid NOT NULL DEFAULT uuid_generate_v4(),
    "username" varchar(255) NOT NULL,
    "password" varchar(255) NOT NULL,
    "name" varchar(128) NOT NULL,
    "phone" varchar(64),
    "active" bool NOT NULL DEFAULT true,
    "created_at" timestamp NOT NULL DEFAULT now(),
    "updated_at" timestamp NOT NULL DEFAULT now(),
    "role" "public"."users_role_enum" NOT NULL DEFAULT 'admin'::users_role_enum,
    PRIMARY KEY ("user_id")
);

-- This script only contains the table creation statements and does not fully represent the table in the database. It's still missing: indices, triggers. Do not use it as a backup.

-- Sequence and defined type
CREATE SEQUENCE IF NOT EXISTS works_index_seq;

-- Table Definition
CREATE TABLE "public"."works" (
    "work_id" uuid NOT NULL DEFAULT uuid_generate_v4(),
    "year" timestamp NOT NULL,
    "type" varchar,
    "session" jsonb NOT NULL DEFAULT '[]'::jsonb,
    "photo_1" varchar,
    "photo_2" varchar,
    "photo_3" varchar,
    "photo_4" varchar,
    "photo_5" varchar,
    "file" varchar,
    "created_at" timestamp NOT NULL DEFAULT now(),
    "updated_at" timestamp NOT NULL DEFAULT now(),
    "category_id" int4,
    "location_id" int4,
    "work_en_id" int4,
    "work_zh_id" int4,
    "file_url" varchar,
    "active" bool NOT NULL DEFAULT true,
    "index" int4 DEFAULT nextval('works_index_seq'::regclass),
    PRIMARY KEY ("work_id")
);

-- This script only contains the table creation statements and does not fully represent the table in the database. It's still missing: indices, triggers. Do not use it as a backup.

-- Sequence and defined type
CREATE SEQUENCE IF NOT EXISTS works_en_work_en_id_seq;

-- Table Definition
CREATE TABLE "public"."works_en" (
    "work_en_id" int4 NOT NULL DEFAULT nextval('works_en_work_en_id_seq'::regclass),
    "title" varchar NOT NULL,
    "dimension" varchar NOT NULL,
    "note" varchar NOT NULL,
    "proposal" text NOT NULL,
    "interactive_description" text,
    "material" varchar,
    "photo_1_d" varchar,
    "photo_2_d" varchar,
    "photo_3_d" varchar,
    "photo_4_d" varchar,
    "photo_5_d" varchar,
    PRIMARY KEY ("work_en_id")
);

-- This script only contains the table creation statements and does not fully represent the table in the database. It's still missing: indices, triggers. Do not use it as a backup.

-- Sequence and defined type
CREATE SEQUENCE IF NOT EXISTS works_locations_work_location_id_seq;

-- Table Definition
CREATE TABLE "public"."works_locations" (
    "work_location_id" int4 NOT NULL DEFAULT nextval('works_locations_work_location_id_seq'::regclass),
    "name_zh" varchar NOT NULL,
    "name_en" varchar NOT NULL,
    "created_at" timestamp NOT NULL DEFAULT now(),
    "updated_at" timestamp NOT NULL DEFAULT now(),
    PRIMARY KEY ("work_location_id")
);

-- This script only contains the table creation statements and does not fully represent the table in the database. It's still missing: indices, triggers. Do not use it as a backup.

-- Sequence and defined type
CREATE SEQUENCE IF NOT EXISTS works_materials_work_material_id_seq;

-- Table Definition
CREATE TABLE "public"."works_materials" (
    "work_material_id" int4 NOT NULL DEFAULT nextval('works_materials_work_material_id_seq'::regclass),
    "name_zh" varchar NOT NULL,
    "name_en" varchar NOT NULL,
    "created_at" timestamp NOT NULL DEFAULT now(),
    "updated_at" timestamp NOT NULL DEFAULT now(),
    PRIMARY KEY ("work_material_id")
);

-- This script only contains the table creation statements and does not fully represent the table in the database. It's still missing: indices, triggers. Do not use it as a backup.

-- Table Definition
CREATE TABLE "public"."works_materials_j" (
    "work_id" uuid NOT NULL,
    "work_material_id" int4 NOT NULL,
    PRIMARY KEY ("work_id","work_material_id")
);

-- This script only contains the table creation statements and does not fully represent the table in the database. It's still missing: indices, triggers. Do not use it as a backup.

-- Sequence and defined type
CREATE SEQUENCE IF NOT EXISTS works_tags_work_tag_id_seq;

-- Table Definition
CREATE TABLE "public"."works_tags" (
    "work_tag_id" int4 NOT NULL DEFAULT nextval('works_tags_work_tag_id_seq'::regclass),
    "name_zh" varchar NOT NULL,
    "name_en" varchar NOT NULL,
    PRIMARY KEY ("work_tag_id")
);

-- This script only contains the table creation statements and does not fully represent the table in the database. It's still missing: indices, triggers. Do not use it as a backup.

-- Table Definition
CREATE TABLE "public"."works_tags_j" (
    "work_tag_id" int4 NOT NULL,
    "work_id" uuid NOT NULL,
    PRIMARY KEY ("work_tag_id","work_id")
);

-- This script only contains the table creation statements and does not fully represent the table in the database. It's still missing: indices, triggers. Do not use it as a backup.

-- Sequence and defined type
CREATE SEQUENCE IF NOT EXISTS works_zh_work_zh_id_seq;

-- Table Definition
CREATE TABLE "public"."works_zh" (
    "work_zh_id" int4 NOT NULL DEFAULT nextval('works_zh_work_zh_id_seq'::regclass),
    "title" varchar NOT NULL,
    "dimension" varchar NOT NULL,
    "note" varchar NOT NULL,
    "proposal" text NOT NULL,
    "interactive_description" text,
    "material" varchar,
    "photo_1_d" varchar,
    "photo_2_d" varchar,
    "photo_3_d" varchar,
    "photo_4_d" varchar,
    "photo_5_d" varchar,
    PRIMARY KEY ("work_zh_id")
);

INSERT INTO "public"."activities" ("activity_id", "live", "photo", "title_zh", "introduction_zh", "introduction_en", "location_zh", "location_en", "registration_url", "start_date", "end_date", "max_participant", "created_at", "updated_at", "category_id", "subcategory_id", "title_en", "live_stream_url", "final_project_url", "question_1", "question_2", "question_3") VALUES
('0708f61d-85d2-405c-afe4-642b1e59b227', 'f', 'activity-photo/dW5kZWZpbmVkLTE2MzM0OTU2MTc2MDI=.jpeg', '創造未來——程式、藝術在中小學教育的拓展｜林欣美、黃信惠、鄭永峻（瓦特）', '十二年國教課綱的頒布，推動程式、藝術等跨領域教育的契機，為學習的視野帶來更多的可能。老師們一方面思考如何加強學生的資訊素養、建構「運算性思維」 (computational thinking)，另一方面尋找各方資源，達成自我增能、觀念翻轉，開發「沒有標準答案」的教育課程。講座邀請林欣美、黃信惠、鄭永峻三位教師，從「如何啟動學習契機」、「程式、藝術與生活的連結」以及「現有資源與未來想像」等面向切入，分享來自教育現場的心得與實作經驗，共同探索程式、藝術落實於中小學教育的現有課題與未來潛力。', 'With the release of the “Curriculum Guidelines of 12-Year Basic Education,” opportunities for transdisciplinary (e.g. coding and art) education arise, which is expected to broaden students’ intellectual horizons. Teachers on the one hand consider how to improve students’ information literacy and stimulate their “computational thinking,” and on the other hand try to pool resources to develop courses where “there are no model answers” in order to empower students and flip their ideas. This talk invites LIN Hsin-Mei, CHENG Yung-Chun, and David HUANG to share their teaching and hands-on experiences in three aspects, including “how to motivate students to learn coding,” “the connections among coding, art, and life,” and “current resources and future imagination,” through which they will explore contemporary issues concerning teaching coding and art in elementary and high schools as well as its future potentials.', '西服務中心｜2樓（請事先報名）', 'West i-CENTER, 2F (Advance registration is required.)', 'www.accupass.com/go/clab-pcd-taiwan', '2021-10-23 02:30:00', '2021-10-23 04:00:00', 30, '2021-09-30 03:25:06.221947', '2021-12-21 07:41:47.254003', 3, 3, 'Creating the Future—The Promotion of Coding and Arts in Education｜LIN Hsin-Mei, David HUANG, CHENG Yung-Chun', 'null', 'https://reurl.cc/embK7R', NULL, NULL, NULL),
('0baa638b-be7f-4b0a-b9e1-9b6bcaba11a7', 'f', 'activity-photo/dW5kZWZpbmVkLTE2ODU1OTA0OTUzMTA=.png', '「崩塌記憶之宮」藝術家座談', '<p>C-LAB 2023年度大展「崩塌記憶之宮」從媒介載體的角度，探索時空錯置下的歷史記憶，並由「文本化的歷史」以及「物質化的記憶」兩條軸線交錯，詰問歷史記憶如何殘留在當代生活中。展覽不僅關注過去發生的事件，更重要的是這些歷史時刻後來發生了什麼，如何被重新詮釋和再利用，成為了另一種形式的文化記憶。展期間將舉辦兩場藝術家座談，邀請國內外參展藝術家與策展人游崴對談，分享他們各自的創作理念與脈絡，場次如下：</p><p><strong><br/>▌場次一</strong><strong>｜</strong><strong>06/10 (SAT) 14:00－16:00<br/></strong>與談人：AKI INOMATA、崔元準 CHE Onejoon、 dj sniff、傑克・伯頓 Jack BURTON、金川晋吾Shingo KANAGAWA、荒木悠 Yu ARAKI<br/>主持人：游崴<br/>地點：CREATORS空間102&nbsp;共享吧<br/><br/></p><p><strong>&nbsp;</strong><strong>與談人簡介<br/></strong><strong>｜</strong><strong>AKI INOMATA<br/></strong>AKI INOMATA與各式各樣的物種「協力」創造作品，聚焦於並非人類所獨有的「製作」行為。她探索動物與人類之間的關係，以及由此產生的創作。主要作品包括《何不給寄居蟹一個「庇護所」？》，試圖以3D列印製作的殼作為寄居蟹的居所。另一件作品為《我和狗披上彼此的皮毛》，其中藝術家和她的狗穿著以各自的毛髮做成的披肩。近期展覽包括「破碎的自然」（美國紐約現代藝術博物館，2021）、「AKI INOMATA：顯著的他者性」（日本青森十和田市現代美術館，2019）、第二十二屆米蘭三年展（義大利，2019）、泰國雙年展（甲米府，2018）、「AKI INOMATA：何不給寄居蟹一個『庇護所』？」（法國南特美術館，2018）。</p><p><strong><br/>｜</strong><strong>崔元準</strong><strong>CHE Onejoon<br/></strong>視覺藝術家、電影創作者，關注社會結構的轉變（例如政治與意識型態）如何影響人們的居住場所與認同。早期的作品透過攝影、影片、檔案揭示了隱藏在整個朝鮮半島的冷戰意識形態背景。2013年開始研究非洲與東亞的關係。近期作品包括《國際友誼》，探討北韓在非洲建立雕像與紀念碑的歷史事件；《我的烏托邦》，一齣關於赤道幾內亞第一任總統之女在北韓成長的文獻劇；《黑色首都》，揭露美國駐南韓軍事基地周邊非洲社群的離散文化。他曾參與展出的國際展覽包括台北雙年展（2008）、東京宮展覽（2012）、首爾媒體城市雙年展（2014）、新美術館三年展（2015）、盧邦巴希雙年展（2019）、雅加達雙年展（2021）等等。</p><p><strong><br/>｜</strong><strong>dj sniff</strong><strong><br/></strong>dj sniff（水田拓郎）是實驗電子藝術、即興音樂領域的音樂家、策展人。作品以一種結合DJ表演、樂器設計、自由即興創作的獨特實踐為基礎。合作對象包括伊凡．帕克、大友良英、馬汀．泰特里、保羅．赫布威柏、塔里克．阿圖伊、Senyawa樂團。曾擔任阿姆斯特丹電子樂器音樂工作室藝術總監（2007-2012）、香港城市大學創意媒體學院的訪問助理教授（2012-2017）、京都精華大學副教授（2020-2022）。目前定居洛杉磯，並擔任亞洲實驗音樂藝術節的聯合總監。他於2022年發行最新的黑膠唱片《平行的玉音軌》，處理日本在二戰尾聲時的歷史性廣播及其在臺灣的接收情況。</p><p><strong><br/>｜</strong><strong>傑克</strong><strong>‧</strong><strong>伯頓</strong><strong>Jack BURTON<br/></strong>生於南威爾斯，現居布魯塞爾，人生經歷擺盪於兩地。2017年畢業於倫敦皇家藝術學院。近期的個展包括布魯賽爾10N藝廊的「Brico Jack」（2023）、柏林的The Gimp藝廊「展覽音樂第一輯」（2022）、布魯塞爾Cunst-link藝廊「非得丟棄一切嗎？」（ 2022）、維也納淡紫策展計畫空間「長途公路旅館」（2022）；維也納杰索藝術空間聯展包括「新空間秀」（2021）、柏林芭芭拉．圖姆藝廊線上展覽「歐洲與岩石」（2020）。</p><p><strong><br/>｜金川晋吾 Shingo KANAGAWA<br/></strong>從神戶大學與東京藝術大學分別取得碩士與博士學位，個展包括「Nagaima」（神奈川橫濱市民美術館， 2018）、「父親2009.04.10-」（大阪176畫廊，2017）、「父親 2009.09-」（東京新宿佳能沙龍，2016）與「長者之家」（東京銀座沙龍，2014），已出版的攝影書有《父親》（青幻舍，2016）以及《與動物》（MUESUM，2009）。</p><p><strong><br/>｜荒木悠 Yu ARAKI<br/></strong>1985年生於日本山形市，目前駐居日本京都，畢業於美國聖路易華盛頓大學山姆．福克斯設計與視覺藝術學院雕塑學士，東京藝術大學電影與新媒體碩士。近期展覽有東京都寫真美術館、大阪中之島美術館、成都當代美術館、杜伊斯堡DKM美術館、首爾藝術善載中心、東京無人島製作藝廊、巴塞隆納胡安．米羅基金會美術館等地舉行。作品也曾於許多國際影展中放映，如巴黎／柏林國際影像藝術節、馬賽國際影展、卡塞爾紀錄電影暨錄像展、伯威克電影與媒體藝術節、倫敦影展、DMZ韓國國際紀錄片電影節等。曾入圍烏克蘭基輔維克托．平丘克基金會未來世代藝術獎，並榮獲鹿特丹影展金虎短片獎、橫濱藝術委員會U39藝術家獎助、日本東京惠比壽國際藝術與另類視覺映像祭的特別獎。</p><p><strong><br/>主持人簡介<br/></strong><strong>｜</strong><strong>游崴<br/></strong>臺灣當代文化實驗場策展人，倫敦大學柏貝克學院人文學暨文化研究博士，關注台灣戰後藝術與視覺文化。曾擔任《典藏．今藝術》雜誌主編與特約撰述。2015年於倫敦大學佩爾茨藝廊策畫展演「射殺鋼琴師：台北噪音場景1990–1995」。2017年與在地實驗共同策畫「破身影」入圍第16屆台新藝術獎。2018年起於C-LAB策畫展演包括「姚瑞中：犬儒共和國」（2020）、「極微輸入：演算音像集」（2022）等，以及2023年C-LAB年度論壇「未來緩慢取消」及年度展覽「崩塌記憶之宮」。</p><p><br/></p><p>▶活動免費參加，名額有限，額滿為止。<br/>▶填寫表單即代表報名成功，活動前將再寄發提醒通知。因C-LAB信箱易被Gmail判定為垃圾郵件，若沒收到請查看垃圾信箱。<br/>▶主辦單位保有因應疫情狀況調整與變更活動之權利。<br/></p>', '<p>The 2023 annual exhibition of C-LAB, Memory Palace in Ruins, explores the historical memories in dislocated time and space from the perspective of mediums, with the intersecting themes of “textualized history” and “materialized memories” to interrogate how historical memories remain in the contemporary life. The exhibition focuses on the past events as well as what afterwards happened to the historical moments, and how they were reinterpreted and reutilized, turning into cultural memories in another form.</p><p>During the exhibition period, two artist talks will be hosted, with joining artists from home and abroad invited to talk with the curator YU Wei and share how their creative ideas respond to the issues raised in the exhibition. The sessions are as follows:</p><p><strong><br/>▌</strong><strong>Session 1</strong><strong>｜</strong><strong>06/10 (SAT) 14:00－16:00<br/></strong>Participants:&nbsp;AKI INOMATA, CHE Onejoon, dj sniff, Jack BURTON,&nbsp;Shingo KANAGAWA,&nbsp;Yu ARAKI<br/>Moderator: YU Wei<br/>Venue:&nbsp;CREATORS’ Space R102&nbsp;Coworking Space<br/><br/></p><p><strong>&nbsp;</strong><strong>Participants<br/></strong><strong>｜</strong><strong>AKI INOMATA<br/></strong>AKI INOMATA''s work focuses on the act of "making" which is not exclusive to human beings, INOMATA creates art works with various species “collaboratively.” She investigates relationships between animals, human beings and the creation emerging from them. Her major works include Why Not Hand Over a "Shelter” to Hermit Crabs?, an attempt she created 3D printed shells for hermit crabs, and I Wear the Dog’s Hair, and the Dog Wears My Hair, in which the artist and her dog wear capes made from each other’s respective hair. Her recent exhibitions include Broken Nature (MoMA, New York, USA, 2021), AKI INOMATA: Significant Otherness (Towada Art Center, Aomori, Japan, 2019), The XXII Triennale di Milano (Italy, 2019), Thailand Biennale (Krabi, 2018), and AKI INOMATA: Why Not Hand Over a “Shelter” to Hermit Crabs? (Musée d’arts de Nantes, France, 2018).</p><p><strong><br/>｜</strong><strong>CHE Onejoon<br/></strong>Che Onejoon is a visual artist and filmmaker. Che is interested in how changes in social structures, such as politics and ideology, affect the places where people live and their identities. In his early work, he revealed the hidden context of the Cold War ideology across the Korean Peninsula through photography, film, and archives. Since 2013, he has been researching on the relationship between Africa and East Asia. His recent works include International Friendship, which explores the historical events surrounding statues and monuments built by North Korea in Africa; My Utopia, a documentary theater about the daughter of the first president of Equatorial Guinea who grew up in North Korea; and Capital Black, which exposes the diaspora culture of African communities around US military bases in South Korea. Che has exhibited internationally at Taipei Biennial (2008), Palais de Tokyo modules (2012), Seoul Mediacity Biennale (2014), New Museum Triennial (2015), Lubumbashi Biennale (2019), Jakarta Biennale(2021), and so forth.</p><p><strong><br/>｜</strong><strong>dj sniff</strong><strong><br/></strong>dj sniff (Takuro Mizuta Lippit) is a musician and curator in the field of experimental electronic arts and improvised music. His musical work builds upon a distinct practice that combines DJing, instrument design, and free improvisation. His collaborations include Evan Parker, Otomo Yoshihide, Martin Tetreault, Paul Hubweber, Tarek Atoui, and Senyawa. He has held positions as Artistic Director of STEIM Amsterdam (2007-2012), Visiting Assistant Professor at the School of Creative Media, City University Hong Kong (2012-2017), and Associate Professor at Kyoto Seika University (2020-2022). He is currently based in Los Angeles and acts as Co-Director of AMF (Asian Meeting Festival). In 2022, he released his latest vinyl record Parallel Traces of the Jewel Voice which deals with Japan’s historical broadcast at the end of WW2 and its reception in Taiwan.</p><p><strong><br/>｜</strong><strong>Jack BURTON<br/></strong>Born in South Wales, now live in Brussels. Burton graduated in 2017 at the Royal Academy of Arts in London. His more recent solo exhibitions include Brico Jack at 10N (Brussels, 2023), Music For An Exhibition Volume 1’at The Gimp (Berlin, 2022), Must Everything Go? at Cunst-link (Brussels, 2022), Long Distance Highway Hotel at Mauve (Vienna, 2022) and group exhibitions include New Space Show at Gesso Art Space (Vienna, 2021), Europa and the Rock online exhibition at Barbara Thumm (Berlin, 2020).</p><p><strong><br/>｜Shingo KANAGAWA<br/></strong>Shingo Kanagawa earned his master’s degree and doctorate respectively from Kobe University and Tokyo University of the Arts. His solo exhibitions include Nagaima at the Yokohama Civic Art Gallery in Kanagawa (2018), father 2009.04.10- at gallery176 in Osaka (2017), father 2009.09- at the Shin-juku Nikon Salon in Tokyo (2016), and home for the aged at the Ginza Nikon Salon in Tokyo (2014). He is also the author of two photo books—father (published by Seigensha, 2016) and “and animals” (published by MUESUM, 2009).<strong><br/></strong></p><p><strong><br/>｜Yu ARAKI<br/></strong>Born 1985 in Yamagata City, Japan, and currently based in Kyoto, Japan, Araki received his Bachelor of Fine Arts in Sculpture from Sam Fox School of Design &amp; Visual Arts at Washington University in St. Louis, U.S.A., and completed his Master of Film and New Media Studies from Tokyo University of the Arts. Recent exhibitions include Tokyo Photographic Art Museum, Tokyo; Nakanoshima Museum of Art, Osaka; Chengdu Times Art Museum, Chengdu; Museum DKM, Duisburg; Art Sonje Center, Seoul; MUJIN-TO Production, Tokyo; Fundació Joan Miró, Barcelona. His films have been programmed in international festivals such as Rencontres Internationales Paris/Berlin, FID Marseille, Kassel Documentary Film and Video Festival, Berwick Film &amp; Media Arts Festival, BFI London Film Festival and DMZ International Documentary Film Festival. He was selected the Future Generation Art Prize hosted by the Victor Pinchuk Foundation in Kyiv, Ukraine and received the Ammodo Tiger Short Film Award from Film Festival Rotterdam, the U39 Artist Fellowship Grant recipient from Arts Commission Yokohama, and the Special Award at Yebisu International Festival for Art &amp; Alternative Visions 2023 in Tokyo, Japan.</p><p><strong><br/>Moderator<br/></strong><strong>｜YU Wei</strong><strong><br/></strong>Curator of Taiwan Contemporary Culture Lab (C-LAB), Yu has served as an editor for ARTCO magazine from 2005 to 2007. He obtained his PhD in Humanities and Cultural Studies at Birkbeck (London Consortium), University of London. His research primarily focuses on Taiwan''s art and visual culture in the post-war era. Yu has curated various exhibitions, including Shoot the Pianist: The Noise Scene in Taipei 1990–1995 (2015) at Peltz Gallery in London. He also co-curated Broken Spectre (2017) with ET@T, which was shortlisted for the 16th Taishin Arts Award. Since 2018, Yu has been involved in several curatorial projects at C-LAB, such as Yao Jui Chung – Republic of the Cynic (2020) and Minimal Input: Algorithmic Arts Gathering (2022). Additionally, he has organized the C-LAB forum, A Future Slowly Cancelled, and the C-LAB annual exhibition, Memory Palace in Ruins, both held in 2023.</p><p><br/></p><p>▶ Free Admission via Online Registration.<br/>▶ Upon submission through the Online Registration Form, a seat is reserved for you. A reminder will be sent to your email prior to the event. If you didn’t receive the reminder email, please check your Spam or Junk email.<br/>▶ The organizer reserves the right to adjust and change the activities according to the epidemic situation.<br/></p>', 'CREATORS空間102 共享吧', 'CREATORS’ Space R102 Coworking Space', 'https://docs.google.com/forms/d/e/1FAIpQLSc7zx1iYRByqwUUf6yoCXuwH1pOqVJfQzcVJvoD52_-qJngSg/viewform', '2023-06-10 06:00:00', '2023-06-10 08:00:00', 0, '2023-06-01 03:34:55.953083', '2023-06-01 03:36:51.915955', 1, 1, 'Memory Palace in Ruins｜Artist Talk', '', '', '', '', ''),
('31c62614-9d10-4045-b201-32b5c73591c9', 'f', 'activity-photo/dW5kZWZpbmVkLTE2MzM0OTgyOTE1MTA=.jpeg', '非日常·新未來——AND科技藝術創作分享講座｜NANONANO、田子平x麥藍提亞Mailantia舞團、張碩尹、施懿珊、蔡宏賢（主持）', 'AND（臺灣藝術與科技中心）與文化部科技藝術實驗創新與輔導推動計畫合作，每年規劃主題徵選出臺灣具實驗創新潛力的創作團隊，協助新興創作者將實驗構想落實，並得到更多支持及發展。自2017年起至今已進入第四屆、共支援19組創作計畫，入選的作品類型與議題多元，注重跨領域對話與結合，如信仰與動保、民俗與生醫、機械與舞者、人工與自然、實體與抽象、網路文化與霸權的反思等，且具備實驗精神、思辯能力及落實創作的執行力。獲選的創作也持續獲得國內外獎項與展演合作邀約。本次講座將由今年以主題「非日常」入選的「孿生廟、默娘髮、與鴻仙人」張碩尹、「失重計劃——非日常篇」田子平x麥藍提亞Mailantia舞團、「記憶戰爭」施懿珊以及「HETEROTOPIA」NANONANO四組藝術家與AND計畫主持人蔡宏賢，共同分享AND如何扶持實驗構想的實現，藉由他們的實驗性創作，對應非日常已成為日常的新世界。', 'In collaboration with the Ministry of Culture’s promotion and tutorial program for techno-art experimentation and innovation, Taiwan Arts and Technology Center (AND) annually selects subjects and creative teams having experimental and innovative potentials in Taiwan, helps them put their experimental conceptions into practice, and offers them greater support and resources. This program has entered its fourth year since 2017, and has supported a total of 19 creative projects. The selected projects take on diverse forms and address multifarious issues. They set great store by transdisciplinary dialogue and combination, such as conviction and animal protection, folk culture and biomedicine, machines and dancers, artificial and nature, physical and abstract, or the Internet culture and the reflection on hegemony. Besides, these projects not only embody the spirit of experimentation and critical thinking, but also demonstrate salient feasibility. Moreover, they have received awards and exhibition invitations at home and abroad. Featuring the theme “New Normal,” this talk invites the AND project director Escher TSAI and the four selected creative teams to share their experiences as to how the AND helps materialize their experimental conceptions, and how they use their experimental works as a response to the world in which new normal has become normal.', 'CREATORS空間102 共享吧（現場參加請事先報名）', 'CREATORS’ Space R102 Coworking Space (Advance registration is required.)', 'www.accupass.com/go/clab-fmaf-events', '2021-10-29 11:00:00', '2021-10-29 12:00:00', 65, '2021-09-30 03:08:51.675488', '2021-12-21 07:47:24.501544', 2, NULL, 'New Normal·New Future—AND Artist Talk｜NANONANO, TIAN Zi-Ping x Mailantia Dance Company, CHANG Ting-Tong, SHIH Yi-Shan, Escher TSAI (Moderator)', 'null', 'https://reurl.cc/mvbKbY', NULL, NULL, NULL),
('3d332cd1-c49d-4358-a516-383995b69b1b', 't', 'activity-photo/dW5kZWZpbmVkLTE2MzM0OTIyNzk3NTg=.jpeg', 'TouchDesigner資料控制技術與Python運用｜Matthew RAGAN', 'TouchDesigner與Python的整合是它最令人興奮的超級能力之一。從變換操作者到探索機器學習的技巧，一旦你開始把某些語法技巧應用到TouchDesigner的工作流程中，一個充滿創作機會的世界便等著你來探索。在這場講座中，我們將介紹一些使用Python的簡單想法，探討如何從網路上直接抓取資料，最後談論在TouchDesigner中使用機器學習函式庫的未來應用。', 'TouchDesigner''s Python integration is one of its most exciting super powers. From changing operators to exploring Machine Learning techniques, there''s a world of exciting creative opportunities to explore once you start to apply some scripting techniques to your TouchDesigner workflow. In this talk we''ll look at some simple ideas for working with Python, explore how you can pull data directly from the web, and finally talk about future applications for working with Machine Learning libraries in TouchDesigner. ', '「C-LAB 科技媒體實驗平台」臉書直播（無須報名）', 'Live streaming on Facebook Page of C-LAB Technology Media Platform (advance registration is NOT required.)', 'www.accupass.com/go/clab-TD', '2021-11-06 11:00:00', '2021-11-06 12:00:00', 50, '2021-09-30 03:39:42.067456', '2021-12-21 07:45:01.302284', 4, 7, 'Python and Techniques for Data Manipulation in TouchDesigner｜Matthew RAGAN', 'null', 'https://reurl.cc/zWaG2V', NULL, NULL, NULL),
('439a233a-8b87-487d-9610-dc96ba6ee8ba', 'f', 'activity-photo/dW5kZWZpbmVkLTE2MzM0OTUzMDkwMzg=.jpeg', '聊聊創意程式的語感｜李家祥、侯君昊', '同樣是語言學習，為何程式語言不能像英語一樣成為日常？ 
這讓人忍不住想追問究竟學習編碼（coding）的意義是什麼？編碼的世界能帶我們看到什麼風景？這些風景跟生活有什麼關係？任何人都能參與，下至小學上至阿嬤都可以喊+1嗎？
如果你在學習編碼，或正要前往編碼的路上，我們邀請你一起參與本講座，聽侯君昊及李家祥兩位講師從程式語感培養的角度出發，由「為何」到「如何」，一步步聊出程式開發工具Processing的核心意義。 如果你曾經在前往編碼世界的路途上卡關，也歡迎在Q&A分享你的經驗，讓我們一起透過提問發現更多意義。', 'Coding and English are both languages, so that learning coding can be as quotidian as learning English.In this sense, we can’t help wondering the significance of learning coding. What scenery can we see in the world of coding? What relevance does it have to our everyday life? Is coding accessible to everyone from elementary school students to our grandparents’ generation?
If you are learning coding or about to do it, we cordially invite you to this talk in which Lee Chia-Hsiang and Hou June-Hao will talk about the real significance of Processing by explaining “why” and “how” to apply it from the perspective of developing coding intuition.
If you’ve ever got stuck on the way to the world of coding, you are more than welcome to share your experience in the Q&A section. Let’s discover more meanings by asking questions.', 'CREATORS空間102 共享吧（現場參加請事先報名）', 'CREATORS’ Space R102 Coworking Space (Advance registration is required.)', 'www.accupass.com/go/clab-pcd-taiwan', '2021-10-24 02:30:00', '2021-10-24 03:30:00', 65, '2021-09-30 03:26:37.184343', '2021-12-21 07:42:12.630309', 3, 3, 'Let’s Talk about the Creative Coding Intuition｜LEE Chia-Hsiang, HOU June-Hao', 'null', 'https://reurl.cc/yeb9G6', NULL, NULL, NULL),
('443e7a5e-6d51-4d39-9bc0-fd71e579da09', 'f', 'activity-photo/dW5kZWZpbmVkLTE2MzM0OTg4NDA3MTE=.jpeg', '策展人導覽｜吳達坤', '更多導覽場次將公布於C-LAB官網，請關注最新活動消息。

', 'More guided tours will be announced on the official website of C-LAB. Please follow the latest information.', '西服務中心（請事先報名）', 'West i-CENTER (Advance registration is required.)', 'www.accupass.com/go/clab-fmaf-events', '2021-10-16 05:30:00', '2021-10-16 06:30:00', 30, '2021-09-30 03:04:58.970889', '2021-10-12 10:28:58.829848', 1, 1, 'Curator’s Tour｜WU Dar-Kuen', 'null', NULL, NULL, NULL, NULL),
('45d4701c-1ae4-4970-9902-6774fdb4c45b', 't', 'activity-photo/dW5kZWZpbmVkLTE2MzM0OTQ0OTE4NzQ=.jpeg', '初衷｜劉佩雯、蔡宏賢', '空曠場域裡的回音 
敲敲打打和擠壓的同時 
行動日之前的計畫 

Playaround工作坊的開始、構思、無數個討論、修正、執行到反饋，每個階段的酸甜苦辣都加深了我對Playaround初衷的認同，一個以共同創作為出發的工作坊。三天的主題技術，兩天和其它主題的橫向連結，強調動手做與學員間的溝通，最後一天的階段性創作發表，讓 學員有共相互學習的目標。共同策動人蔡宏賢是最強力也最放任的合作夥伴。我從沒想過Playaround能從 2008、2009、2010、2012，我所參與的四屆共五年的光陰裡（2014最後並沒啟動），一直到 2021 還能感受並聽到Playaround的回音。若以每屆80名學員來算的話，連同所有工作人員也有 將近三四百人曾經參與過Playaround。這過程中，曾經是學員的來當助教，助教之後變講師，這是否代表他／她們對Playaround 的認同呢？
創作不需被技術挶限，不代表技術不重要。Playaround提倡FLOSS 開源軟體共享共創的精神與異文化合作打造一把開啟探索之門的鑰匙。面對改變，如何自主性的應變，如何與他人合作，共同克服因應而來的困境而創新。 
目前我參與的另一個計劃「zurWollke 向雲」共居大廳，借由大廳裡的音景、日常節奏與改變，節錄三段音景，對我而言這是三個符號；分別代表了1.「空曠場域裡的回音」=可延續的理念，2.「敲敲打打和擠壓的同時」= 可預期與不可預期的挑戰，3.「行動日之前的計 畫」= 正向的默契。我將用這三個符號作為我個人回顧Playaround的心路歷程。', 'Echoes rebound in the open space,
Interlaced by the sounds of knocking, beating and squeezing,
Plans are made for the D Day.

From its initiation and conception, via innumerable discussions and revisions, all the way to its final implementation and feedback, the ups and downs of each phase of the Playaround workshop have reaffirmed my identity with its original intention—a workshop that treats co-creation as the point of departure. This workshop begins with a three-day introduction to thematic techniques, and takes another two days to connect them with other subjects so as to highlight hands-on practice and inter-participant communication. The final day is saved for the presentation of the participants’ interim works, allowing them to learn from one another. The co-organizer Escher TSAI is the most capable and tolerant partner of mine. After my engagement in the Playaround workshop in 2008, 2009, 2010, and 2012, I’ve never thought that I can still feel and hear the echoes from it now in 2021. Assuming that each workshop consists of 80 participants, along with the staff, nearly 400 people have engaged in the activity of Playaround. During the process, some of the participants become teaching assistants and even lecturers later. Does it mean that they identify with Playground?
Creation needs not to be limited by technology, which does not imply that technology matters little. Playaournd advocates the spirit of FLOSS and unlocks a door to exploration in collaboration with alternative cultures. It is important to know how to autonomously respond to changes, and how to cooperate with others in innovation by overcoming the predicaments.
I’m engaging in the project “zurWollke” which includes the soundscape, the circadian rhythm and changes in a co-dwelling hall. I extract three segments of the soundscape from this project. They represent three symbols for me: (1) “echoes rebounding in the open space,” referring to sustainable ideas; (2) “the sounds of knocking, beating and squeezing,” implying predictable and unpredictable challenges; and (3) “plans made for the D Day,” meaning positive tacit understanding. I will explicate my personal feelings and experiences of participating in Playaround according to these three symbols.', '「C-LAB 科技媒體實驗平台」臉書直播（無須報名）', 'Live streaming on Facebook Page of C-LAB Technology Media Platform (advance registration is NOT required.)', 'www.accupass.com/go/clab-PA', '2021-11-19 11:00:00', '2021-11-19 12:00:00', 50, '2021-09-30 03:30:50.027523', '2021-12-21 07:46:49.787456', 5, 9, 'The Original Intention｜Pei, Escher TSAI', 'null', 'https://reurl.cc/q1Wxdq', NULL, NULL, NULL),
('4b81337f-fde0-4d34-b184-813fef705d3a', 'f', 'activity-photo/dW5kZWZpbmVkLTE2MzM0OTY2MjQyOTA=.jpeg', '數字／編碼／詩性／地衣｜崔泰潤', '在這場預錄的講座中，崔泰潤將展示他在香港六廠紡織文化藝術館的展覽《編碼如詩》，這也是關於紡織品、編碼與關懷的一系列計畫。他也會談論自己在自然環境議題方面的研究與實踐。編碼以及抽象、重複的系統，不僅關乎數位與電子。編碼也存在於大自然當中，使生命模式成形。他在近年來的作品中創建了分散式網絡，其靈感來自地衣，那是一種複雜的生命形式，一種真菌與藻類的共生夥伴關係。', 'In this pre-recorded talk, Taeyoon CHOI will present Interweaving Poetic Code, an exhibition and programmes about textile, code and care at the Centre for Heritage, Arts and Textile in Hong Kong. He will also talk about his research and practice towards the issues of natural environment. Code, and the systems of abstraction and repetition, is not only digital and electronic. There are codes in the nature, which give form to the patterns of life. In his recent work, he''s creating distributed web, inspired by lichens, a complex life form, a symbiotic partnership of a fungus and an alga.', '線上活動，使用線上視訊會議系統 （本活動不會於臉書同步直播，請事先報名。）', 'The talk will take place via Cisco Webex Meetings. (Participants who want to join the meeting shall register online.)', 'www.accupass.com/go/clab-pcd-taiwan', '2021-10-21 09:30:00', '2021-10-21 10:00:00', 200, '2021-09-30 03:18:54.166352', '2021-10-12 10:26:47.078219', 3, 3, 'Numbers-Code-Poetry-Lichen｜Taeyoon CHOI', 'null', NULL, NULL, NULL, NULL),
('5da9929a-3937-402e-9892-ecc28cf262b9', 'f', 'activity-photo/dW5kZWZpbmVkLTE2ODUxMDc3MTE2Njc=.png', '策展人導覽', '<p>C-LAB 2023年度大展「崩塌記憶之宮」從媒介載體的角度，探索時空錯置下的歷史記憶，並由「文本化的歷史」以及「物質化的記憶」兩條軸線交錯，詰問歷史記憶如何殘留在當代生活中。展覽不僅關注過去發生的事件，更重要的是這些歷史時刻後來發生了什麼，如何被重新詮釋和再利用，成為了另一種形式的文化記憶。展期間將舉辦兩場專場導覽，由策展人游崴帶領觀眾深入了解本次展覽的策展理念及參展作品的意涵。</p><p><strong>&nbsp;</strong></p><p><strong>▌</strong><strong>策展人導覽｜游崴<br/></strong>場次二：07/15 (SAT) 14:00–15:00<br/>地點：西服務中心集合</p><p><br/></p><p><strong>導覽人簡介<br/></strong><strong>｜</strong><strong>游崴<br/></strong>臺灣當代文化實驗場策展人，倫敦大學柏貝克學院人文學暨文化研究博士，關注台灣戰後藝術與視覺文化。曾擔任《典藏．今藝術》雜誌主編與特約撰述。2015年於倫敦大學佩爾茨藝廊策畫展演「射殺鋼琴師：台北噪音場景1990–1995」。2017年與在地實驗共同策畫「破身影」入圍第16屆台新藝術獎。2018年起於C-LAB策畫展演包括「姚瑞中：犬儒共和國」（2020）、「極微輸入：演算音像集」（2022）等，以及2023年C-LAB年度論壇「未來緩慢取消」及年度展覽「崩塌記憶之宮」。</p><p>&nbsp;</p><p>▶活動免費參加，名額有限，額滿為止。<br/>▶填寫表單即代表報名成功，活動前將再寄發提醒通知。因C-LAB信箱易被Gmail判定為垃圾郵件，若沒收到請查看垃圾信箱。<br/>▶主辦單位保有因應疫情狀況調整與變更活動之權利。</p>', '<p>The 2023 annual exhibition of C-LAB, Memory Palace in Ruins, explores the historical memories in dislocated time and space from the perspective of mediums, with the intersecting themes of “textualized history” and “materialized memories” to interrogate how historical memories remain in the contemporary life.&nbsp; The exhibition focuses on the past events as well as what afterwards happened to the historical moments, and how they were reinterpreted and reutilized, turning into cultural memories in another form.</p><p>Joining the guided tours led by the curator is a great way to get to know the exhibition in more detail and brings people together for close looking and conversations focused on the exhibits. Two guided tours will be hold during the exhibition. Times and venue are listed below.</p><p>&nbsp;</p><p><strong>▌</strong><strong>Curator’s Tour</strong><strong>｜</strong><strong>YU Wei<br/></strong>Session 2: 07/15 (SAT) 14:00–15:00<br/>Meeting Point: West i-CENTER, 1F</p><p><br/></p><p><strong>Guide<br/></strong><strong>｜</strong><strong>YU Wei<br/></strong>Curator of Taiwan Contemporary Culture Lab (C-LAB), Yu has served as an editor for ARTCO magazine from 2005 to 2007. He obtained his PhD in Humanities and Cultural Studies at Birkbeck (London Consortium), University of London. His research primarily focuses on Taiwan''s art and visual culture in the post-war era. Yu has curated various exhibitions, including Shoot the Pianist: The Noise Scene in Taipei 1990–1995 (2015) at Peltz Gallery in London. He also co-curated Broken Spectre (2017) with ET@T, which was shortlisted for the 16th Taishin Arts Award. Since 2018, Yu has been involved in several curatorial projects at C-LAB, such as Yao Jui Chung – Republic of the Cynic (2020) and Minimal Input: Algorithmic Arts Gathering (2022). Additionally, he has organized the C-LAB forum, A Future Slowly Cancelled, and the C-LAB annual exhibition, Memory Palace in Ruins, both held in 2023.<strong><br/></strong></p><p>&nbsp;</p><p>▶ Free Admission via Online Registration.<br/>▶ Upon submission through the Online Registration Form, a seat is reserved for you. A reminder will be sent to your email prior to the event. If you didn’t receive the reminder email, please&nbsp;check&nbsp;your&nbsp;Spam&nbsp;or&nbsp;Junk&nbsp;email.<br/>▶ The organizer reserves the right to adjust and change the activities according to the epidemic situation.</p>', '西服務中心集合', 'Meeting Point: West i-CENTER, 1F', 'https://forms.gle/qoBjbNFwD3Fkh1oQ6', '2023-07-15 06:00:00', '2023-07-15 07:00:00', 60, '2023-05-26 13:28:32.272813', '2023-06-01 06:25:46.680802', 1, 1, 'Curator’s Tour', '', '', '', '', ''),
('5f8e825b-53f5-4541-9e52-2daada092fbf', 'f', 'activity-photo/dW5kZWZpbmVkLTE2ODUxMDcyMzk1NzM=.png', '「崩塌記憶之宮」藝術家座談', '<p>C-LAB 2023年度大展「崩塌記憶之宮」從媒介載體的角度，探索時空錯置下的歷史記憶，並由「文本化的歷史」以及「物質化的記憶」兩條軸線交錯，詰問歷史記憶如何殘留在當代生活中。展覽不僅關注過去發生的事件，更重要的是這些歷史時刻後來發生了什麼，如何被重新詮釋和再利用，成為了另一種形式的文化記憶。展期間將舉辦兩場藝術家座談，邀請國內外參展藝術家與策展人游崴對談，分享他們各自的創作理念與脈絡，場次如下：
<br/><br/><b>&nbsp;▌場次二｜07/15 (SAT) 16:00－17:30
</b><br/>與談者：李勇志、許芝瑜、許哲瑜／陳琬尹、謝詠程
<br/>主持人：游崴
<br/>地點：CREATORS空間102 共享吧
<br/><br/><b>&nbsp;與談人簡介</b>
<br/><b>｜李勇志
<br/></b>畢業於國立臺北藝術大學新媒體藝術碩士班，李勇志從自身自工業區成長經驗出發的在地性、集體加工感的身體記憶出發，思考臺灣在面臨國際化、現代化與個人品味化的對峙之下不可迴返的現狀，探討在此無可奈何的未來之中，藝術如何成為一種懷舊形式的假裝。近期展覽有「日惹雙年展」（2019）、「秘密南方」（2020）、「未至之城─2021亞洲藝術雙年展」（2021）。2022年獲選C-LAB「CREATORS創作／研發支持計畫」並自行策劃各項公眾活動。
<br/><br/><b>&nbsp;｜許芝瑜</b>
<br/>1990年出生於臺灣，畢業於京都市立藝術大學美術學院主修雕塑。許芝瑜從業餘的角度進行研究，對博物館展示物的歷史及其用途提出質疑。經常使用紙黏土、保麗龍、海綿等素材重新配置記憶中博物館的樣貌，並企圖創造一個可以自由拼貼、想像，並有如博物館般的空間，藉由失去功能的博物館場域，帶領觀眾重新觀看物件並隨之展開想像。個展包括「櫃子裡的排列方式」（2023）、「Spiral Maze螺旋狀迷宮」、「扁石與圓石」（2022），聯展包括日本「山原藝術節」（2023）、 「ARTISTS'' FAIR 2021」（2021）、「6.6」（2019）等。
<br/><br/><b>&nbsp;｜許哲瑜
<br/></b>畢業於國立臺南藝術大學造形藝術研究所。曾於HISK比利時高等藝術學院及Le Fresnoy法國國立當代藝術工作室駐村。自2022年開始，參與Rijksakademie阿姆斯特丹皇家視覺藝術學院兩年期的進駐計畫。作品形式多以動畫、錄像、裝置為主。作品關注媒介與記憶之間的關係，對創作者而言，無論是個人私密的或群體記憶，重要的並不只是透過媒介所能回溯的事件歷史，更是記憶如何被建構與被觀看的過程。參與展覽包括聖保羅雙年展、首爾媒體城市雙年展、Sonsbeek公眾項目、Videonale錄像藝術雙年展（2021）、上海雙年展、倫敦設計雙年展（2018）、亞洲藝術雙年展（2017）。
<br/><br/><b>&nbsp;｜陳琬尹</b>
<br/>寫作與研究，曾任《藝術觀點ACT》（2011-2012）、《藝術家》（2014-2017）雜誌編輯與評論書寫，並參與美術館展覽計畫：台北市立美術館展覽《破身影》研究編輯（2017）、國立台灣美術館亞洲藝術雙年展「Phantas.ma/polis」客座評論寫作（2021），近年文章散見《現代美術》、《攝影之聲》。關注藝術實踐與歷史如何書寫、再現、建構的對峙，現為阿姆斯特丹自由大學現代與當代藝術史學系博士候選人。
<br/><br/><b>&nbsp;｜謝詠程</b>
<br/>謝詠程的創作關注身體感知的構成，透過材質、視覺語彙靠近感官，藉由重新書寫不同文本，探索言說框架中的身體感。在相異的途徑中，身體同樣被視為特定情境與脈絡下的產物，當自身的扮演與異質媒材的並置時，身體不再只是被描繪的對象，也被賦予形塑作品的主動性。藝術家透過圖像和文字在不同媒材（體裁）之間的轉換，尋找適度的鬆動，讓文字與身體的渠道通暢。在他的創作中，文本不只被演繹，也被用來建構「自我」，而作品始終是某個版本的自我與外在環境的斡旋。
<br/><br/><b>&nbsp;主持人簡介
<br/>｜游崴
</b><br/>臺灣當代文化實驗場策展人，倫敦大學柏貝克學院人文學暨文化研究博士，關注台灣戰後藝術與視覺文化。曾擔任《典藏．今藝術》雜誌主編與特約撰述。2015年於倫敦大學佩爾茨藝廊策畫展演「射殺鋼琴師：台北噪音場景1990–1995」。2017年與在地實驗共同策畫「破身影」入圍第16屆台新藝術獎。2018年起於C-LAB策畫展演包括「姚瑞中：犬儒共和國」（2020）、「極微輸入：演算音像集」（2022）等，以及2023年C-LAB年度論壇「未來緩慢取消」及年度展覽「崩塌記憶之宮」。&nbsp;</p><p><br/></p><p>▶活動免費參加，名額有限，額滿為止。
<br/>▶填寫表單即代表報名成功，活動前將再寄發提醒通知。因C-LAB信箱易被Gmail判定為垃圾郵件，若沒收到請查看垃圾信箱。
<br/>▶主辦單位保有因應疫情狀況調整與變更活動之權利。</p>', '<p>The 2023 annual exhibition of C-LAB, Memory Palace in Ruins, explores the historical memories in dislocated time and space from the perspective of mediums, with the intersecting themes of “textualized history” and “materialized memories” to interrogate how historical memories remain in the contemporary life. The exhibition focuses on the past events as well as what afterwards happened to the historical moments, and how they were reinterpreted and reutilized, turning into cultural memories in another form.
During the exhibition period, two artist talks will be hosted, with joining artists from home and abroad invited to talk with the curator YU Wei and share how their creative ideas respond to the issues raised in the exhibition. The sessions are as follows:<br/><br/><b>&nbsp;▌Session 2｜07/15 (SAT) 16:00－17:30</b>
<br/>Participants: LEE Yung-Chih, HSU Chih-Yu, HSU Che-Yu/CHEN Wan-Yin, HSIEH Yung-Cheng
<br/>Moderator: YU Wei
<br/>Venue:CREATORS’ Space R102 Coworking Space
<br/><br/><b>&nbsp;Participants
<br/>｜LEE Yung-Chih
<br/></b>Lee Yung-Chih graduated from the Taipei National University of the Arts with a master''s degree in New Media Art. Informed by his own experiences of growing up in an industrial region, Lee''s art centers around two pivotal themes: the significance of locality and the corporeal memory of communal labor in a factory setting. By examining Taiwan''s irrevocable current condition amid globalization, modernization, and individualization of tastes, he explores the way art manifests as veiled expressions of nostalgia when confronted with a helpless future. Prominent recent exhibitions and events featuring his work include the Biennale Jogja in Indonesia (2019), The Secret South: From Cold War Perspective to Global South in Museum Collection (2020) at the Taipei Fine Arts Museum, and Phantasmapolis - the 2021 Asian Art Biennial at the National Taiwan Museum of Fine Arts. In 2022, he was selected to participate in C-LAB’s CREATORS Creation/Support program, where he curated several public events.&nbsp;<br/><span style="color: var(--primary-gray-color);"><br/>&nbsp;</span><b style="color: var(--primary-gray-color);">｜HSU Chih-Yu</b><span style="color: var(--primary-gray-color);">
<br/>Born in 1990 in Taiwan, Hsu Chih-Yu graduated from Kyoto City University of Arts, where she majored in sculpture. The artist’s research questions the history and the use of exhibits displayed in museums from an amateur’s point of view. Often using materials such as paper clay, styrofoam, and sponge to reconfigure the appearance of museums in her memory, Hsu attempts to manufacture a museum-like space where one can freely make collages and unleash the imagination. By employing a non-functional museum setting, Hsu seeks to guide the audience towards re-examining objects and liberating their imaginations regarding them. Her previous solo exhibitions include Cabinet of Permutations (2023), Spiral Maze (2022), A Flat Stone and A Rounded Pebble (2022). Her works are featured in group exhibitions such as Yambaru Art Festival (2023) in Japan, Artists’ Fair 2021 (2021), and 6.6 (2019).
<br/><b><br/>&nbsp;｜HSU Che-Yu
Hsu</b> <br/>Che-Yu received his master’s degree from the Graduate Institute of Plastic Arts at Tainan National University of the Arts, Taiwan. He has previously participated in residency programs at the Higher Institute for Fine Arts (HISK) in Belgium and Le Fresnoy - Studio National des Arts Contemporains in France. In 2022, he began a two-year art residency at Rijksakademie van Beeldende Kunsten in Amsterdam. Hsu’s artistic creations predominantly consist of animations, videos, and installations, with a focus on the relationship between media and memories. For the artist, the history constituted by events that can be traced through media is not of utmost importance. Rather, the processes by which memories are constructed and perceived, whether personal or collective, hold greater significance. Hsu has been included in numerous exhibitions: the Bienal de São Paulo (2021), Seoul Mediacity Biennale (2021), Sonsbeek20→24 Quadrennial Public Program (2021), VIDEONALE.18 (2021), Shanghai Biennale (2018), London Design Biennale (2018), and Asian Art Biennial (2017).
<br/><br/><b>&nbsp;｜CHEN Wan-Yin</b>
<br/>Writer and researcher. She was the editor of Mandarin art magazine Art Critique of Taiwan (from 2011 to 2012) and Artist Magazine (from 2014 to 2017). And she participated in art projects affiliated with museums as writer and editor: Broken Spectre (Taipei Fine Art Museum, 2017) and Phantas.ma/polis (Asian Art Biennale at National Taiwan Museum, 2021). Recent essays are published on Taipei Fine Arts Museum Modern Art, Voices of Photography. Her interests lie in artistic confrontations with the entanglements of coloniality in art historiography. Currently, she is a PhD candidate in modern and contemporary art history at Vrije Universiteit Amsterdam.
<br/><br/><b>&nbsp;｜HSIEH Yung-Cheng
<br/></b>The artistic endeavors of Hsieh Yung-Cheng focus on the elements that constitute physical perception. He addresses sensory experiences by employing textures and visual expressions; he probes corporeality in linguistic frameworks by rewriting different texts. A body understood through different approaches is perceived as a product shaped by specific circumstances and environments. More, when a body’s performing act is contrasted with an assortment of heterogeneous mediums, it is no longer a mere object to be depicted, but instead takes on a role in sculpting the artwork. What the artist looks for is a moderate looseness for words and body to flow amid the process of converting images and texts among different mediums (genres). Within his artistic practice, text extends beyond deduction and interpretation, serving as a vital component in constructing the “self,” as the artwork encapsulates a dialogue between an iteration of the self and the surrounding world.
<br/><br/><b>&nbsp;Moderator<br/>｜YU Wei</b>
<br/>Curator of Taiwan Contemporary Culture Lab (C-LAB), Yu has served as an editor for ARTCO magazine from 2005 to 2007. He obtained his PhD in Humanities and Cultural Studies at Birkbeck (London Consortium), University of London. His research primarily focuses on Taiwan''s art and visual culture in the post-war era. Yu has curated various exhibitions, including Shoot the Pianist: The Noise Scene in Taipei 1990–1995 (2015) at Peltz Gallery in London. He also co-curated Broken Spectre (2017) with ET@T, which was shortlisted for the 16th Taishin Arts Award. Since 2018, Yu has been involved in several curatorial projects at C-LAB, such as Yao Jui Chung – Republic of the Cynic (2020) and Minimal Input: Algorithmic Arts Gathering (2022). Additionally, he has organized the C-LAB forum, A Future Slowly Cancelled, and the C-LAB annual exhibition, Memory Palace in Ruins, both held in 2023.
<br/><br/>▶ Free Admission via Online Registration.
<br/>▶ Upon submission through the Online Registration Form, a seat is reserved for you. A reminder will be sent to your email prior to the event. If you didn’t receive the reminder email, please check your Spam or Junk email.
<br/>▶ The organizer reserves the right to adjust and change the activities according to the epidemic situation.</span></p>', 'CREATORS空間102 共享吧', 'CREATORS’ Space R102 Coworking Space', 'https://docs.google.com/forms/d/e/1FAIpQLSc7zx1iYRByqwUUf6yoCXuwH1pOqVJfQzcVJvoD52_-qJngSg/viewform', '2023-07-15 08:00:00', '2023-07-15 09:00:00', 100, '2023-05-26 13:20:40.223801', '2023-06-01 03:42:09.90217', 9, NULL, 'Memory Palace in Ruins｜Artist Talk', '', '', '', '', ''),
('62f3fd16-fb82-4a2c-a411-f3071467384d', 'f', 'activity-photo/dW5kZWZpbmVkLTE2MzM0OTQ2OTk2MDA=.jpeg', '科技藝術的想像工程——Playaound工作坊｜陳美璇、蔡宏賢', 'Playaround自2008年由一群藝術家與學者所組成，關注數位文化與數位創作，於臺灣進行各種科技藝術等實驗性跨域的創作工作坊。Playaround認同FLOSS（Free/Libre and open source software）自由、開放與分享的核心精神，本質上在於推助年輕的創作者，觀察並思考數位文化的變化，並從課程的技巧與啟發中尋找創作的意義與能量。Playaround 歷年以獨特的主題包含：2008 玩趣創意工作坊（playaround）、2009 科技遊民（Tech Nomad）、2010文化培養皿（DIWO culture）、2012太空殖民（Space Colonization）、2018後科幻（Post Science Fiction）等，邀請國際重要藝術家講師授課交流，分享重要趨勢的媒體工具實作，跨域協同實驗創作，為培育科技藝術創作與臺灣科技藝術發展奠定重要基礎。本次講座將邀請陳美璇與Playaound工作坊策畫人蔡宏賢來聊聊Playaround的精神與想像。', 'Founded in 2008, Playaournd comprises a group of artists and scholars who pay extra attention to digital culture and digital creation. It has organized creative workshops on experimental and transdisciplinary techno-art around Taiwan. Identifying with the spirit of FLOSS (Free/Libre and open source software), Playaround galvanizes young creators to observe and contemplate the changes in digital culture, and meanwhile find their raisons d’être for artistic creation from the techniques and inspirations they acquired from the workshops. Over the past years, Playaournd has introduced specific themes and invited internationally influential artists to teach and exchange ideas with the participants, and share the practice of trendy media tools and transdisciplinary collaborative experimental works, which ergo laid a solid foundation for the creation and development of techno-art in Taiwan. This talk invites Vanessa CHEN and the planner of Playaround workshop Escher TSAI to talk about the spirit and imagination of Playaround.', '西服務中心｜2樓（請事先報名）', 'West i-CENTER, 2F (Advance registration is required.)', 'www.accupass.com/go/clab-PA', '2021-11-18 11:00:00', '2021-11-18 12:00:00', 30, '2021-09-30 03:29:49.451485', '2021-12-21 07:46:22.438931', 5, 9, 'Let''''s Play Around! ｜Vanessa CHEN, Escher TSAI', 'null', 'https://reurl.cc/l5KqLq', NULL, NULL, NULL),
('64f0b1b0-1aef-47db-85e2-46e3828803fb', 't', 'activity-photo/dW5kZWZpbmVkLTE2MzM0OTE4NzQyNDM=.jpeg', '為何包浩斯會愛上TouchDesigner｜Stefan KRAUS', '包浩斯向來被視為是二十世紀最具影響力的藝術教育機構，亦為現代性的重要先驅。最近剛慶祝建校百年的包浩斯，再次彰顯出這項獨特藝術計畫的全球影響力，儘管它只持續十四年就遭到納粹政府終止。
在這場講座中，Stefan KRAUS提出一個假設，說明他認為包浩斯的成員為何會愛上TouchDesinger之外，也將說明他如何仍可從一百多年前的原創想法中找到靈感。包浩斯經常被誤解為一種風格，事實上，它是由許多才華洋溢的個人和廣泛的想法所組成，這些想法並不總是一致的，甚至有時候會在學校內引發激烈的討論。
儘管如此，我們仍可從中辨識出三個階段，以及它們如何與視覺程式設計環境產生共鳴，這種共鳴不僅是哲學上的，更是作為許多TouchDesigner使用者個人學習途徑的類比。
首先是以往相互分離的藝術學科融合成為「整體藝術」（Gesamtkunstwerk），一種沉浸式、無所不包的藝術作品——驅動著深受表現主義影響的早期包浩斯。後來，這種實驗性手法透過要求「藝術與科技的新統一」，從傳統工藝的理想轉向具社會意識的工業化大規模生產技術應用，為現代產品設計與建築奠定了基礎。最後，這所學校決定繼續將其「國際風格」推廣至全球。
歸根究柢，我們必須承認，許多「新」媒體藝術作品所體現的想法，早在百年前就已經被概念化，但是我們直到現在才有方法實現當時的遠見。由此產生的一個問題是：我們能為下一個一百年提供什麼樣的遠見？', 'The BAUHAUS is considered to be the most influential art school of the 20th century and an important forerunner of modernity. The recent centennial of the Bauhaus’ founding has highlighted once more the global influence of a unique educational project that lasted a mere 14 years, before being closed by the Nazi government.
In this talk, Stefan KRAUS outlines his hypothesis that the Bauhaus’ protagonists would have loved TouchDesigner and how he still finds inspiration in ideas that were original more than 100 years ago. Often mistaken as a style, the Bauhaus was in fact composed of many talented individuals and a wide range of ideas that were not always coherent and in some cases controversially discussed within the school.
Nevertheless, we can identify three phases and how they resonate within the visual programming environment, not only in terms of philosophy but also as an analogy to the personal learning paths of many TouchDesigner users.
Firstly, the fusion of previously separated disciplines of art into a “Gesamtkunstwerk” an immersive, all encompassing artwork—was a driving force for the early Bauhaus, one deeply influenced by expressionism. This experimental approach later made way for modern product design and architecture by demanding a “new unity of art and technology” which moved away from an ideal referring to traditional craft and towards the socially conscious application of industrial mass production techniques. Lastly, the resolution of the school would go on to drive the global spread of the “International Style”.
Ultimately, it is pertinent to acknowledge that many of the ideas embodied in “new” media artworks were conceptualized more than a century ago yet only now do we have the means to realize these visions, thus posing the question: what vision can we provide for the next 100 years? ', '「C-LAB 科技媒體實驗平台」臉書直播（無須報名）', 'Live streaming on Facebook Page of C-LAB Technology Media Platform (advance registration is NOT required.)', '', '2021-11-07 11:00:00', '2021-11-07 12:00:00', 50, '2021-09-30 03:41:43.95256', '2022-12-09 03:00:55.716159', 4, 7, 'Why the Bauhaus Would Have Loved TouchDesigner｜Stefan KRAU', '', 'https://reurl.cc/OkNaxg', '備註', '', ''),
('6cde97f5-fce8-427c-84ce-72825ff61d4e', 'f', 'activity-photo/dW5kZWZpbmVkLTE2MzM0OTUxNzU0OTE=.jpeg', '新媒體藝術實踐——認同、性別與身體性｜李紫彤、林安琪［Ciwas Tahos］、張晏慈、陳美璇（主持）', '2021年世界經濟論壇「全球性別差距調查」（Global Gender Gap Report），資訊軟體產業領域，只有31%的專業人員是女性。而在重視性別平權的臺灣，會不會女性科技藝術創作者的人數占比是呈現逐年上升的趨勢？ 
張晏慈以程式編寫聲響實驗裝置、李紫彤利用虛擬貨幣翻轉疾病價值、林安琪〔Ciwas Tahos〕視覺化軟體遊走個人與族群世界觀虛實跨界。三位新生代藝術家為數位媒材注入的敘事魅力，讓人不禁思考臺灣科技藝術領域，女性很可能不再是較弱勢的一群？ 
本次論壇可被視為Processing社群日的「女性專場」。來聽聽三位藝術家的軟體創作經驗、對於程式的看法，以及他們如何突破性別框架、超越傳統二元劃分，針對社會、政治、性別認同等議題，提出批判性的前衛試驗。', 'According to the World Economic Forum’s Global Gender Gap Report 2021, women accounted for only 31% of the professionals in the information and software industry. We may wonder whether the percentage of women techno-art practitioners would show an upward trend annually in Taiwan where gender equality is highly valued.
CHANG Yen-Tzu creates sound experimental installations by coding, LEE Tzu-Tung alters the value of diseases with virtual currency, and Anchi LIN [Ciwas Tahos] shuttles between personal and collective worldviews as well as between the real and the virtual by means of visualization software. The three new-generation artists infuse digital media with enchanted narratives, which prompts us to ask the question as to whether women are probably no longer disadvantaged in the field of techno-art in Taiwan.
This forum can be deemed “women’s exclusive” on the Processing Community Day in Taiwan. Please join us and listen to their software-based creative experiences, their views about coding, and how they transcend the rigid confines of gender binary and design critical, avant-garde experiments on the issues concerning society, politics, and gender identity.', 'CREATORS空間102 共享吧（現場參加請事先報名）', 'CREATORS’ Space R102 Coworking Space (Advance registration is required.)', 'www.accupass.com/go/clab-pcd-taiwan', '2021-10-24 06:00:00', '2021-10-24 08:00:00', 65, '2021-09-30 03:27:30.288916', '2021-12-21 07:43:12.492741', 3, 6, 'New Media Art Practice—Identity, Gender, and Corporeality｜LEE Tzu-Tung, Anchi LIN [Ciwas Tahos], CHANG Yen-Tzu, Vanessa CHEN (Moderator)', 'null', 'https://reurl.cc/1oLNEp', NULL, NULL, NULL),
('70ab908f-ba0c-42e2-ada9-ea5f45933fef', 'f', 'activity-photo/dW5kZWZpbmVkLTE2MzM0OTMyNjQ3NDI=.jpeg', '液式流（程度：初–中階）｜廖子宏', '這次的工作坊主要是介紹液體流動所產生的軌跡視覺效果，並以TouchDesigner中的feedback元件作為主軸去實踐這樣的視覺概念。而課程名稱「液式流」所涉及的視覺概念，主要是專注於如液體滴落在表面上緩緩流淌下來的延伸軌跡視覺呈現。本次工作坊在課程內容設計上會分為三階段，首先會從簡單介紹TouchDesigner開始、稍微熟悉一下操作介面。接著在第二階段中會繼續介紹TouchDesigner中feedback元件與概念解說、透過範例來練習實作與嘗試。最後的階段將會進入本次工作坊液態流動的視覺效果實作，會一步步帶領學員們從無到有利用TouchDesigner內基礎元件去實際創作出1～2個液態流動的視覺呈現，最後留下時間讓學員們進行Q&A與延伸創作。', 'Revolving around the visual effect of liquid’s flowing trajectory, this workshop utilizes “feedback” in TouchDesigner to embody such a visual concept. Titled “Liquid Flow,” this workshop aims to visualize the trajectory of liquid that flows slowly downward onto the surface. This workshop proceeds in three phases. The first phase is a brief introduction to TouchDesigner, which allows the participants to get a basic understanding of the user interface. The second phase explains “feedback” in TouchDesigner and provides examples for the participants to try some exercises. The third phase requires the participants to use TouchDesigner to create the visual effect of flowing liquid. The lecturer will guide the participants to generate one or two visual effects of flowing liquid step by step from starch. In the end, there will be some time left for a Q&A session and extended creation.', '西服務中心｜2樓（請事先報名）', 'West i-CENTER, 2F (Advance registration is required.)', 'www.accupass.com/go/clab-TD', '2021-11-05 07:00:00', '2021-11-05 09:00:00', 30, '2021-09-30 03:36:54.738784', '2021-10-12 10:21:38.581599', 4, 8, 'Liquid Flow (Level: Beginner-Intermediate)｜Katherine LIAO', 'null', NULL, NULL, NULL, NULL),
('7775e5b4-b219-4612-85f6-887938c1c2ce', 'f', 'activity-photo/dW5kZWZpbmVkLTE2ODQ4MzAwNTAwMDM=.png', '《民主聖殿》工作分享會 ', '<p>C-LAB 2023年度大展「崩塌記憶之宮」參展計畫《民主聖殿》，是由藝術家、建築師、與眾多協作者，共同在C-LAB戰情大樓前廣場，以協力造屋的模式搭建起來的戶外建築裝置。</p><p>《民主聖殿》的造型發想，源自一座在318運動期間，抗爭者以廢棄物製作的「帕德嫩神殿」模型，然而，這座模型在運動退場之後，漸漸變得扭曲變形。藝術家遂協同建築師設計師，將這座瀕臨倒塌的神殿，重新設計為實體的臨時聚會所，並集結昔日參與運動的抗爭者，將這座「民主聖殿」真的搭建起來。</p><p>《民主聖殿》的工作團隊，最終包含了藝術家、建築師、表演者、社運工作者、以及公開招募而來的志願者，形成一個由成員背景混雜的臨時群體。團隊成員亦在建造過程中，交流了各自領域的工作方法、以及對於空間和活動的未來想像。本場工作分享會，將邀請《民主聖殿》工作團隊成員，共同討論空間成形的過程與想法，並分享醞釀中的展期活動規劃。</p><p><br/></p><p><strong>時間：07/15（SAT）18:30-20:00<br/></strong><strong>地點：戰情大樓前廣場<br/>*無需報名，免費參加<br/></strong></p><p>&nbsp;</p><p><strong>講者簡介｜《民主聖殿》工作團隊</strong><br/>《民主聖殿》工作團隊的組成包含視覺藝術、建築、社運、表演藝術、電影等多種領域之工作者，嚴格來說也不算是一個團隊，就是在《民主聖殿》計畫中，因共同工作、勞動、聊天交流而形成的一個臨時群體，成員包含：廖烜榛、黃奕捷、王子瑞、蔡承延、李佳樺、楊子瑄、許宗仁、陳憶玲、林欣怡、梁家瑋、鄧尚緯、楊婕琳、韓佳倢、Rama Saputra、鄭宇焱、曾伯豪、郭柏彥、林盈潔、蔡中岳、陳詩婷、李慈湄、林于玄、熊元培、張文華、楊浤淵、林揆鈞、李若慈、李珮瑜、李旭彬、陳君典、曾于軒、羅仕東、陳世瑋、林暐翔、蘇唯瑄、巫宛蓉、白永馨、陳玥靜。</p><p>&nbsp;</p><p>▶無需報名，免費參加。<br/>▶主辦單位保有因應疫情狀況調整與變更活動之權利。</p>', '<p>The participating project of C-LAB 2023 annual exhibition Memory Palace in Ruins, <i>The Parthenon</i>, is an outdoor installation at the Political Warfare Building Square, constructed by a cooperative self-build group composed of artists, architects, and various collaborators.</p><p>The countenance of <i>The Parthenon</i> comes from the model of The Parthenon in Athens built by activists with waste materials during the Sunflower Student Movement, which was gradually disfigured after activists retreated from the street. The artists then collaborated with the architects to redesign the almost collapsed Parthenon and establish an actual temporary assembly hall of the democratic temple with the engagement of the once activists of Sunflower Student Movement.</p><p>The team of <i>The Parthenon</i> finally includes artists, architects, performers, social movement workers, and volunteers recruited from an open call, forming a provisional group made up of members from multiple backgrounds. They exchange work methods as well as imagination about the space and events at the time of establishment. The share-and-tell session will invite the team members of <i>The Parthenon</i> to discuss the ideas and process of space creation while sharing the scheduled events during the exhibition period with attendees.</p><p>&nbsp;</p><p><strong>Time: 07/15（SAT）18:30－20:00</strong><br/><strong>Venue: Political Warfare Building Square</strong></p><p><strong>*Free Admission and No Registration Required.</strong></p><p><strong>&nbsp;</strong></p><p><strong>Participants<br/></strong><strong>｜Core Creative Team of&nbsp;<em>The Parthenon<br/></em></strong>The team of <i>The Parthenon</i> consists of workers from fields of visual art, architecture, social movement, performing arts, and film. Strictly speaking, it is more like an interim group rather than a work team, taking shape through collaborating, laboring and chatting during the execution of the project <i>The Parthenon</i>, including LIAO Xuan-Zhen, HUANG I-Chieh, WANG Zhi-Ray, TSAI Cheng-Yen, LEE Chia-Hua, YANG Tzu-Hsuan, HSU Tsung-Jen, Yiling CHEN, LIN Hsin-I, LIANG Chia-Wei, Wayne TENG, YANG Chieh-Lin, HAN Chia-Chieh, Rama Saputra, CHENG Yu-Yen, TSENG Po-Hao, KUEH Peu-Gān, LIN Ying-Chieh, TSAI Chung-Yueh, Vice City, LI TziMei, Zona, SIUNG Yun-Pei, CHEUNG Man-Wah, Franki, YANG Hung-Yuan, LIN Quei-Chun, Etta LEE, Annie LEE, LEE Hsu-Pin, CHEN Chun-Tien, Posak Jodian, LO Shih-Tung, Sophie CHEN, LIM Wei Xiang, SU Wei Hsuan, Winnie WU, Sho PIE, CHEN Yueh Jing.</p><p><strong><em>&nbsp;</em></strong></p><p><strong>&nbsp;</strong></p><p>▶ Free Admission and No Registration Required.<br/>▶ The organizer reserves the right to adjust and change the activities according to the epidemic situation.</p>', '戰情大樓前廣場', 'Political Warfare Building Square', '', '2023-07-15 10:30:00', '2023-07-15 12:00:00', 100, '2023-05-23 08:20:50.867739', '2023-06-26 02:25:27.720612', 8, NULL, 'The Parthenon Share-and-Tell Session｜Core Creative Team of The Parthenon', '', '', '', '', ''),
('7a8f2ede-d9cc-49fb-aa0a-5c206fd43db1', 'f', 'activity-photo/dW5kZWZpbmVkLTE2MzM0OTU4ODYwNjE=.jpeg', 'Processing x開放資料x資料視覺化（程度：進階）｜王連晟', '本工作坊將由王連晟帶領，透過分析及網頁資料的抓取，學員們可以使用簡單的方式取得想要的網路資料。配合數學公式及演算法，在工作坊的最後產出一資料視覺化的作品。 

請注意：本工作坊需有Processing或是p5.js基礎。', 'Led by WANG Lien-Cheng, this workshop instructs the participants to analyze and retrieve data from webpages, so as to easily obtain the information they need from the Internet. Each participant is required to utilize mathematical formulas and algorithms to produce a work of data visualization at the end of the workshop.

Please Note: This workshop entails a basic knowledge about Processing or p5.js.', 'CREATORS空間102 共享吧（本活動不會於臉書同步直播，請事先報名。）', 'CREATORS’ Space R102 Coworking Space (This talk will NOT be streamed on the Facebook page. Advance registration is required.)', 'www.accupass.com/go/clab-pcd-taiwan', '2021-10-23 06:00:00', '2021-10-23 10:00:00', 65, '2021-09-30 03:24:16.083871', '2021-10-12 10:25:14.633644', 3, 4, 'Processing x Open Data x Data Visualization (Level: Advanced)｜WANG Lien-Cheng', 'null', NULL, NULL, NULL, NULL),
('7f147c69-697e-4276-89a8-53dc47a56fec', 'f', 'activity-photo/dW5kZWZpbmVkLTE2MzM0OTQwMDc4ODI=.jpeg', 'TouchDesigner——視覺發展20年｜Markus HECKMANN', '2021年的C-LAB未來媒體藝術節中，Markus HECKMANN將介紹TouchDesigner開發過程背後的核心概念與靈感，並追溯這套超過二十年歷史的軟體從最初作為VJ的工具到現今諸多層面的應用。
TouchDesigner的開發旨在為藝術家與相關開發者提供一個環境，讓他們在創造體驗與應用程式的過程中探索有趣的發現，並讓原本可能是一種障礙的科技容易上手。在這個使命下，Derivative建立了一個具有協同運作性的平台，藉由一個工作流程，將通常從原型階段開始的想法付諸實現，演變為成熟的產品。考量Derivative社群正在進行的工作，其任務不只是為未來提供工具集，更須確保這個工作流程是平易近人，且符合視覺開發典範的整體模式。', 'On the occasion of the C-LAB Future Media Art Festival 2021 in Taipei, Taiwan, Markus HECKMANN will introduce the core concepts and inspirations behind the development of TouchDesigner tracing the over 20-year history of the software back to its roots as a tool for VJs to the many faceted applications today.
The development of TouchDesigner is aimed at providing artists and developers alike with an environment that allows the creation of experiences and applications with a sense for playful discovery and easing the use of technology that might otherwise present a hurdle to the community. With that directive, Derivative has found itself to work on a platform of interoperability, spanning the gap from idea to realization with a workflow that often starts at a prototyping stage but quickly evolves into full-fledged productions. Taking into considerations the work Derivative’s community is undertaking, Derivative’s task is not only to provide toolsets for the future but also make sure that workflows are approachable and fit the overall pattern of the visual development paradigm.', '「C-LAB 科技媒體實驗平台」臉書直播（無須報名）', 'Live streaming on Facebook Page of C-LAB Technology Media Platform (advance registration is NOT required.)', '', '2021-11-03 11:30:00', '2021-11-03 12:30:00', 50, '2021-09-30 03:33:20.503854', '2021-12-21 07:44:09.992587', 4, 7, 'TouchDesigner—20 Years of Visual Development｜Markus HECKMANN', 'null', 'https://reurl.cc/pxbeR4', NULL, NULL, NULL),
('811b2aa9-f437-4c2d-b354-cd6f01d38ce0', 't', 'activity-photo/dW5kZWZpbmVkLTE2MzM0OTU5OTc0MzI=.jpeg', '創意程式設計——Processing／p5.js教學與趨勢觀察｜王連晟、吳哲宇', '2001年由Ben FRY與Casey REAS發起，Processing是一套結合藝術與程式的開源程式語言，它讓學習者以直覺化、視覺化的方式表達創意。2014年Lauren MCCARTHY創造p5.js，將畫布擴展至網路瀏覽器，建立支持社群、降低學習門檻，吸引更多人進入創意程式設計Creative Coding的領域。
此次講座邀請臺灣深耕Processing / p5.js教學的王連晟與吳哲宇進行對談，分享對於新媒體互動程式創作的趨勢觀察，以及他們是如何發展個人的教學系統，整合程式、數學、設計與藝術創作，引導初學者探索創意程式設計的無限可能。', 'Initiated by Ben FRY and Casey REAS in 2001, Processing is an opensource programming language that combines art with codes. It allows users to express their creativity in an intuitive and visualized way. In 2014, Lauren MCCARTHY created p5.js, which extended the canvas onto the web browser and attracted more people into the field of creative coding by establishing supporting communities that reduce the barriers to learning coding.
This talk invites WANG Lien-Cheng and WU Che-Yu who have long experience in teaching Processing and p5.js to exchange their observations of future interactive programming in new media creation and their respective approaches to developing personal teaching systems that guide the beginners to explore the infinite possibilities of creative coding by integrating coding, mathematics, design, and artistic creation.', '「C-LAB 科技媒體實驗平台」臉書直播（無須報名）', 'Live streaming on Facebook Page of C-LAB Technology Media Platform (Advance registration is NOT required.)', '', '2021-10-22 02:30:00', '2021-10-22 03:30:00', 50, '2021-09-30 03:21:40.90821', '2021-12-21 07:41:15.314029', 3, 3, 'Creative Coding—Observations of the Teaching and Trends of Processing/p5.js｜WANG Lien-Cheng, WU Che-Yu', 'null', 'https://reurl.cc/L7xKLa', NULL, NULL, NULL),
('8d157b66-ebd6-4177-8805-4315eea62759', 'f', 'activity-photo/dW5kZWZpbmVkLTE2ODI0MTc0NjgwNDM=.jpeg', 'FUTURE VISION LAB ＠花創 未來視覺派對', '本次於花蓮展演現場將舉辦以「未來視覺」為想像的沉浸派對，在具歷史感的大型倉庫中進行沉浸音像的實驗！演出陣容匯集 FUTURE VISION LAB 合作藝術家們一同共襄盛舉，邀請張欣語、吳秉聖、黃偉Ｘ鄭道元、趙珮妤、黃子祐Ｘ范球，帶領觀眾沉浸在藝術家們現場LIVE創作與建築的歷史氛圍中，創造一場屬於花創的視聽饗宴。', 'none', '花蓮文化創意產業園區', 'hualien1913', '', '2023-04-25 16:00:00', '2023-05-03 15:59:59', 10, '2023-04-25 10:11:08.991764', '2023-05-02 18:15:16.052075', 7, 11, 'FUTURE VISION LAB @PARTY', 'https://clab.org.tw/events/future-vision-lab-2022hl/', '', '飲食習慣（葷食、素食）', '', ''),
('93cbe058-fd38-4a18-a65e-cb7a9c18fab8', 'f', 'activity-photo/dW5kZWZpbmVkLTE2MzM0OTc5MDMwNTQ=.jpeg', '溢出的未來認知：藝術與科技倫理｜吳達坤、林映彤、蔡宏賢', '本講座邀請林映彤與「C-LAB未來媒體藝術節」兩位策展人吳達坤及蔡宏賢，從參展作品來談論科技如何滲入我們的生活？觸及哪些層面？人類又如何從中察覺它所引發的社會與認知關係？', 'This talk invites LIN Ying-Tung and the two curators of the C-LAB Future Media Arts Festival—WU Dar-Kuen and Escher TSAI—to discuss how technology infiltrates into our quotidian existence, what aspects it implicates, and how we discern the social and cognitive relations it fosters.', 'CREATORS空間102 共享吧（現場參加請事先報名）', 'CREATORS’ Space R102 Coworking Space (Advance registration is required.)', 'www.accupass.com/go/clab-fmaf-events', '2021-10-30 06:00:00', '2021-10-30 07:00:00', 65, '2021-09-30 03:10:12.836096', '2021-12-21 07:47:45.267605', 2, NULL, 'Overflowing Future Cognition: Ethics of Art and Technology｜WU Dar-Kuen, LIN Ying-Tung, Escher TSAI', 'null', 'https://reurl.cc/embK4m', NULL, NULL, NULL),
('94effd89-0389-4b0c-8529-ccb541aa744a', 't', 'activity-photo/dW5kZWZpbmVkLTE2MzM0OTY0NDE5MDU=.jpeg', '歐噴麥', '發源自MIT媒體實驗室，Processing走出學院，在設計、藝術、程式、科技、教育等領域開枝散葉。跳脫圖形繪製開源程式工具之操作型定義，Processing的包容性格，帶給人們更多的想像與反思，激勵我們思考如何以程式改變未來，建立與自己、與他人更友善的共存關係。
本次活動邀集多位新銳藝術家、設計師、教育工作者，採Open Mic形式分享個人近期計畫，開放討論「為什麼要使用程式？」、「程式可以揭露、改變或影響什麼？」、「程式對於人的意義？」等跨域議題。除了呼應未來媒體藝術節教育推廣系列活動的核心主旨——「多樣性」與「開放想像」外，也回應Processing Community Day的行動主義與多元社群，嘗試建構具包容性、延展性的臺灣科技媒體生態系。', 'Developed in the MIT Media Lab, Processing has been applied beyond the scope of academia to the fields of design, art, coding, technology, and education. Processing surpasses the operational definition of open source programming for graphic drawing. It is inclusive, which is why it stimulates greater imagination and deeper reflection, and galvanizes us to ponder about how, by means of coding, we can change our future and establish a more harmonious relationship with others.
This event invites several emerging artists, designers, and educators to share their recent projects in the form of Open Mic. They will also discuss transdisciplinary issues such as “why coding,” “what coding can expose, change or affect,” as well as “the significance of coding to humanity.” It not only echoes “diversity” and “open imagination”—the objectives of C-LAB Future Media Arts Festival’s events, but also responds to activism and pluralistic community underscored by the Processing Community Day, insofar as to construct an inclusive and resilient ecosystem of technological media in Taiwan.', '「C-LAB 科技媒體實驗平台」臉書直播（無須報名）', 'Live streaming on Facebook Page of C-LAB Technology Media Platform (advance registration is NOT required.)', '', '2021-10-21 10:30:00', '2021-10-21 12:30:00', 100, '2021-09-30 03:20:26.362458', '2021-12-21 07:42:42.259624', 3, 6, 'Open Mic', 'null', 'https://reurl.cc/73AzL9', NULL, NULL, NULL),
('a09637b4-87c9-4e41-a12d-aab44d349a9b', 't', 'activity-photo/dW5kZWZpbmVkLTE2MzM0OTY3OTk4NzQ=.jpeg', '用其他函式庫拓展p5.js的創造力｜田所淳', 'p5.js的基礎是圖形繪製與動態化，配備各種供創意程式設計使用的功能，例如加載圖像與影片，使用滑鼠與鍵盤進行互動，以及聲音輸入與輸出。然而，我們也可以透過增加外部函示庫，進一步擴充其功能。在這場講座中，田所淳將介紹用函示庫擴充p5.js的各種實例。', 'p5.js is based on drawing and animating shapes, and is equipped with various functions for creative coding, such as loading images and videos, interaction using a mouse and keyboard, and audio input and output. However, by adding external libraries, it is possible to further extend its functionality. In this talk, I will introduce various examples of extending p5.js with libraries.
', '「C-LAB 科技媒體實驗平台」臉書直播（無須報名）', 'Live streaming on Facebook Page of C-LAB Technology Media Platform (Advance registration is NOT required)', '', '2021-10-20 09:00:00', '2021-10-20 10:00:00', 50, '2021-09-30 03:17:53.452978', '2021-12-21 07:40:29.51395', 3, 3, 'Expand Creativity of p5.js with Other Libraries｜Atsushi TADOKORO', 'null', 'https://reurl.cc/MkmKGm', NULL, NULL, NULL),
('a0e521fc-cb9c-4088-824a-fa2695dace25', 't', 'activity-photo/dW5kZWZpbmVkLTE2MzM0OTI3Mjg1MjM=.jpeg', 'TouchDesigner的音像藝術｜Bileam TSCHEPE', '在這場講座中，Bileam TSCHEPE將簡述其音像創作，並針對音像作品所採用的數位藝術手法提供一些見解。
Bileam TSCHEPE首先將透過個人背景介紹，讓大眾對他有初步的了解。接著他將解釋使用TouchDesigner的理由，以及讓TouchDesigner成為一種強大工具的因素。此外，他也將以自己的計畫為例，闡明如何創作音樂影片、如何融合聲音與音頻，以及如何創造適合音樂輸入的衍生藝術。講座最後，將開放Q&A讓觀眾針對其作品進行提問。', 'This presentation aims to give an overview of the audiovisual work of Bileam and to offer some insight into his approach to digital art with focus on audiovisual projects.
Bileam will start by giving an overview of his background and describing his freelance work. He’ll then explain why he’s using TouchDesigner and what makes it such a powerful tool. Furthermore, he’ll give some insight into how he creates music videos, how to fuse sound and audio and how to create generative art that fits to musical input, using his own projects as examples. After the presentation, Bileam will answer any questions regarding his work.', '「C-LAB 科技媒體實驗平台」臉書直播（無須報名）', 'Live streaming on Facebook Page of C-LAB Technology Media Platform (advance registration is NOT required.)', 'www.accupass.com/go/clab-TD', '2021-11-05 11:00:00', '2021-11-05 12:00:00', 50, '2021-09-30 03:37:47.114823', '2021-12-21 07:44:39.83793', 4, 7, 'Audiovisual Art in TouchDesigner｜Bileam TSCHEPE', 'null', 'https://reurl.cc/L7xKo9', NULL, NULL, NULL),
('ad8972e4-46f8-4a35-b200-b374c6b142d7', 'f', 'activity-photo/dW5kZWZpbmVkLTE2MzM0OTIxNTMzNjc=.jpeg', 'TouchDesigner：數位內容的通用集線器（程度：進階）｜陳品辰', '2020年代的當下，做為一個數位創意內容的生產者，你要面對的可能是多采多姿的媒材，諸如各類資料集、機械動力、投影制御、燈光控制、遊戲引擎、感測器資訊、追蹤裝置、視覺辨識、深度學習等。 
有時你可能會在這些多樣的選擇中迷失、找不到一個通用的語言去讓它們交互溝通、進而重複地在作品的創造路徑中，為服務作品而生產工具。
TouchDesigner提供你了一個很好的選擇，在無限多樣的可能性中，用同一種技能來讓所有事物進入你用於創作的畫具箱中。 
無論是具象的視覺橋接，或是抽象的資料轉譯、又或是使用聲光動力將它們在物理空間中呈現，相信你會驚訝於TouchDesigner作為其中的樞紐的能力。', 'In the 2020s, a digital creative content producer is confronted with multifarious media, such as datasets, kinetic machinery, projection control, lighting control, game engine, sensor information, tracing equipment, visual identification, and deep learning.
Sometimes you may get lost amid these dazzling choices and find no common language for their intercommunication, and ergo keep producing tools at the service of the works during the creative process. Among the infinite possibilities, TouchDesigner is a great choice for you to integrate everything into your work with simply one technique.
Be it figurative visual bridging, abstract information translation, or the presentation of sound, light and force in the physical space, you will be amazed at the capability of TouchDesigner as a hub for integration.', '西服務中心｜2樓（請事先報名）', 'West i-CENTER, 2F (Advance registration is required.)', 'www.accupass.com/go/clab-TD', '2021-11-07 07:00:00', '2021-11-07 10:00:00', 30, '2021-09-30 03:40:45.243295', '2021-10-06 03:49:14.217349', 4, 8, 'TouchDesigner: The Universal Hub (Level: Advanced)｜Yea CHEN', NULL, NULL, NULL, NULL, NULL),
('b396c929-ed43-40bc-a7bd-5e450a53e86c', 'f', 'activity-photo/dW5kZWZpbmVkLTE2ODQ4OTY4MDg2ODg=.png', '「崩塌記憶之宮」團體預約導覽', '<p>申請流程：</p><p>&nbsp;1. 請於導覽日5個工作天前，填寫👉🏻<a href="https://forms.gle/K6cXWCKt1axovmp2A" target="_blank">預約申請表</a>。<span style="color: var(--primary-gray-color);">C-LAB將視當日解說人力，依申請時間順序作為審核依據。</span></p><p>&nbsp;2. C-LAB將於申請後5個工作天內完成審核，並以電子郵件或電話回覆是否申請通過。</p><p><br/></p><p>&nbsp;提醒事項：&nbsp;</p><p>1. 展覽開放時間為：週二至週日12:00-19:00，周一休館 。&nbsp;</p><p>2. 一場導覽時長約60分鐘，預約導覽最早入場時間為12:00，最晚入場時間為17:30</p><p>3. 本團體導覽為免費服務，每日可接受申請之場次有限，依申請先後順序處理之。&nbsp;</p><p>4. 申請團體如為18歲以下孩童或學生等團體，申請單位至少須有一名以上成年人全程陪同導覽行程。&nbsp;</p><p>5. 團體導覽預約最少人數為5人。&nbsp;</p><p>6. 如申請單位因故不克出席或欲取消、更改預約解說服務，最遲請於導覽日前3天來電或來信告知。未於限期內取消者，將停止該申請人預約申請之權利。&nbsp;</p><p>7. 本園區未開放停車，請多利用大眾運輸工具。&nbsp;</p><p>8. C-LAB保留任何導覽申請變更權利。&nbsp;</p><p><br/></p><p>&nbsp;如有疑問，請來信洽詢孫小姐：yungchen@clab.org.tw</p>', '<p>Group guided tours are available by reservation 👉🏻<a href="https://forms.gle/K6cXWCKt1axovmp2A" target="_blank">Make a reservation online</a>.</p>', '西服務中心集合', 'Meeting Point： West i-CENTER, 1F', 'https://forms.gle/jHritxXUDP48JRE4A', '2023-06-08 16:00:00', '2023-08-12 15:59:59', 60, '2023-05-24 02:53:29.943005', '2023-06-01 03:09:39.923597', 1, 2, 'Group Guided Tour', '', '', '', '', ''),
('b3d61f7d-cadd-44b3-a858-21d8f82a3a30', 't', 'activity-photo/dW5kZWZpbmVkLTE2MzM0OTQ4MjEwNDI=.jpeg', 'p55p（poetry詩性、people人民、politics政治、pedagogy教育和Processing程式語言）｜林心瑜、林書漾、郭銳文、詹媛安、吳冠儒（主持）', 'p5.js/Processing作為一種開源的程式語言，其核心價值為何？p5.js又與Processing有什麼不同?被稱為p5.js/Processing創作者的意義又是什麼？本次論壇將從poetry（詩性）、people（人民）、politics（政治）、pedagogy（教育）和 Processing（程式語言）的多重觀點出發，由吳冠儒擔任主持，邀請林心瑜、林書漾、郭銳文與詹媛安四位創作者及教育工作者，聊聊接觸到p5.js/Processing的契機，以及與p5.js/Processing埋下的心結如何成為個人的創作實踐。藉由講者的分享和討論，引領大眾了解創意程式（creative coding）所能帶來的議題關注、探索、表現和改變。', 'What is the core value of p5.js and Processing as open source programming languages? What are the differences between p5.js and Processing? What does it mean by a creator using p5.js or Processing? Hosted by WU Kuan-Ju and starting from the multiple perspectives of poetry, people, politics, pedagogy, and Processing, this forum invites four creators and educators, including Xin Xin, LIN Shu-Yang, Raven Kwok, and CHAN Yuan-An, to discuss their encounter with p5.js/Processing and how they transform this encounter into their personal creative practice. By virtue of their experience sharing and discussion, this forum gives the audience a better understanding of the issue focus, exploration, expression, and changes resulted from creative coding.', '線上活動（無須報名，活動將於「C-LAB 科技媒體實驗平台」臉書同步直播）', 'Live streaming on Facebook Page of C-LAB Technology Media Platform (advance registration is NOT required.)', '', '2021-10-24 09:00:00', '2021-10-24 11:00:00', 50, '2021-09-30 03:28:38.680912', '2021-12-21 07:43:37.248506', 3, 6, 'p55p (poetry, people, politics, pedagogy and Processing)｜Xin Xin, LIN Shu-Yang, Raven Kwok, CHAN Yuan-An, WU Kuan-Ju (Moderator)', 'null', 'https://reurl.cc/Gbq2v3', NULL, NULL, NULL),
('b72ec6d2-5d61-4f48-8ae9-2584b0d897fd', 'f', 'activity-photo/dW5kZWZpbmVkLTE2MzM0OTcwMTkyOTg=.jpeg', 'p5.js互動藝術程式創作入門（程度：初階）｜吳哲宇', '為什麼要學演算藝術跟 Creative Coding 呢？
程式創作的思維會帶給你兼具設計與程式的能力，奠基在設計的美感上實作出更多互動的作品，做到不太可能用人手重複的規則，或模擬系統創造不可預期的設計成果，快速創造變異與進化作品。
此次工作坊將使用 p5.js——一套為藝術家而生的程式框架，讓你能夠用簡單的語法快速組織複雜的程式，用更少的時間跟精力實踐創作想法，教學會包含基礎繪製與色彩、創作生成式藝術、互動系統與模擬、進階影音互動與即時資料應用四大部分，讓你學會使用 p5.js 開發互動程式，整合繪圖、音訊、視訊、文字、3D與互動創作有趣的作品。
程式創作成果輸出可以應用在個人品牌或網站、主視覺或互動投影等應用中，在此次工作坊認識程式與互動藝術產業，將Coding當成像畫筆一樣自然的創作工具，一起將你的創意和想法以技術來實現吧！', 'Why should one learn about algorithmic art and creative coding? Creative coding thinking equips you with design- and engineering-centric capabilities to create interactive works based on artistic aesthetics. The techniques enable you to realize patterning rules otherwise unachievable with the human hands, model the system to produce extraordinary design outcome, and transform your work at an unprecedented pace.
In this workshop, we will be using p5.js—A framework developed for artists that allows you to quickly build up complex programming using simple codes and shape your creative ideas with less time and energy. The workshop curriculum includes four topics: Basic Painting and Color Theory, Creative Art Generation, Interactive Systems and Modeling, and Advanced Sound and Picture Interaction and Real-time Data Application. You will be able to master p5.js to develop interactive applications and create interesting works incorporating painting, audio, video, text, 3D, and interaction.
The final outcome of your creative coding projects can be used for your personal brand and website, visual identity, interactive projection, and more. Get to know more about the coding and interactive art industries in this workshop. Pickup coding like you would a paintbrush and realize your creative artistic ideas using engineering techniques with us!', '線上活動，使用線上視訊會議系統 （欲進入線上會議室的學員請事先報名，活動前將寄發線上會議網址。未報名學員也歡迎在臉書觀看直播。）', 'The workshop will take place via Cisco Webex Meetings. (Participants who want to join the meeting shall register online.)', 'www.accupass.com/go/clab-pcd-taiwan', '2021-10-20 11:00:00', '2021-10-20 13:00:00', 150, '2021-09-30 03:16:35.85485', '2021-12-21 07:39:28.708291', 3, 4, 'p5.js Creative Coding for Interactive Art 101 (Level: Beginner)｜WU Che-Yu', 'null', 'https://reurl.cc/0xbMy6', NULL, NULL, NULL),
('b85eb601-d22e-4065-b1bb-6fbabf9b11a3', 'f', 'activity-photo/dW5kZWZpbmVkLTE2MzM0OTYyNzM2MTg=.jpeg', 'Processing x開放資料x資料視覺化（程度：進階）｜王連晟', '本工作坊將由王連晟帶領，透過分析及網頁資料的抓取，學員們可以使用簡單的方式取得想要的網路資料。配合數學公式及演算法，在工作坊的最後產出一資料視覺化的作品。

請注意：本工作坊需有Processing或是p5.js基礎。', 'Led by WANG Lien-Cheng, this workshop instructs the participants to analyze and retrieve data from webpages, so as to easily obtain the information they need from the Internet. Each participant is required to utilize mathematical formulas and algorithms to produce a work of data visualization at the end of the workshop.

Please Note: This workshop entails a basic knowledge about Processing or p5.js.', 'CREATORS空間102 共享吧（地點更新，本活動不會於臉書同步直播，請事先報名。）', 'CREATORS’ Space R102 Coworking Space (This talk will NOT be streamed on the Facebook page. Advance registration is required.)', 'www.accupass.com/go/clab-pcd-taiwan', '2021-10-22 06:00:00', '2021-10-22 10:00:00', 65, '2021-09-30 03:23:10.743448', '2021-10-12 10:25:24.781453', 3, 4, 'Processing x Open Data x Data Visualization (Level: Advanced)｜WANG Lien-Cheng', 'null', NULL, NULL, NULL, NULL),
('bc5c197f-34e9-4f88-9c1f-91697a3180a8', 'f', 'activity-photo/dW5kZWZpbmVkLTE2ODQ4Mjk4Mjc1MzQ=.png', '副本的前面，還有副本：然而攝影，以及影像的散播', '<p><span style="color: var(--primary-gray-color);">一張照片，本身就是副本。在副本的前面，可能還有其他的副本。過去的攝影史習慣追索起源或本真，尋訪影像內在意義或美學性，抑或是，囿限於單一物質性的照片之探討上。然而，近來有更多的討論在於關注更廣泛的複製媒介及其變化，照片有時不只是照片，而何在一次次的複製與散佈之中，失去（或者本來就沒有）單一的起點和終點，成為一種攝影的影像。
本講由日本漫畫家柘植義春挪用一幀臺灣的照片的故事開始，兼及一些在複製過程中消失源頭的影像，看見照片的複製與流傳、以及攝影不同於其他視覺媒材的獨特性。彷彿體現著德希達（Jacques Derrida）的「散播」（dissemination）概念，攝影在不斷延異過程之，影像逐漸脫離原點，踏上了各種多重的意義生產之旅。&nbsp;</span><br/></p><p><br/></p><p><b>時間：07/01 (SAT) 14:00－15:30
<br/>地點：CREATORS空間102 共享吧</b></p><p><br/></p><p><b>講師簡介&nbsp;</b><br/><span style="color: var(--primary-gray-color);"><b>｜陳佳琦</b>
<br/>國立成功大學臺灣文學研究所博士，攝影史與文學研究者。曾任成功大學多元文化研究中心博士後研究員、國立臺灣文學館助理研究員、雜誌採訪編輯。研究興趣為現當代文學、視覺文化、攝影史與紀錄片研究。</span></p><p><span style="color: var(--primary-gray-color);"><br/></span></p><p>▶活動免費參加，名額有限，額滿為止。<br/>▶填寫表單即代表報名成功，活動前將再寄發提醒通知。因C-LAB信箱易被Gmail判定為垃圾郵件，若沒收到請查看垃圾信箱。<br/>▶主辦單位保有因應疫情狀況調整與變更活動之權利。<span style="color: var(--primary-gray-color);"><br/></span></p>', '<p><span style="color: var(--primary-gray-color);">A photo per se is a copy, and other copies may exist prior to it. The study of photography’s history used to pursue originality or authenticity, inquire meaning or aesthetics of images, or confine itself to the exploration of photos as a medium. However, recent discussions focus more on the extensive mediums for copying images. Sometimes photos are not merely photos; they lose the originality and destination in the process of duplication and dissemination, eventually becoming images of photography.&nbsp;</span><br/></p><p>The talk will begin with the Japanese cartoonist Yoshiharu TSUGE’s story of appropriating a photo from Taiwan, through which the speaker will discuss photos without original sources due to the course of duplication, as well as the dissemination of photos and the uniqueness of photography compared to other visual mediums. As embodying the idea of “dissemination” from Jacques Derrida, photos gradually rid themselves of originality during the course of différance, taking a journey of generating multiple meanings.&nbsp;</p><p><strong>&nbsp;</strong></p><p><strong>Time: 07/01 (SAT) 14:00－15:30</strong><br/><strong>Venue: CREATORS’ Space R102&nbsp;Coworking Space</strong></p><p><strong style="color: var(--primary-gray-color);">&nbsp;</strong><br/></p><p><strong>Speaker<br/></strong><strong>｜</strong><strong>CHEN Chia-Chi<br/></strong>CHEN Chia-Chi holds a Ph.D. in Taiwanese Literature from National Cheng Kung University and is currently working as researcher for history of photography and literature. Her experiences include postdoctoral fellow in the Center of Multiple-Cultural Studies in NCKU, editor for art magazine, and assistant research fellow for National Museum Taiwan Literature. Her interests include theory of modern and contemporary literature, visual culture, history of photography and documentary films.</p><p>&nbsp;</p><p>▶ Free Admission via Online Registration.<br/>▶ Upon submission through the Online Registration Form, a seat is reserved for you. A reminder will be sent to your email prior to the event. If you didn’t receive the reminder email, please check your Spam or Junk email.<br/>▶ The organizer reserves the right to adjust and change the activities according to the epidemic situation.</p>', 'CREATORS空間102共享吧', 'CREATORS’ Space R102 Coworking Space', 'https://docs.google.com/forms/d/e/1FAIpQLSeAyH4L_agzT1iTEl05FBOST6Przvh3MkkbrDL_o6nmQoz9qQ/viewform', '2023-07-01 06:00:00', '2023-07-01 07:30:00', 100, '2023-05-23 08:17:08.36419', '2023-06-26 02:22:14.839727', 8, NULL, 'Prior to a Copy is Still a Copy: Photography and the Dissemination of Images', 'https://docs.google.com/forms/d/e/1FAIpQLSeAyH4L_agzT1iTEl05FBOST6Przvh3MkkbrDL_o6nmQoz9qQ/viewform', '', '', '', ''),
('bf5de477-cb5d-495e-9db2-f27fca5a7e49', 't', 'activity-photo/dW5kZWZpbmVkLTE2MzM0OTM2OTUwMTM=.jpeg', '未來神豬新聞實驗室（線上）：現實與虛構的敘事拼貼｜田倧源、羅伃君、顧廣毅', '此工作坊是由藝術家田倧源、羅伃君、顧廣毅的計畫《未來神豬博物館》所延伸而來。工作坊為線上參與並分成兩天進行。在工作坊開始之前，講師將向參與者提供一份在雲端網路平台上的一個「素材包」，裡面含有神豬相關考古資料以及作品「未來神豬博物館」三個平行世界相關的虛構科幻素材，像是圖片、文字與影片等等。例如：虛構的農委會防檢局的非洲豬瘟疫情資料、虛構的神豬專家與科學家訪談等等。 
此工作坊透過混合設計、新媒體與新聞學等等不同系統的知識與技術，帶領參與者用另一種方式體驗現今臺灣神豬祭祀文化的困境，以及遙想未來神豬信仰的不同軌跡。同時此工作坊也希望讓參與者的想像成為未來神豬博物館的擴增版本的一部分，打開更多平行世界的多元奇想。', 'The workshop is derived from the “Future Museum of Holy Pig,” a project by TIEN Zong-Yuan, LO Yu-Chun, and KU Kuang-Yi. The two-day workshop will be held online. Before the workshop starts, the lecturers will provide the participants with a “material package” on the cloud platform. It contains archaeological data on holy pig and sci-fi material (incl. pictures, texts, and videos) about the three parallel worlds in the “Future Museum of Holy Pig,” such as the fictional information about the African swine fever epidemic issued by the Bureau of Animal and Plant Health Inspection and Quarantine, Council of Agriculture, Executive Yuan, as well as the fabricated interviews with experts on holy pig and scientists. Blending the knowledge and techniques from different systems such as design, new media, and journalism, this workshop guides the participants to experience the predicament facing the culture of holy pig sacrifice in Taiwan today in an alternative way, and meanwhile imagine future scenarios of holy pig belief. This workshop also seeks to turn the participants’ imagination into part of the extended version of the “Future Museum of Holy Pig,” insofar as to create more parallel worlds with multifarious fantasies.', '線上活動（請事先報名）', 'Online Event (Advance registration is required.)', 'www.accupass.com/go/clab-PA', '2021-11-21 06:00:00', '2021-11-21 09:00:00', 30, '2021-09-30 03:34:48.791059', '2021-11-23 06:16:56.211357', 5, 10, 'Future Press Lab of Holy Pig (online): The Narrative Collage of Reality and Fiction｜TIEN Zong-Yuan, LO Yu-Chun, KU Kuang-Yi', 'https://www.holypigmuseum.com', 'https://medium.com/%E6%9C%AA%E4%BE%86%E7%A5%9E%E8%B1%AC%E6%96%B0%E8%81%9E%E5%AF%A6%E9%A9%97%E5%AE%A4-future-press-lab-of-holy-pig-the', NULL, NULL, NULL),
('c047bb98-8469-489c-ad44-aa0aa5df9962', 'f', 'activity-photo/dW5kZWZpbmVkLTE2MzM0OTM0NTE4NTE=.jpeg', 'TouchDesigner：數位創意內容的百萬種可能｜陳品辰、葉廷皓（TDTW）', '實驗劇場新媒體系統控制整合、演唱會絢爛奪目影像設計，TouchDesigner強大的延展性，幫助新媒體創作者整合聲音、影像、裝置、燈光，達成即時互動與運算編繪，為創意內容延伸百萬種可能。 
講座邀請葉廷皓與陳品辰（遊樂製品）分享在劇場、在演唱會使用TouchDesigner的知名案例與系統經驗，尤其如何他們以新媒體思維觀點，將舞蹈、音樂意念具象化，進行表演藝術與流行音樂文化的美學實踐。', 'From the control and integration of new media systems in experimental theaters to the dazzling image design for concerts, the powerful resilience of TouchDesigner helps new media creators integrate sound, image, installation and lighting, so as to achieve real-time interaction and computational mapping, which opens up millions of possibilities for creative content.
This talk invites YEH Ting-Hao and Yea Chen (ChillProduction) to share their experience of applying TouchDesigner to theater and concert, especially how they visualize the imagery of dance and music with new media thinking and thereby establish their aesthetic practice in performing arts and pop music culture.', '西服務中心｜2樓（請事先報名）', 'West i-CENTER, 2F (Advance registration is required.)', 'www.accupass.com/go/clab-TD', '2021-11-04 11:00:00', '2021-11-04 12:00:00', 30, '2021-09-30 03:35:55.480047', '2021-10-12 10:18:01.040154', 4, 7, 'TouchDesigner: Millions of Possibilities for Digital Creative Content｜Yea CHEN, YEH Ting-Hao (TDTW)', 'null', NULL, NULL, NULL, NULL),
('dcda8de1-97c2-4a30-9c4a-ea8e3b54a51b', 'f', 'activity-photo/dW5kZWZpbmVkLTE2MzM0OTg5Nzk5MTk=.jpeg', '策展人導覽｜蔡宏賢', '更多導覽場次將公布於C-LAB官網，請關注最新活動消息。

', 'More guided tours will be announced on the official website of C-LAB. Please follow the latest information.', '西服務中心（請事先報名）', ' West i-CENTER (Advance registration is required.)', 'www.accupass.com/go/clab-fmaf-events', '2021-10-09 05:30:00', '2021-10-09 06:30:00', 30, '2021-09-30 03:00:14.444815', '2021-10-12 10:29:10.254699', 1, 1, 'Curator’s Tour｜Escher TSAI', 'null', NULL, NULL, NULL, NULL),
('ddc6489e-8951-4e17-83ef-c714846bcdea', 'f', 'activity-photo/dW5kZWZpbmVkLTE2MzM0OTcxMjMzMDg=.jpeg', 'p5.js互動藝術程式創作入門（程度：初階）｜吳哲宇', '為什麼要學演算藝術跟 Creative Coding 呢？
程式創作的思維會帶給你兼具設計與程式的能力，奠基在設計的美感上實作出更多互動的作品，做到不太可能用人手重複的規則，或模擬系統創造不可預期的設計成果，快速創造變異與進化作品。
此次工作坊將使用 p5.js——一套為藝術家而生的程式框架，讓你能夠用簡單的語法快速組織複雜的程式，用更少的時間跟精力實踐創作想法，教學會包含基礎繪製與色彩、創作生成式藝術、互動系統與模擬、進階影音互動與即時資料應用四大部分，讓你學會使用 p5.js 開發互動程式，整合繪圖、音訊、視訊、文字、3D與互動創作有趣的作品。
程式創作成果輸出可以應用在個人品牌或網站、主視覺或互動投影等應用中，在此次工作坊認識程式與互動藝術產業，將Coding當成像畫筆一樣自然的創作工具，一起將你的創意和想法以技術來實現吧！', 'Why should one learn about algorithmic art and creative coding? Creative coding thinking equips you with design- and engineering-centric capabilities to create interactive works based on artistic aesthetics. The techniques enable you to realize patterning rules otherwise unachievable with the human hands, model the system to produce extraordinary design outcome, and transform your work at an unprecedented pace.
In this workshop, we will be using p5.js—A framework developed for artists that allows you to quickly build up complex programming using simple codes and shape your creative ideas with less time and energy. The workshop curriculum includes four topics: Basic Painting and Color Theory, Creative Art Generation, Interactive Systems and Modeling, and Advanced Sound and Picture Interaction and Real-time Data Application. You will be able to master p5.js to develop interactive applications and create interesting works incorporating painting, audio, video, text, 3D, and interaction.
The final outcome of your creative coding projects can be used for your personal brand and website, visual identity, interactive projection, and more. Get to know more about the coding and interactive art industries in this workshop. Pickup coding like you would a paintbrush and realize your creative artistic ideas using engineering techniques with us!', '線上活動，使用線上視訊會議系統 （欲進入線上會議室的學員請事先報名，活動前將寄發線上會議網址。未報名學員也歡迎在臉書觀看直播。）', 'The workshop will take place via Cisco Webex Meetings. (Participants who want to join the meeting shall register online.)', 'www.accupass.com/go/clab-pcd-taiwan', '2021-10-19 11:00:00', '2021-10-19 13:00:00', 150, '2021-09-30 03:13:40.388773', '2021-12-21 07:39:08.416616', 3, 4, 'p5.js Creative Coding for Interactive Art 101 (Level: Beginner)｜WU Che-Yu', 'null', 'https://reurl.cc/embKa7', NULL, NULL, NULL),
('df7c8878-6b12-4dd4-bc16-e1b795988cf2', 'f', 'activity-photo/dW5kZWZpbmVkLTE2ODMyNjU2NjAzMjg=.jpeg', '化境與補遺──葉世強藝術檔案再考掘', '一位藝術家如何理解另一位藝術家的檔案？2015年，藝術家葉偉立（1971–）受策展人張頌仁之邀，開始著手整理並修復前輩藝術家葉世強（1926–2012）在灣潭和水湳洞的故居。為了投身此項計畫，葉偉立帶著家人移居水湳洞，以大量身體勞動進行故居空間修復，並結合對葉世強作品、影像、文物的檔案研究，同時他更透過攝影創作，重新詮釋了葉世強的生活空間與精神世界。
葉偉立的實踐，除了是帶著致敬意味的精神化境，也是對於懸欠的藝術檔案研究之補遺。如今，整理好的兩棟建築物，將成為葉世強故居紀念館及檔案中心 。去年出版的《星移：葉世強／葉偉立》一書，則匯集了現階段的梳理研究成果，並紀錄了兩位藝術家跨時空的精神交會。
作為2023年「臺灣獨立藝術空間檔案計劃」的第二場公眾活動，本次座談將邀請藝術家葉偉立與獨立策展人暨香港漢雅軒總監張頌仁，從促成葉世強故居計畫的契機談起，分享他們各自對藝術家檔案的看法。此外，葉偉立也將進一步從「藝術家作為檔案員」的獨特視角，談論他是如何在這一項橫跨數年的計畫中，思考另一位藝術家的過往脈絡。', 'How does an artist comprehend another artist’s archives? Artist YEH Wei-Li (1971-) was invited by the curator Johnson CHANG in 2015 to tidy up and renovate the former houses of the senior artist YEH Shih-Chiang (1926-2012) at Wantan and Shuinandong. To execute the project, YEH Wei-Li moved to Shuinandong with his family, laboring over the repairs of the house while studying the archives of YEH Shih-Chiang’s works, images, and artifacts. In the meantime, he also reinterpreted YEH Shih-Chiang’s living space and spiritual world through photographing.
The practice of YEH Wei-Li is not only an act of transmuting with tribute to YEH Shih-Chiang, but also an act of expanding to fulfill the lack of the art archive study. Now the two renovated houses will be the locations of YEH Shih-Chiang Residence Museum and Archive, while the results of study have been included in the book Constellations: Yeh Shih-Chiang/Ye Wei-Li, which was published last year and records the exchange between the two artists across time and space.
As the second public program of the Independent Art Spaces of Taiwan in 2023, the talk invites the artist YEH Wei-Li and the independent curator / Curatorial Director of Hong Kong Hanart TZ Gallery Johnson CHANG to discuss the opportunity of starting the project and share their viewpoints towards the artist’s archives. Besides, YEH will further talk about how he pondered on the other artist’s context from the perspective of “an artist as an archivist” during the execution of the project over the years.', 'creators 102', 'creators 102', 'https://forms.gle/XJoybiks33oTUo938', '2023-05-20 05:30:00', '2023-05-20 07:00:00', 90, '2023-05-05 05:47:41.009908', '2023-05-05 06:28:06.541827', 8, NULL, 'Transmuting and Expanding: Re-exploring the Art Archives of YEH Shih-Chiang', 'https://clab.org.tw/en/events/transmuting-and-expanding/', '', '是否同意被拍攝', '', ''),
('e0596065-523d-4ef1-ba03-c067d286dc2a', 'f', 'activity-photo/dW5kZWZpbmVkLTE2ODQ4MjkyMDQ3NTk=.png', '快樂光碟製作大會', '<p>2023年度大展「崩塌記憶之宮」參展藝術家李漢強，擅長以勞力密集的繪畫手法，再製當代資本主義社會過剩的各式影像產物，從串流影劇劇照、超級市場傳單到八卦雜誌封面。6/11（日）李漢強將舉辦「快樂光碟製作大會」工作坊，邀請大眾將自選影像以手繪方式製作成仿真光碟，學員成品也將在「崩塌記憶之宮」展出。&nbsp;</p><p><br/></p><p><b>時間：06 /11 (SUN) 13:30－15:30
<br/>地點：CREATORS空間102 共享吧&nbsp;</b></p><p><br/></p><p><b>&nbsp;報名須知
</b><br/>▶ 本活動費參加，限額30名，額滿為止。
<br/>▶ 請參與者自行攜帶任何想繪製的影像截圖（電影、戲劇、網路影片等皆可）紙本至現場。
<br/>▶ 參與對象：建議16歲以上。
<br/>▶ 報名成功通知：因參與名額有限，<b>填寫報名表單並收到報名成功通知信才算報名成功。</b>（因C-LAB信箱易被Gmail判定為垃圾郵件，建議可在報名五天內查看垃圾信箱是否有通知信。）<br/>▶ 本次活動過程將進行拍攝記錄，如不願被拍攝，請於活動報名表單的「拍攝聲明」勾選「不同意」。
<br/>▶ 為避免學習資源浪費，完成報名後不克出席者，<b>請務必於活動5日前來信yungchen@clab.org.tw</b>，以釋出名額給其他參加者。若報名後無故不參加又未辦理取消者，主辦方將列入限制日後參加活動之機會，敬請見諒。&nbsp;</p><p><br/></p><p><b>&nbsp;講師簡介
</b><br/><b>｜李漢強
</b><br/>出生於臺灣臺北，駐居日本東京，東京造形大學（造形專攻）碩士畢業。李漢強自幼透過綜藝節目感受到日本文化的奇妙，於2007年前往日本發展。作品題材來自於當代消費社會與生活的觀察，如「超級市場傳單系列」、「周刊雜誌系列」，又或是持續八年的「果汁自拍照」計畫至最近的「李點卡」計畫。2014年，以人數不斷增殖的偶像團體為主題，解剖當代社會大量反覆生產、消費現象的作品《少女偶像團體的神話故事》獲得日本「1_WALL」平面藝術大獎。曾獲選臺灣GQ MOTY 2022 年度藝術家。</p>', '<p>LEE Kan Kyo, the joining artist of 2023 annual exhibition Memory Palace in Ruins, is an expert through labor intensive drawing in reproducing various surplus images generated in the contemporary society, from TV series stills on streaming platforms to flyers in supermarkets to covers on magazines. On Sunday, June 11th, LEE will host the workshop of “Merry Jolly DVD-Making Party,” welcoming the public to create counterfeit DVDs by hand painting images selected by themselves. The works of participants will also be shown in the exhibition Memory Palace of Ruins.&nbsp;</p><p><br/></p><p><b>Time: 06 /11 (SUN) 13:30－15:30
<br/>Venue: CREATORS’ Space R102 Coworking Space&nbsp;</b></p><p><br/></p><p><b>&nbsp;Registration Notice
<br/></b>▶Free, registration required. The availability is limited to thirty attendees.
<br/>▶Attendees should prepare stills or screenshots for drawing (be it of films, TV series or online videos). Any devices will do once the screen is convenient for one to see when drawing.
<br/>▶Attendees are advised to be older than 16 to join the activity.
<br/>▶Notification for successful registration: Due to the limited quota, the notification will only be sent to the emails of those who successfully register after filling the registration form. (Since e-mails from C-LAB tend to be identified as spam by Gmail, we kindly advise you to check your Spam folder in three days after registration.)
<br/>▶Supposing you are not willing to be photographed during the workshop, please tick “No” at the “Photo Consent” part of the registration form.
<br/>▶To prevent the waste of learning resources, if you are not able to participate in the workshop after successful registration, please email at yungchen@clab.org.tw for cancellation. We will release the quota to other applicants. Your accessibility to future events will be limited once you neither show up in the workshop nor send emails for cancelling your registration. Thank you for your cooperation.&nbsp;</p><p><br/></p><p><b>&nbsp;Lecturer<br/>｜LEE Kan Kyo
<br/></b>Born in Taipei, Taiwan, currently lives and works in Tokyo, Japan. LEE Kan Kyo received his master’s degree in Design from Tokyo Zokei University. Since he was a child, he has been fascinated by the glamor of Japanese culture due to exposure to Japanese variety TV shows, which eventually brought him to Japan in 2007. His works are inspired by modern consumerist society and his observations of life, such as the Supermarket Flyers series, Weekly Magazine series, the self-portrait series Juicebox Selfie which has been ongoing for eight years, and the latest project, LEE Card. In 2014, LEE created DREAM ANOKO (Don’t Stop), a project commenting on the increasing number of members in Japanese idol groups and illustrating the repetitive mass production and consumerism in modern society. DREAM ANOKO (Don’t Stop) won him the Grand Prize of 1_WALL Graphic Arts in Japan. Moreover, he was named Artist of the year for GQ Taiwan MOTY 2022.</p>', 'CREATORS空間102 共享吧', 'CREATORS’ Space R102 Coworking Space', 'https://docs.google.com/forms/d/e/1FAIpQLSeMmIoVrPC8vYk98KMrHnO5YjL0OJRIUc25bReeOvg0ucL86Q/viewform', '2023-06-11 05:30:00', '2023-06-11 07:30:00', 30, '2023-05-23 08:06:45.411753', '2023-06-01 03:13:12.331309', 11, NULL, 'Merry Jolly DVD-Making Party', '', '', '', '', ''),
('e449ce1e-a0c5-4d55-83e0-ad0f77c22cdc', 't', 'activity-photo/dW5kZWZpbmVkLTE2MzM0OTQxNDYzNDE=.jpeg', '未來神豬新聞實驗室（線上）：現實與虛構的敘事拼貼｜田倧源、羅伃君、顧廣毅', '此工作坊是由藝術家田倧源、羅伃君、顧廣毅的計畫《未來神豬博物館》所延伸而來。工作坊為線上參與並分成兩天進行。在工作坊開始之前，講師將向參與者提供一份在雲端網路平台上的一個「素材包」，裡面含有神豬相關考古資料以及作品「未來神豬博物館」三個平行世界相關的虛構科幻素材，像是圖片、文字與影片等等。例如：虛構的農委會防檢局的非洲豬瘟疫情資料、虛構的神豬專家與科學家訪談等等。 
此工作坊透過混合設計、新媒體與新聞學等等不同系統的知識與技術，帶領參與者用另一種方式體驗現今臺灣神豬祭祀文化的困境，以及遙想未來神豬信仰的不同軌跡。同時此工作坊也希望讓參與者的想像成為未來神豬博物館的擴增版本的一部分，打開更多平行世界的多元奇想。', 'The workshop is derived from the “Future Museum of Holy Pig,” a project by TIEN Zong-Yuan, LO Yu-Chun, and KU Kuang-Yi. The two-day workshop will be held online. Before the workshop starts, the lecturers will provide the participants with a “material package” on the cloud platform. It contains archaeological data on holy pig and sci-fi material (incl. pictures, texts, and videos) about the three parallel worlds in the “Future Museum of Holy Pig,” such as the fictional information about the African swine fever epidemic issued by the Bureau of Animal and Plant Health Inspection and Quarantine, Council of Agriculture, Executive Yuan, as well as the fabricated interviews with experts on holy pig and scientists. Blending the knowledge and techniques from different systems such as design, new media, and journalism, this workshop guides the participants to experience the predicament facing the culture of holy pig sacrifice in Taiwan today in an alternative way, and meanwhile imagine future scenarios of holy pig belief. This workshop also seeks to turn the participants’ imagination into part of the extended version of the “Future Museum of Holy Pig,” insofar as to create more parallel worlds with multifarious fantasies.', '線上活動（請事先報名）', 'Online Event (Advance registration is required.)', 'www.accupass.com/go/clab-PA', '2021-11-20 06:00:00', '2021-11-20 09:00:00', 30, '2021-09-30 03:32:04.438465', '2021-11-23 03:20:36.477764', 5, 10, 'Future Press Lab of Holy Pig (online): The Narrative Collage of Reality and Fiction｜TIEN Zong-Yuan, LO Yu-Chun, KU Kuang-Yi', 'https://www.holypigmuseum.com', 'https://medium.com/%E6%9C%AA%E4%BE%86%E7%A5%9E%E8%B1%AC%E6%96%B0%E8%81%9E%E5%AF%A6%E9%A9%97%E5%AE%A4-future-press-lab-of-holy-pig-the', NULL, NULL, NULL),
('e64899fc-9919-4a06-aafa-6591d09c8ef0', 'f', 'activity-photo/dW5kZWZpbmVkLTE2ODQ4MzA3MTI5ODg=.png', '策展人導覽', '<p>C-LAB 2023年度大展「崩塌記憶之宮」從媒介載體的角度，探索時空錯置下的歷史記憶，並由「文本化的歷史」以及「物質化的記憶」兩條軸線交錯，詰問歷史記憶如何殘留在當代生活中。展覽不僅關注過去發生的事件，更重要的是這些歷史時刻後來發生了什麼，如何被重新詮釋和再利用，成為了另一種形式的文化記憶。展期間將舉辦兩場專場導覽，由策展人游崴帶領觀眾深入了解本次展覽的策展理念及參展作品的意涵。</p><p><strong>&nbsp;</strong></p><p><strong>▌</strong><strong>策展人導覽｜游崴<br/></strong>場次一：06/17 (SAT) 14:00–15:00<br/>地點：西服務中心集合</p><p>&nbsp;</p><p><strong>導覽人簡介<br/></strong><strong>｜</strong><strong>游崴<br/></strong>臺灣當代文化實驗場策展人，倫敦大學柏貝克學院人文學暨文化研究博士，關注台灣戰後藝術與視覺文化。曾擔任《典藏．今藝術》雜誌主編與特約撰述。2015年於倫敦大學佩爾茨藝廊策畫展演「射殺鋼琴師：台北噪音場景1990–1995」。2017年與在地實驗共同策畫「破身影」入圍第16屆台新藝術獎。2018年起於C-LAB策畫展演包括「姚瑞中：犬儒共和國」（2020）、「極微輸入：演算音像集」（2022）等，以及2023年C-LAB年度論壇「未來緩慢取消」及年度展覽「崩塌記憶之宮」。</p><p>&nbsp;</p><p>▶活動免費參加，名額有限，額滿為止。<br/>▶填寫表單即代表報名成功，活動前將再寄發提醒通知。因C-LAB信箱易被Gmail判定為垃圾郵件，若沒收到請查看垃圾信箱。<br/>▶主辦單位保有因應疫情狀況調整與變更活動之權利。</p>', '<p>The 2023 annual exhibition of C-LAB, Memory Palace in Ruins, explores the historical memories in dislocated time and space from the perspective of mediums, with the intersecting themes of “textualized history” and “materialized memories” to interrogate how historical memories remain in the contemporary life.&nbsp; The exhibition focuses on the past events as well as what afterwards happened to the historical moments, and how they were reinterpreted and reutilized, turning into cultural memories in another form.</p><p>Joining the guided tours led by the curator is a great way to get to know the exhibition in more detail and brings people together for close looking and conversations focused on the exhibits. Two guided tours will be hold during the exhibition. Times and venue are listed below.</p><p>&nbsp;</p><p><strong>▌</strong><strong>Curator’s Tour</strong><strong>｜</strong><strong>YU Wei<br/></strong>Session 1: 06/17 (SAT) 14:00–15:00<br/>Meeting Point: West i-CENTER, 1F</p><p><strong>&nbsp;</strong></p><p><strong>Guide<br/></strong><strong>｜</strong><strong>YU Wei<br/></strong>Curator of Taiwan Contemporary Culture Lab (C-LAB), Yu has served as an editor for ARTCO magazine from 2005 to 2007. He obtained his PhD in Humanities and Cultural Studies at Birkbeck (London Consortium), University of London. His research primarily focuses on Taiwan''s art and visual culture in the post-war era. Yu has curated various exhibitions, including Shoot the Pianist: The Noise Scene in Taipei 1990–1995 (2015) at Peltz Gallery in London. He also co-curated Broken Spectre (2017) with ET@T, which was shortlisted for the 16th Taishin Arts Award. Since 2018, Yu has been involved in several curatorial projects at C-LAB, such as Yao Jui Chung – Republic of the Cynic (2020) and Minimal Input: Algorithmic Arts Gathering (2022). Additionally, he has organized the C-LAB forum, A Future Slowly Cancelled, and the C-LAB annual exhibition, Memory Palace in Ruins, both held in 2023.<strong><br/></strong></p><p>&nbsp;</p><p>▶ Free Admission via Online Registration.<br/>▶ Upon submission through the Online Registration Form, a seat is reserved for you. A reminder will be sent to your email prior to the event. If you didn’t receive the reminder email, please&nbsp;check&nbsp;your&nbsp;Spam&nbsp;or&nbsp;Junk&nbsp;email.<br/>▶ The organizer reserves the right to adjust and change the activities according to the epidemic situation.</p>', '西服務中心集合', 'Meeting Point： West i-CENTER, 1F', 'https://forms.gle/ibC2NY2rEXRsYbJw7', '2023-06-17 06:00:00', '2023-06-17 07:00:00', 60, '2023-05-23 08:31:56.244994', '2023-06-01 06:26:39.990838', 1, 1, 'Curator’s Tour', '', '', '', '', ''),
('edc0795b-24af-4879-be18-3d28217a88fa', 'f', 'activity-photo/dW5kZWZpbmVkLTE2MzM0OTI1OTczMDY=.jpeg', 'TouchDesigner：所見即所得（程度：初階）｜葉廷皓', '創意程式設計 Creative Coding 是一種以表現為目標的程式設計目標，常見的工具以使用介面來區分的話包含兩大類：指令列介面 Command Line Interface 與節點式介面 Node Base Interface。但是指令列介面對非資訊背景的創作者而言，進入門檻相對較高，於是圖像化的節點式介面即為剛開始接觸創意程式設計的創作者最好的入門磚。 
本次工作坊將介紹目前廣泛被使用於各式運算裝置作品、音像演出、常駐媒體作品的TouchDesigner，引介TD基礎使用、分享知名案例與講師歷往使用經驗。', 'Expression is the raison d’être of Creative Coding. In terms of user interface, its common tools can be divided into two major types—“Command Line Interface” and “Node Base Interface.” The former is more difficult to use for creators from non-information background, while the latter is the optimum entry point for beginners of creative coding.
TouchDesigner has been widely adopted in all sorts of computing installations, audio-visual performances, and permanent media works. This workshop not only introduces the fundamentals of TouchDesigner, but also shares typical cases and the lecturer’s experience with the participants.', '西服務中心｜2樓（請事先報名）', 'West i-CENTER, 2F (Advance registration is required.)', 'www.accupass.com/go/clab-TD', '2021-11-06 07:00:00', '2021-11-06 10:00:00', 30, '2021-09-30 03:38:45.521643', '2021-10-12 10:20:51.698789', 4, 8, 'TouchDesigner: What You See Is What You Get (Level: Beginner)｜YEH Ting-Hao', 'null', NULL, NULL, NULL, NULL),
('ef13dc76-ce5f-4a8a-8198-0c84ad3b1ec3', 'f', 'activity-photo/dW5kZWZpbmVkLTE2ODQ4Mjk5Nzk2MjU=.png', 'Popular Culture：挪用、拼貼與流通', '<p><b>📢預計7/20開放報名<span style="color: var(--primary-gray-color);">📢</span></b></p><p><b><span style="color: var(--primary-gray-color);"><br/></span></b></p><p>大眾文化是個流動和競爭的概念，透過儀式、懷舊、拼貼、盜版、致敬交織而成，其符號意義隨著脈絡不同而改變、重構。流通的媒介形式、不同的物質條件和資本環境也決定了大眾文化的樣貌，進而影響其大眾文化正典／非正典化的位置。思考意義產生和傳播特定機制，文化本身的交流過程和生成文化意義媒介，並且覺察大眾文化如何生產意義？哪些意義是社會共享的以及是哪些群體共享的？有哪些其他對立的意義、競爭的意義？不同意義之間的鬥爭如何反映社會權力的運作？本次講座藉由各類影音文本的探詢，透過大眾文化的生產、消費與流通相關的視野，希冀提供更多大眾媒介文化的批判性思考與意義。</p><p>&nbsp;</p><p><strong>時間：08/05 (SAT) 14:00－15:30</strong><br/><strong>地點：動畫創作者基地 1 樓多功能廳</strong></p><p><br/></p><p><strong>講師簡介<br/></strong><strong>｜</strong><strong>林玉鵬<br/></strong>國立聯合大學臺灣語文語文與傳播學系助理教授，英國諾丁漢大學電影與電視研究博士，研究領域為串流媒體和新媒體，致力於挖掘正式與非正式流通的影音文化。</p><p><strong>&nbsp;</strong></p><p>▶活動免費參加，名額有限，額滿為止。<br/>▶填寫表單即代表報名成功，活動前將再寄發提醒通知。因C-LAB信箱易被Gmail判定為垃圾郵件，若沒收到請查看垃圾信箱。<br/>▶主辦單位保有因應疫情狀況調整與變更活動之權利。</p>', '<p><b style="font-size: 14px;">📢</b><b>Registration will be open on 7/20.</b><b style="font-size: 14px;">📢</b><br/></p><p><b style="font-size: 14px;"><br/></b></p><p>Popular culture is a concept of liquidity and competition, composed of practices of rituals, nostalgia, collaging, pirating and saluting. The meanings of signifying signs keep changing and being reconstructed depending on the contexts, while forms of circulation mediums as well as varied economic conditions and capital flows determine the traits of popular culture, hence its canonization or decanonization.</p><p>Through inquiring into audiovisual texts and the production, consumption and dissemination of pop culture, the talk intends to offer critical thinking about and meanings of popular culture mediums for participants to consider the generation of significations, specific communication mechanisms, circulation of cultures and production of cultural meanings, observing how popular culture engenders connotations, which are either shared by the whole society or unique to particular communities, with competing or opposing definitions reflecting the operation of social power hierarchy.</p><p>&nbsp;</p><p><strong>Time: 08/05 (SAT) 14:00－15:30</strong><br/><strong>Venue: Creative Base for Animators Multi-function Space</strong></p><p><strong>&nbsp;</strong></p><p><strong>Speaker<br/></strong><strong>｜</strong><strong>LIN Yu-Peng<br/></strong>LIN is Assistant Professor of the Taiwan Language and Communication Department in National United University. He is a PhD of Film and Television Studies from the University of Nottingham, endeavoring to explore the official and unofficial circulation in audiovisual culture.</p><p>&nbsp;</p><p>▶ Free Admission via Online Registration.<br/>▶ Upon submission through the Online Registration Form, a seat is reserved for you. A reminder will be sent to your email prior to the event. If you didn’t receive the reminder email, please check your Spam or Junk email.<br/>▶ The organizer reserves the right to adjust and change the activities according to the epidemic situation.</p>', '動畫創作者基地 1 樓多功能廳', 'Political Warfare Building Square', '', '2023-08-05 06:00:00', '2023-08-05 07:30:00', 80, '2023-05-23 08:19:41.348248', '2023-06-26 02:42:42.762374', 8, NULL, 'Popular Culture: Appropriation, Collage, and Circulation', '', '', '', '', ''),
('fb1588ac-3270-45b8-9d9c-770bb00a3214', 'f', 'activity-photo/dW5kZWZpbmVkLTE2MzM0OTc1ODg0NzA=.jpeg', '視覺成像／共構未來｜Betty Apple、NANONANO、黃裕雄、蔡奇宏、吳達坤&蔡宏賢（主持）', '本次座談邀請「C-LAB未來媒體藝術節」參展藝術家Betty Apple、NANONANO和黃裕雄，以及Future Vision Lab計畫主持人蔡奇宏，一起就本次參展作品討論其創作理念，以及與未來視覺成像的技術關係，分析當中所牽涉的成像可能。', 'This talk invites the participating artists of the C-LAB Future Media Arts Festival, including Betty Apple, NANONANO, and HUANG Yu-Hsiung, and the principal of Future Vision Lab, TSAI Chi-Hung, to share their creative philosophies behind their exhibits and discuss the relations between their works and future visual imaging technologies, so as to analyze the imaging possibilities involved therein.', 'CREATORS空間102 共享吧（現場參加請事先報名）', 'CREATORS’ Space R102 Coworking Space (Advance registration is required.)', 'www.accupass.com/go/clab-fmaf-events', '2021-11-23 11:00:00', '2021-11-23 12:00:00', 65, '2021-09-30 03:11:19.166093', '2021-12-21 07:48:18.548441', 2, NULL, 'Visual Imaging/Future Constructing｜Betty Apple, NANONANO, HUANG Yu-Hsiung, TSAI Chi-Hung, WU Dar-Kuen & Escher TSAI (Moderator)', 'null', 'https://reurl.cc/q1W7Mg', NULL, NULL, NULL);

INSERT INTO "public"."activities_categories" ("category_id", "name_zh", "name_en", "created_at", "updated_at") VALUES
(1, '導覽', 'Guided Tour', '2021-09-30 02:49:28.634344', '2021-10-06 04:16:50.700356'),
(2, '藝術家暨策展人座談', 'Talk', '2021-09-30 02:51:32.930055', '2021-10-06 04:17:44.92475'),
(3, 'Processing臺灣國際社群日', 'PCD Taiwan', '2021-09-30 02:52:08.458082', '2021-10-06 04:16:26.950589'),
(4, 'TouchDesigner新媒體互動集線器', 'TouchDesigner: New Media Hub', '2021-09-30 02:54:18.235462', '2021-10-06 04:15:44.589429'),
(5, 'Playaround工作坊：回顧與展望', 'Playaround: Generation and Evolution', '2021-09-30 02:54:55.02642', '2021-10-06 04:15:20.366151'),
(7, '現場演出', 'LIVE', '2023-04-25 10:15:20.527524', '2023-04-25 10:15:20.527524'),
(8, '講座', 'Talk', '2023-05-05 06:27:41.144123', '2023-05-05 06:27:41.144123'),
(9, '藝術家座談', 'Artist Talk', '2023-05-23 08:00:04.212464', '2023-05-23 08:00:04.212464'),
(11, '工作坊', 'Workshop', '2023-05-23 08:05:32.484911', '2023-05-23 08:05:32.484911');

INSERT INTO "public"."activities_speakers" ("speaker_id", "name_zh", "name_en", "introduction_zh", "introduction_en", "avatar_url", "created_at", "updated_at") VALUES
(1, '蔡宏賢', 'Escher TSAI', '資深新媒體藝術工作者及跨界製作人
Dimension Plus超維度互動 創意總監
文化部「科技藝術實驗創新及輔導推動計畫」主持人
第58屆威尼斯國際美術雙年展臺灣館《3x3x6》製作總監
2022忠泰美術館《生生LIVES 》策展人
2020 Lab kill Lab計畫製作人
2020 Future Vision Lab計畫製作人
2016-2017白晝之夜策展人
2017桃園科技藝術節策展人
2016《伊東豊雄的劇場夢》觀念建築展策展人
曾任 臺灣當代文化實驗場（C-LAB）科技媒體實驗平台資深顧問、微型樂園創意總監、數位藝術知識與創作流通平台計畫主持人及Playaround工作坊策畫人。', 'New Media Art Artist, Producer, Creative Director of Dimension Plus
Director of Arts and Technology: Creative Innovation and Counseling Project Production supervisor of “3x3x6” Taiwan Exhibition in 58th Venice Biennale
Curator of LIVES, Jut Art Museum, Taipei, Taiwan, 2022
Production supervisor of Lab Kill Lab, C-LAB, Taipei, Taiwan, 2020
Production supervisor of Future Vision Lab, C-LAB, Taipei, Taiwan, 2020
Curator of Nuit Blanche, Taipei 2016-2017
Curator of Taoyuan Art x Technology Festival, Taiwan, 2017
Curator of Encounter Once in a Lifetime－Toyo Ito Architecture Exhibition, Taichung, Taiwan, 2016
He devotes himself into digital art research, promotion and creation. He was Senior Consultant of the Preparatory Office of Technology Media Center (Taiwan Contemporary Culture Lab), planner of many digital arts creation and center, host of Digital art exchange platform and “Playaround Workshop,” creative director of Microplayground.', 'speaker-avatar/dW5kZWZpbmVkLTE2MzI5NzA5NTAxMTk=.jpeg', '2021-09-30 03:02:31.162756', '2021-10-06 05:54:06.07812'),
(2, '吳達坤', 'WU Dar-Kuen', '臺灣當代文化實驗場（C-LAB）資深策展人。
曾擔任臺北寶藏巖國際藝術村總監，臺灣藝文空間聯線（TASA）創會理事長、關渡美術館策展人。以《後民國：沒人共和國》（2011）獲得第十屆台新藝術獎評審團大獎，《AAA亞細亞安那其連線》（2014）於東京TWS與臺北關渡美術館展出。並參與《六本木交叉口2016：我的身體，你的聲音》森美術館（東京），《CHRONIQUES——數位想像雙年展2020》（馬賽），《第13屆光州雙年展：雙迴聲》C-LAB臺灣主題館（光州）等諸多策展計畫。', 'WU Dar-Kuen now is senior curator of Taiwan Contemporary Culture Lab (C-LAB). He was the director of Taipei Artist Village and Treasure Hill Artist Village, the founding chairman of Taiwan Art Space Alliance (TASA), and the curator of Kuandu Museum of Fine Arts. He won the Jury''s Special Award of the 10th Taishin Art Award with his project “Republic without People” (2011), and “Asia Anarchy Alliance” (2014) was exhibited at Tokyo TWS (Tokyo) and Kuandu Museum of Fine Arts (Taipei). He participated in “Roppongi Crossing 2016: My Body, Your Voice" Mori Art Museum (Tokyo),” “CHRONIQUES—Digital Imagination Biennale 2020 (Marseille),” “The 13th Gwangju Biennale: Double Echoing Pavilion Project (Gwangju),” and many curatorial projects.', 'speaker-avatar/dW5kZWZpbmVkLTE2MzI5NzA5ODM4OTM=.jpeg', '2021-09-30 03:03:04.300416', '2021-10-06 05:54:38.144486'),
(3, '張碩尹', 'CHANG Ting-Tong', '國立政治大學廣告學學士，倫敦大學金匠學院藝術碩士畢。其創作媒材跨及裝置、繪畫、表演與錄像，並結合科學、生物學、生物動力學等不同知識領域，反應人與科技、社會的關係。他的近期個展於德國Kunstkraftwerk藝術中心、倫敦亞洲藝術中心、臺北市立美術館舉行；並參與臺北雙年展、廣州三年展、薩奇藝廊、 之群展與委託案．近期獲獎包括臺北美術獎、香港Art Central新晉菁英大獎、伊比利美術獎。作品受臺北市立美術館、韓國及墨西哥藝術基金會典藏、亞洲與歐洲機構及私人收藏。', 'CHANG Ting-Tong received his MFA at Goldsmiths, University of London, and has exhibited internationally, with solo exhibitions at Kunstkraftwerk Leipzig, Asia House London and Taipei Fine Arts Museum. He has participated in group shows and commissioned projects in Guangzhou Triennial, Taipei Biennial, Saatchi Gallery, Compton Verney Art Gallery and Wellcome Trust. CHANG’s major awards include the 19th Taishin Arts Award, Taipei Art Award 2020, Art Central Hong Kong RISE Award 2016, VIA Arts Prize 2016 and Royal Society of Sculptors Bursary Award 2015. His works can be found in the Taipei Fine Arts Museum, Embassy of Brazil London, Noblesse Collection Seoul, JM SR Collection Mexico and private collections in Europe and Asia.', 'speaker-avatar/Q0hBTkcgVGluZy1Ub25nLTE2MzM1MDE2NDMzMzU=.png', '2021-09-30 03:42:29.344642', '2021-10-06 06:27:24.355465'),
(4, '田子平 x 麥藍提亞Mailantia舞團', 'TIAN Zi-Ping x Mailantia Dance Company', '田子平，畢業於國立臺北藝術大學新媒體藝術學系，創作多以對科技產物與數位時代的反思，並從創作中試圖實現多方位的藝術作品。穿梭在展覽與劇場之間擔任影音技術、影像設計、新媒體裝置製作執行。曾獲選第一屆臺中歌劇院LAB X青年創作計畫，以及桃園科技表演藝術獎、臺灣美術新貌獎、新媒卓越獎等。

麥藍提亞Mailantia舞團，以專業舞團的概念作為核心，有東、西方傳統訓練之外，同時結合跨領域元素、涉入街頭文化、蘊含多元藝術技能，建立獨特的肢體語彙以及舞團風格。', 'TIAN Zi-Ping graduated from the new media art department of Taipei National University of the Arts. TIAN primarily focuses on the reflection towards the technical production and media era and attempts to achieve multi-perspective artwork through the creative process. TIAN shifts between being an audiovisual technician, visual designer, and executive producer of new media devices at exhibitions and theatre. TIAN has won the first “LAB x The Young Artists’ Atelier” held by the National Taichung Theatre in 2020, the Taiyuan Technology Performing Arts Awards, the Taiwan Emerging Art Awards, and the Outstanding New Media Award.

The Mailantia Dance Company embraces the idea of being a professional dance group and embodies the traditional training of both East and West. Further, the Mailantia unites the interdisciplinary elements, street culture, and diverse artistic expertise to form their extraordinary body language and unique style.', 'speaker-avatar/VElBTiBaaS1QaW5nIHggTWFpbGFudGlhIERhbmNlIENvbXBhbnktMTYzMzUwMTY1NDY0Ng==.png', '2021-09-30 03:43:00.673628', '2021-10-06 06:27:35.513837'),
(5, '施懿珊', 'SHIH Yi-Shan', '空中自體動力宣言（創辦人）。自 2019 年起開始常態參與由虛構研究者——賴火旺發起的「議題串連」。當代的集合場域，其實是由各種議題標籤組成，就像 Hashtag的觀念。你對這個議題認同或關注，你就會在這個議題框架下被連結在 一起，當下集合場所也立刻成形。而議題解散了，相對地、群體和空間就解散了——這就是「 議題串連 」截至目前為止的運作模式。', 'SHIH Yi-Shan, the founder of Declaration of Airborne Auto-Dynamic Power, has regularly taken part in the “topic connecting” started by the “imaginary researcher” LAI Ho-Wan since 2019. Contemporary places of meeting are in fact made up of all kinds of topic labels, such as the hashtag (#) concept. If one identifies with or pays attention to a certain topic, one will be connected under the topic’s framework. Thus, the meeting place is instantly formed. Accordingly, when the topic discussion reaches an end, the community and space dissolve along with it—this so far has been the mode of operation for “topic connecting.”', 'speaker-avatar/U0hJSCBZaS1TaGFuLTE2MzM1MDE2NjgwMDk=.png', '2021-09-30 03:43:10.057667', '2021-10-06 06:27:48.90165'),
(6, 'NANONANO', 'NANONANO', '於2019年由新媒體藝術家許巽翔以及材料工程師黃胤豪組成。作品主要關注於所處現實生活環境的現況以及未來，並以頂尖工業科技技術作為創作工具。近年作品入選威尼斯第15屆Arte Laguna Prize、C-LAB科技媒體實驗平台Future Vision Lab計劃等等，並連續於2020-2021獲選文化部之科技藝術實驗創新及輔導推動計畫。', 'NANONANO is an art group founded by artist HSU Hsun-Hsiang and materials engineer HUANG Yin-Hao in 2019. NANONANO is focusing on the environmental future phenomenon and using the top industrial technology to create the possibility of the living future landscape.', 'speaker-avatar/TkFOT05BTk8tMTYzMzUwMTY4NTMxMA==.png', '2021-09-30 03:43:26.535676', '2021-10-06 06:28:06.775163'),
(7, '林映彤', 'LIN Ying-Tung', '國立陽明交通大學心智哲學研究所副教授，德國古騰堡大學（Johannes Gutenberg University Mainz）哲學博士。專長領域為心智哲學、意識研究與神經倫理學。當前的研究重點為自我意識，透過檢視記憶與想像中的自我經驗，探討自我意識變異的多樣性。其他研究包括透過心智哲學探討受苦經驗，發展能夠用於橋接認知神經科學、臨床醫學、社會科學等領域之觀點。AI 與神經科技對人類心智的影響和相關的倫理學問題亦為其研究範圍。', 'LIN Ying-Tung is an Associate Professor in the Institute of Philosophy of Mind and Cognition at National Yang Ming Chiao Tung University. Her academic interests include the philosophy of mind, consciousness studies and neuroethics. Her current research projects examine issues concerning self-consciousness in memory and imagination, pain and suffering, as well as the impact of technology on the human mind.', 'speaker-avatar/TElOIFlpbmctVHVuZy0xNjMzNDk5NzM3MzYx.jpeg', '2021-09-30 03:43:44.503459', '2021-10-06 05:55:37.879957'),
(8, '蔡奇宏', 'TSAI Chi-Hung', '從資訊背景跨入新媒體藝術領域，畢業於臺北藝術大學新媒體藝術研究所，共同創辦沃手工作藝術團隊，現為空總C-LAB臺灣當代文化實驗場科技媒體實驗平台Future Vision Lab技術總監。主要致力於將類比與數位以不同方式轉譯演算。擅長軟硬體整合、系統設計、演算生成、聲音裝置與燈光裝置等，挑戰各種技術形式來探索不同媒材之間的可能性。', 'Inspired by some professionals and decided to step into the field of new media art from the information engineering background, Chi-Hung obtained an MA in New Media Art, Taipei National University of Arts, and started to create art in different formats of “information.” He is the co-founder of WINNOWORK and is the technical director in FUTURE VISION LAB of C-LAB Technology Media Platform. Dedicated to creating the different combinations of analog and digital signal, Chi-Hung specializes in software/hardware system integration, system design, generative art, audio/visual installations, and explores any possibility between different media via different kinds of technical formats.', 'speaker-avatar/VFNBSSBDaGktSHVuZy0xNjMzNTAxNzkwNDE0.jpeg', '2021-09-30 03:44:10.464531', '2021-10-06 06:29:50.815845'),
(9, '黃裕雄', 'HUANG Yu-Hsiung', '現居住、工作於臺灣臺北，新媒體藝術教育工作者、藝術家。現為國立臺北藝術大學新媒體藝術學系講師。創作專注於互動科技與新媒體藝術之間的融合，包含透過科技媒體轉譯歷史文化，以及互動科技連結虛擬世界等跨學科研究。近年關注於媒體科技與人文藝術間的衝突與矛盾，透過人工智慧、機器學習、程式語言、感測器等媒介詮釋人類與媒體科技的關係。', 'HUANG Yu-Hsiung is an educator and artist of new media art. He is currently a lecturer in the Department of New Media Art, National Taipei University of the Arts. His specialty is the integration of transdisciplinary research between interactive technology and new media art, including the translation of cultural history through technology media, the connection of interactive technology and the virtual world. In recent years, his creations have focused on the conflicts and contradictions between media technology and humanities and art, using artificial intelligence, machine learning, programming languages, sensors, etc. to interpret the relationship between humans and media technology.', 'speaker-avatar/SFVBTkcgWXUtSHNpdW5nLTE2NDAwNzAwMjI5MTc=.jpeg', '2021-09-30 03:44:26.080668', '2021-12-21 07:00:23.189188'),
(10, '倍帝愛波', 'Betty Apple', '現居臺灣臺北，臺灣Ｙ世代前衛藝術家，國立臺北藝術大學戲劇學系、新媒體藝術研究所畢業 。創作受銳舞派對（Rave）、次文化、前衛劇場、新媒體電影、後網路藝術影響， 常見以電子音樂創作者、聲音藝術表演者、現場藝術（Live Art）、DJ、藝術RAVE策劃等身份，實現「身體政治」的創作理念。  2021法國解放報攝影專題報導藝術家，近年受邀於義大利Santarcangelo2050前衛表演藝術節、柏林2021CTM新媒體藝術節、澳洲2021MONA音樂節等演出。', 'Betty Apple is an experimental avant-garde artist based in Taipei who belongs to the millennial generation. She has received her B.A. in Theater and M.A. in New Media Art at the Taipei National University of the Arts. Her artistic practice is deeply shaped by rave parties, subcultures, avant-garde theatre, new media films, and post-internet art. The core idea of “body politics” is manifested in many of her projects while she works as an electronic music creator, a sound performer, a live art practitioner, a DJ, and an event planner for art raves. Betty Apple is the 2021 feature artist in the “Summer Photography Series (série photo d''été)” of the French newspaper, Libération. Recent international activities as an invited artist include performances in Futuro Fantastico: Santarcangelo 2050 in Italy, CTM Festival for Adventurous Music and Art 2021 in Berlin, and Mona Foma 2021 in Australia.', 'speaker-avatar/QmV0dHkgQXBwbGUtMTY0MDA2OTk5NDI2Mw==.jpeg', '2021-09-30 03:44:38.397719', '2021-12-21 06:59:54.922624'),
(13, '吳哲宇', 'WU Che-Yu', '墨雨設計創辦人，跨領域新媒體藝術家、設計師、工程師、講師與創業者，喜歡新奇古怪的事物。藉由理性電機工程背景與感性視覺設計的混合，從自然、物理、現代藝術、數學韻律、音樂中取材，創造複合生成式的演算作品，探索藝術與工程的邊界以及極致的互動體驗。近年致力於推廣程式藝術，於Hahow開設動態網頁與互動藝術程式創作課程，引領超過萬名同學進入互動設計的世界。', 'WU Che-Yu is the founder of Monoame Design, new media artist, designer, engineer, speaker, and entrepreneur who enjoys quirky and unique things. By combining the rationality of his electrical engineering background with the sentimentality of visual design, he draws inspirations from nature, physics, modern art, mathematical rhythm, and music to create compounding algorithmic works, explore the border between art and engineering, and establish unparalleled interactive experiences. In recent years, he devoted himself to advocating for and introducing over ten thousands students to creative coding through his Hahow online courses on animated website development and creative coding for interactive art.', 'speaker-avatar/V1UgQ2hlLVl1LTE2MzM1MDIzNTA4NTk=.png', '2021-09-30 03:45:19.231201', '2021-10-06 06:39:11.050063'),
(14, '田所淳', 'Atsushi TADOKORO', '創意程式設計師／前橋工科大學副教授／東京藝術大學兼任講師／慶應義塾大學兼任講師。
田所淳（1972年生）以演算法合成的聲音來創作音樂作品，也使用筆記型電腦進行聲音與影像的即興創作。他在大學講授「創意程式設計」，例如openFrameworks、Processing，以及p5.js等等。他的授課教材可從網站https://yoppa.org/取得，許多學生與創作者都使用過這些教材。著有《超越互動：用於創意程式設計的openFrameworks實用指南》（BNN新社，2020年）。', 'Creative Coder/ Associate Professor at Maebashi Institute of Technology/ Adjunct Lecturer at Tokyo University of the Arts/ Adjunct Lecturer at Keio University. Born in 1972. He creates musical works by synthesizing sounds using algorithms and improvises with sounds and images using laptop computers. At university, he lectures on "creative coding" such as openFrameworks, Processing, and p5.js. His lecture materials are available on the website (https://yoppa.org/) and are used by many students and creators. He is the author of "Beyond Interaction - A Practical Guide to openFrameworks for Creative Coding", BNN 2020.', 'speaker-avatar/QXRzdXNoaSBUQURPS09STy0xNjMzNTAyNTM5OTg5.jpeg', '2021-09-30 03:45:34.486971', '2021-10-06 06:42:20.951649'),
(15, '崔泰潤', 'Taeyoon CHOI', '崔泰潤是一位從事素描、繪畫、電腦程式設計、行為藝術，以及錄像藝術的藝術家暨教育者。他探索科學、科技、社會，以及人類關係的詩學。他深信藝術、行動主義與教育的多元交織性，亦支持殘疾正義、環境正義，以及反種族主義。身為紐約市詩意運算學校的創立者之一，他協助建立了該校的課程與行政組織。崔泰潤目前常駐於南韓首爾。', 'Taeyoon CHOI is an artist and educator who works with drawing, painting, computer programming, performance art, and video. He explores the poetics of science, technology, society, and human relations. He believes in the intersectionalities of art, activism, and education; and he supports disability justice, environmental justice, and anti-racism. As a co-founder of the School for Poetic Computation in New York City, he helped build the school’s curriculum and administration. Now Choi is based in Seoul, South Korea.', 'speaker-avatar/VGFleW9vbiBDSE9JLTE2MzM1MDI2MDY3ODg=.png', '2021-09-30 03:45:44.562913', '2021-10-06 06:43:26.976815'),
(16, '王連晟', 'WANG Lien-Cheng', '數位藝術創作者，作品跨足於互動裝置和聲音表演。而聲音表演常搭配程式即時生成的影像，與即時運算的聲音演出。現任國立台北藝術大學專任講師。曾獲得台北美術獎首獎、台北數位藝術節互動裝置類首獎、台北數位藝術表演獎首獎、英國流明獎雕塑類首獎，並於奧地利林茲電子藝術節、比利時新科技藝術獎等國際知名藝術節展出。', 'WANG Lien-Cheng is a new media artist, open source education collaborator and audiovisual performer, residing in Taipei, Taiwan. His artistic and research involve with interactive devices and real-time sound performance. Now he is currently appointed as lecturer in the new media department of Taipei National University of the Arts. His works have been exhibited and performed at Linz Ars Eletronica (Austria), New Technological Art Award (Belgium), Les Journées GRAME (France), MADATAC (Spain), Digital Art Festival Taipei (Taiwan), Taipei Art Award, etc.', 'speaker-avatar/V0FORyBMaWVuLUNoZW5nLTE2MzM1MDI4NjU4MDk=.jpeg', '2021-09-30 03:45:55.865128', '2021-10-06 06:47:46.889664'),
(17, '吳冠儒', 'WU Kuan-Ju', '新媒體藝術家、創意工程師、教育工作者。1985 年新竹出生，交通大學電子工程學士，美國卡內基美隆大學感知互動設計碩士。曾於Tellart 互動設計事務所任職首席創意工程師。目前於加州大學柏克萊分校擔任Jacobs Institute for Design Innovation 講師。個人創作多為實體互動裝置：透過重新呈現在自然中可見的造型與動態，訴說有關未來機械的故事。期望藉由與作品互動喚起小時候豐富的感受記憶，建立人，機器以及自然間的共生互動的療癒關係。作品曾在美國Currents New Media Art Festival，奧地利林茲電子藝術節，日本Japan Media Art Festival等展出。', 'New Media Artist, Creative Technologist, Playful Educator.
WU Kuan-Ju received his Master’s in Tangible Interaction Design from Carnegie Mellon University, Pittsburgh, PA and his Bachelor in Electronics Engineering from National Chiao Tung University in Taiwan.
WU Kuan-Ju is interested in creating delightful interactions between humans, machines, and environments. He builds immersive experience and tangible interfaces that borrow facets from the shapes and movements of nature, from the stories about the future machines, and the perceptual memories from our early childhood, those intuitive, rich and satisfying experiences. He has shown work in such venues as Ars Electronica, Linz; Japan Media Art Festival, Tokyo; and Current New Media Art Festival, Santa Fe.', 'speaker-avatar/V1UgS3Vhbi1KdS0xNjMzNTAyOTkwMjY2.png', '2021-09-30 03:46:05.15022', '2021-10-06 06:49:50.475165'),
(18, '張欣語', 'CHANG Hsin-Yu', '1999年生於新竹，現就讀北藝大新媒體藝術學系，互動、聲音、裝置創作者。注重聲音及影像生成的過程及方法，聲音裝置作品除了利用有趣的運作機制來創造特殊聲響外，也嘗試以此機制作為聲音呼應生活經驗感受的中介。', 'Born in Hsinchu and currently studying in the Department of New Media Arts in National Taiwan University of Arts, CHANG Hsin-Yu is an interactive/ sound/ installation artist. He particularly focuses on the area of the creative process & various approaches in making sound and images, and his sound installation based on interesting mechanisms is created to make special sound effects as well as response to life experience.', 'speaker-avatar/Q0hBTkcgSHNpbi1ZdS0xNjMzNTAzMDM4MDU1.png', '2021-09-30 03:46:15.185672', '2021-10-06 06:50:38.249534'),
(19, '張晏慈', 'CHANG Yen-Tzu', '臺灣新媒體藝術家，畢業於林茲藝術大學（Kunstuniversität Linz）文化介面學系碩士（Interface Culture）。2016年，參與交換計劃至日本情報科學與藝術學院（IAMAS）。創作自2011年起至今，嘗試各種跨領域以及實驗聲響的創作，作品曾經於國際藝術節與研討會中呈現，包括奧地利林茲電子藝術節、義大利roBOt音樂藝術節、Linux聲響會議，以及ISEA等等。', 'CHANG Yen-Tzu (b. 1991, TW) is a Taiwanese media artist who studied in Linz, Austria in 2014. Currently, she is based in Taiwan. For CHANG Yen-Tzu, art is a language for expression. Since 2011, she combines art and technology into her artworks, including interdisciplinary art and experimental performances based on sound installations. Until now, she has delivered sound art concerts/performances and exhibited her works in many international conferences and festivals, including Ars Electronica Festival, roBOt 08 Festival, Linux Audio Conference, ISEA, Digital Design Weekend in London, etc.', 'speaker-avatar/Q0hBTkcgWWVuLVR6dS0xNjMzNTAzMDgzNDI2.png', '2021-09-30 03:46:24.611364', '2021-10-06 06:51:23.87245'),
(20, '詹媛安', 'CHAN Yuan-An', '國立臺灣大學資訊網路與多媒體碩士，曾獲K.T.獎互動藝術組金獎、技術創新獎、北藝大創作卓越獎金獎等肯定 近年參與VR虛擬實境與AR擴增實境之領域開發，致力於科技與藝術結合的技術研發、視覺呈現、美學體驗等領域。', 'CHAN Yuan-An graduated with a Bachelor’s degree in New Media Art from Taipei National University of the Arts (TNUA) and a Master’s degree in Networking and Multimedia from National Taiwan University. CHAN has received K.T. Awards for interactive art and technological innovation; 2017 Division of Reality – Outstanding Art Prize. CHAN’s works have also been featured at Nuit Blanche and other events. Currently, Chan is devoted to the interdisciplinary integration of technology and art.', 'speaker-avatar/Q0hBTiBZdWFuLUFuLTE2MzM1MDMxMzUyODQ=.png', '2021-09-30 03:46:33.830933', '2021-10-06 06:52:15.491237'),
(21, '劉庭均', 'LIU Ting-Chun', '⽣於臺灣臺北。畢業於北藝⼤新媒系，現就讀德國科隆媒體藝術學院媒體與藝術學位。媒材著重於網路藝術、演算⾳像、⾝體⾏為等。以真實與數位的認知與⾝體關係出發，藉科技媒 體與互動程式的操作，探討與模糊網路時代下的 數位⼆元論。近期專注於⾃然語⾔⽣成與網⾴開發。
個人網站：https://www.liutingchun.com', 'Born in Taipei, Taiwan, LIU Ting-Chun currently studies Media and Fine Art at the Academy of Media Arts Cologne, Germany. His media focuses on internet art, generative audio-visual, and body performance. His works revolve around the cognitive and bodily relationship between reality and digital discoursing and blur the digital dualism in the Internet era through media and interactive programming. Recently, he has focused on natural language generation and web development.
Personal Website: https://www.liutingchun.com', 'speaker-avatar/TElVIFRpbmctQ2h1bi0xNjMzNTAzMTgxNzE2.png', '2021-09-30 03:46:43.499819', '2021-10-06 06:53:01.912181'),
(22, '陳美璇', 'Vanessa CHEN', '畢業於國立臺灣師範大學美術所，主修西洋美術史。具數位平台開發與多媒體展覽執行經驗，擅長資料解析、內容轉譯，樂於跨領域合作。2020年Lab Kill Lab計畫執行製作，擁抱工作坊的不確定與多樣性。 ', 'Vanessa graduated with a master’s degree in Western Art History from National Taiwan Normal University. She has a long track record of executing projects of digital platforms and multimedia exhibitions. She is specialized in data deciphering, content interpretation and collaboration with people from different backgrounds. Embracing uncertainty and diversity of workshops, she was the executive producer of Lab Kill Lab in 2020.', 'speaker-avatar/VmFuZXNzYSBDSEVOLTE2MzM1MDMyNjQwOTc=.png', '2021-09-30 03:46:56.544378', '2021-10-06 06:54:24.305223'),
(23, '孫永貞', 'SUN Yung-Chen', 'TBC', 'TBC', 'speaker-avatar/U1VOIFl1bmctQ2hlbi0xNjMzNTAzMzQ1MDI2.png', '2021-09-30 03:47:06.078703', '2021-10-06 06:55:45.253917'),
(24, '林欣美', 'LIN Hsin-Mei', '現為臺北市立大直高中美術教師，英國倫敦大學博士生，畢業於國立臺北藝術大學新媒體藝術學系碩士班。作品多為實驗動畫影像、影像裝置，從日常生活的片段出發，嘗試物件與觀眾之關係，至教育現場探討的環境議題和地圖誌。
臺北市卓越藝術種子教師、夢N 講師、翰林教科書撰寫委員、北藝大新媒體課程研發推廣團隊、臺東駐校藝術家教師，並曾參與教育局、教育部相關藝術教育計畫，嘗試新媒體藝術於義務藝術教育的轉譯。', 'Graduated from the department of New Media Art at National Taipei University of the Arts, Hsin-Mei is currently an art teacher at Dazhi High School in Taipei and a doctoral student in University College London. As an educator and artist, her works are mostly experimental animation and interactive installations, which deconstruct the relationship between images, objects, and audiences in response to her daily life. In addition, environmental and sustainable issues are the topics that she is usually concerned about. Hsin-Mei is a seeded teacher and lecturer in some educational programmes for the Ministry of Education in Taiwan and she is writing textbooks for the students in compulsory education. She has cooperated with some artists from Taiwan and the UK and has been developing new media art curriculums in order to bring more possibilities to teachers, artists and students.', 'speaker-avatar/TElOIEhzaW4tTWVpLTE2MzM1MDM1MDUwOTE=.jpeg', '2021-09-30 03:47:23.708007', '2021-10-06 06:58:26.061767'),
(25, '鄭永峻（瓦特）', 'CHENG Yung-Chun', '一位在電腦教室教美術，對新事物充滿好奇的國小老師。', 'CHENG Yung-Chun is an elementary school teacher who teaches arts in computer classroom and has great curiosity about novelties.', 'speaker-avatar/Q0hFTkcgWXVuZy1DaHVuLTE2MzM1MDM2NDgzNzQ=.jpeg', '2021-09-30 03:47:33.093231', '2021-10-06 07:00:49.448353'),
(26, '黃信惠', 'David HUANG', '在康橋國際學校教授多年Maker以及Arduino相關課程，強調以創意為主、技能為輔，培養孩子面向未來的能力。建築設計背景，自學程式語言的經驗，做過產品開發、藝術創作、教學等工作，近年來以跨領域經驗，在FB與Youtube分享許多教學成果以及作品。', 'David HUANG has taught courses on Maker and Arduino at the Kang Chiao International School for years. He sets great store by creativity and treats techniques as supplements, aiming to develop students’ ability to confront the future. He has a background in architecture and design and teaches himself coding. He used to engage in product development, artistic creation, and education. In recent years, he has shared his works and teaching achievements based on his transdisciplinary experience on Facebook and YouTube.', 'speaker-avatar/RGF2aWQgSFVBTkctMTYzMzUwMzY5ODQzOQ==.png', '2021-09-30 03:47:45.311561', '2021-10-06 07:01:38.643716'),
(27, '侯君昊', 'HOU June-Hao', '交大應用數學系、應用藝術碩士、哈佛設計碩士與博士，現任陽明交通大學建築研究所副教授兼所長、跨領域設計科學研究中心創新長。研究與創作興趣為科技與新興議題相關的跨域作品和實踐，樂於發掘、填補領域鴻溝。長年投入數位媒體、創新設計、科技藝術、人機互動、資訊視覺化、社會創新等領域，支持各類開源、前衛與數位文化專案。', 'Associate Professor and Director at the Graduate Institute of Architecture, National Yang Ming Chiao Tung University (NYCU), Taiwan. He is also the Chief Innovation Officer at the TDIS, NYCU. Dr. Hou received Master of Design Studies (1999) and Doctor of Design (2006) from Harvard GSD. Before that he studied Applied Mathematics (1992) at and received MA in Design (1996) from NCTU.
His researches and creations investigate topics in technological and contemporary issues through cross-disciplinary work of art and practices. His main interest is finding and bridging the gaps. Dr. HOU is active in areas such as digital media, innovative design, digital art, human-machine relationship, information visualization and social innovation. He devoted himself in open source, Avant-garde, and digital culture projects for the greater good.', 'speaker-avatar/SE9VIEp1bmUtSGFvLTE2MzM1MDM3NDA5MzE=.png', '2021-09-30 03:48:00.738707', '2021-10-06 07:02:21.13501'),
(28, '李家祥', 'LEE Chia-Hsiang', '1970年生，臺北人，互動摺紙藝術家，科技藝術工程師。臺北科技大學機電整合研究所碩士，多盒心工作室創作者。 從1995年以來，經歷工廠自動化控制程式設計，資料庫網站平台建置，到互動藝術創作，以及互動技術及系統研發，累積了將近20年的程式開發經驗。目前主要從事於數位藝術及互動藝術之創作與教學推廣，以及互動系統開發之整合與應用，並多次擔任工作坊的授課老師，協同教學的工作，同時，與不同領域藝術家進行合作創作，以及學生創作之技術指導。
此外，對於摺紙藝術也相當喜愛，尤其喜愛容器類造形的摺紙，堅持一張紙，不能剪，不能黏的摺紙原則，從原本最基本的紙盒造形，演化出各種創意的紙盒作品。於2009年，在臺北數位藝術中心，以互動摺紙為主題，展出個人的首次個展－「多面 MultiConstrain」，並於2013年，首次於阿根廷404電子藝術節，展出個人互動摺紙作品－「多盒心 MultiCore」, 於2015年，於臺南醉美空間，展出最具個人創作代表性的互動摺紙個展－「多盒效應 The Effect of MultiCore」, 此後，全力投入互動摺紙作品創作，結合互動科技，數學與摺紙藝術，期望將摺紙中獲得的創意推廣出去。', 'Interactive origami artist and technology art engineer. He holds a master’s degree from the Graduate Institute of Mechatronic Engineering, National Taipei University of Technology. His research mainly focuses on the development of interactive system, multimedia interactive design and internet interactive interface integration. He currently engages in the creation and education of digital and interactive art. He is also fascinated with the art of origami and insists on creating origami without cutting or pasting, creating a wide range of creative works based on the most basic paper box form.', 'speaker-avatar/TEVFIENoaWEtSHNpYW5nLTE2MzM1MDM5MTA4MTg=.png', '2021-09-30 03:48:11.598405', '2021-10-06 07:05:11.062736'),
(29, '李紫彤', 'LEE Tzu-Tung', '臺灣觀念藝術家。其作品結合人類學研究與政治行動，探索人們如何建立政治、性別以及疾病的認同，並因其重獲自主性。遊走於錄像、裝置、網路藝術、行為表演等藝術形式，他也將各媒材轉換成參與式計畫，邀請參與者們成為個計畫的共同創作者，一齊挑戰、解殖當代的藝術、科技與各式權威。李紫彤畢業於台大農經系、獲有芝加哥藝術學院藝術創作碩士及麻省理工學院建築碩士的全額獎學金，她的作品在全球各地皆有展出，包括 MOCA Taipei、C-LAB （臺灣）、Cuchifritos Gallery, Stanford University, Tom Robbinson Gallery（美國）、 Lisbon University （葡萄牙）、ArtScape（加拿大）等等。他也是許多政治與藝術活動的召集人、科技與藝術合作團體的創始人、以及藝術與人類學跨界展覽的策展人。
詳見網站 www.tzutung.com', 'LEE Tzu-Tung is a political artist from Taiwan. Combining anthropological field research and political activism, zir art projects explore how one survives and negotiates autonomy with multiple forms of political, gender, and illness identities. Surfing between video, installation, web-art, and performance artforms, Tzu-Tung often introduces participatory method in zir works, invites participants as collective creators to test and decolonize the contemporary form of art, technology, and authorities. Tzu-Tung had an MFA with a full merit scholarship from the School of Art Institute of Chicago, Film, Video, Animation, and New Media Program, a BS from National Taiwan University, Agricultural Economics department. Zir artworks have been exhibited globally, including MOCA Taipei, C-Lab (TW), Cuchifritos Gallery, Stanford University, Tom Robbinson Gallery (US), Lisbon University (PT), ArtScape (CA), etc. Tzu-Tung is also the organizer for serval Taiwan’s Indigenous and gender movements, the founder of an artist-technologist collaborative NPO, and the curator for art and anthropology exhibitions.', 'speaker-avatar/TEVFIFR6dS1UdW5nLTE2MzM1MDQwMzk5NzA=.jpeg', '2021-09-30 03:48:31.176653', '2021-10-06 07:07:20.935214'),
(30, '林安琪 [Ciwas Tahos]', 'Anchi LIN [Ciwas Tahos]', '畢業於加拿大西蒙菲莎大學當代美術系，目前就讀國立臺北藝術大學新媒體藝術碩士班，創作領域在行為藝術、錄像藝術和裝置藝術之間，最近發表作品包含《水池中的土地》2021綠島人權藝術祭。回臺灣後踏上自我解殖的旅程，以個人感受探所體制規範中被邊緣化的人、事、物，並透過作品創作探討不被看見的集體意識和個人意識。', 'Anchi LIN [Ciwas Tahos] completed a Bachelor of Fine Arts in Visual Art from Simon Fraser University in Canada. She is currently pursuing a Master of Fine Art in New Media Art at the Taipei National University of the Arts. Her practice spans a range of art forms, including performance, video, and installation. Her recent work The Land in the Middle of the Pond was commissioned by the 2021 Green Island Human Rights Art Festival. After returning to Taiwan, she has been on a journey of decolonizing herself. Her personal sensitivity has been the catalyst for creating her artworks to navigate realms that fall between the fields of individual and collective consciousness.', 'speaker-avatar/QW5jaGkgTElOIFtDaXdhcyBUYWhvc10tMTYzMzUwNDExMjU4Mw==.jpeg', '2021-09-30 03:48:41.616715', '2021-10-06 07:08:34.941628'),
(31, '林心瑜', 'Xin Xin', '藝術家、教育工作者。 1986 年臺北出生，芝加哥藝術學院電影學士、加州大學洛杉磯分校數位媒體碩士。目前擔任紐約帕森設計學院互動媒體教授。2019 年策劃全球逾ㄧ百個城市舉辦的Processing 社區日，推廣藝術和軟體間無限可能。2020 年獲紐約 EYEBEAM數位未來獎。2021 年獲選日舞影展駐村藝術家。個人作品擅長透過軟體設計，探索語言、文字創作、和人與人之間達成共識的可能性。', 'Xin Xin is an interdisciplinary artist and community organizer currently making socially-engaged software that explores the possibilities of reshaping language and power relations. Through mediating, subverting, and innovating modes of social interaction in the digital space, Xin invites participants to relate to one another and experience togetherness in new and unfamiliar ways.
As an artist, their work has been exhibited internationally at Ars Electronica, DIS, Gene Siskel Film Center, Tiger Strikes Asteroid and Machine Project. Most recently their project Togethernet was selected for the 2020 Rapid Response for a Better Digital Future Fellowship at Eyebeam. They are also an 2021 Art of Practice Fellow and Community Leader at the Sundance Institute. As an organizer, Xin co-founded voidLab, a LA-based intersectional feminist collective dedicated to women, trans, and queer folks. They were the Director for Processing Community Day 2019 and they serve on the advisory board for the Processing Foundation.
Born in Taipei, Taiwan and raised in Massachusetts, United States. Xin identifies as a cross-cultural, non-binary, anacho-feminist and will probably always have a genre-nonconforming practice. Xin received their M.F.A from UCLA Design Media Arts and teaches at Parsons School of Design as an Assistant Professor of Interaction and Media Design.', 'speaker-avatar/WGluIFhpbi0xNjMzNTA0MjA5MzYx.png', '2021-09-30 03:50:46.842821', '2021-10-06 07:10:09.573246'),
(32, '林書漾', 'LIN Shu-Yang', '哥本哈根互動設計學院畢業，後續接連在丹麥、日本、荷蘭等地工作，2016 年回臺參與g0v社群vTaiwan小坑，同時間加入唐鳳辦公室，與PDIS 團隊一同建立開放政府與協作會議機制。因懷念創作，隔年成立 Creatige Coding Taipei，與社群每週相約飲酒、聊天、創作。現任PDIS 設計顧問，並在母校CIID 擔任講師。', 'LIN Shu-Yang graduated from CIID (Copenhagen Institute of Interaction Design), and has worked in Denmark, Japan, and the Netherlands before coming back to Taiwan in 2016. She participated in vTaiwan, a digital regulation reform community, while working with the digital minister on setting up open government protocols, inviting citizens directly in the policy making process. Out of missing creative works, Shu-Yang also founded Creative Coding Taipei where she and her friends drink, chat, and code. Shu-Yang is currently a design consultant of PDIS and lecturing in CIID.', 'speaker-avatar/TElOIFNodS1ZYW5nLTE2MzM1MDQyNTIzNzc=.png', '2021-09-30 03:50:56.835589', '2021-10-06 07:10:52.583974'),
(33, '郭銳文（Raven Kwok）', 'Raven Kwok', '視覺藝術家兼創意技術工作者。他的藝術創作和學術研究領域集中於探索電腦程式演算法在視覺美學表達上的可能性。2014年他畢業於倫斯勒理工學院電子藝術專業（RPI iEAR） 並獲得藝術碩士學位。他的作品受邀在全球各個媒體藝術與電影節展覽展映。', 'Raven Kwok (aka GUO Ruiwen) is a visual artist and creative technologist. His artistic and research interest mainly focus on exploring generative visual aesthetic brought by computer algorithms and software processes. In 2014, Kwok graduated from Rensselaer Polytechnic Institute (RPI) with the M.F.A. degree in Electronic Arts. His works have been exhibited and screened at media art and film festivals worldwide.', 'speaker-avatar/UmF2ZW4gS3dvay0xNjMzNTA0MzMzNTY5.png', '2021-09-30 03:51:10.497042', '2021-10-06 07:12:13.76706'),
(34, '劉佩雯', 'Pei', '聲音藝術家與文化策動者，數位藝術碩士(瑞典歌德堡大學 2010-2013)/(加拿大蒙特婁協合大學 2011-2012)。專注於音景、數位文化、實驗教育的概念與實作練習。自 2004 年起，除了個人創作以外，策動數位藝術相關展演、工作坊等。個人研究範疇包括聲、音和影像間可互換的語素，意旨將非物質及現像透過藝術創作和工作坊的過程來實質化。2015年底樂之予在水裡出生，人生角色又多了一個。', 'Pei is a sound artist and culture facilitator, MFA from Valand School of Art, Gothenburg University, Sweden (2010-2013) and Concordia University in Montreal, Canada (2011-2012). Her works focus on both conceptual and practical aspects of open culture community in the fields of soundscape, digital culture and experimental education. Since 2004, Pei curates digital art related festivals, actions and workshops. As a sound artist, her work involves field-recording, performing improvisational soundscape and acosmatic art. She is interested to experiment with interchangeable vocabulary between sound and visual art, aiming in materialising the immateriality. In 2015, her son Niels Zhi-Yu Hoffmann was born in water.', 'speaker-avatar/UGVpLTE2MzM1MDUzMzUyODg=.jpeg', '2021-09-30 03:52:17.367247', '2021-10-06 07:28:56.183724'),
(35, '羅伃君', 'LO Yu-Chun', '新北人，目前主要居住於荷蘭。2020年一月剛從荷蘭安荷芬設計學院（Design Academy Eindhoven）的大學部Man & Communication系所畢業。興趣廣泛，一直以來對於人的內在思考、複雜情感與文化所引發的行動感興趣，出國唸書前八年曾嘗試過許多不同工作，作為實踐參與觀察的方式。嘗試透過創作中的研究過程，用新的角度去挖掘更深層的人性價值。', 'LO Yu-Chun was born in northern Taiwan, and has been based in the Netherlands since 2015. She graduated with a bachelor ''s degree in Man & Communication department from Design Academy Eindhoven in 2020. LO Yu-Chun has broad interests in many different topics. Many of her works focused on how people’s behaviors are influenced by the inner world such as thinking, emotions, ideology and culture, etc., and aim to get a deeper understanding of what is the essence of being a human.', 'speaker-avatar/TE8gWXUtQ2h1bi0xNjMzNTA1NDg0MzA4.jpeg', '2021-09-30 03:52:32.899445', '2021-10-06 07:31:24.856706'),
(36, '顧廣毅', 'KU Kuang-Yi', '生於臺灣臺北；目前居住於荷蘭與臺灣從事創作工作。現為TW BioArt臺灣生物藝術社群共同創辦人，碩士畢業於荷蘭安荷芬設計學院（Design Academy Eindhoven）社會設計研究所（MA, Social Design）、國立陽明大學臨床牙醫學研究所、實踐大學媒體傳達設計研究所，大學畢業於高雄醫學大學牙醫學系；具有牙醫師、生物藝術家以及社會設計師等多重身分。他試圖拓展藝術、設計與科學結合的可能性，作品主要專注於臨床醫學、人類身體、人與其他物種的關係以及性別議題，嘗試藉由藝術實踐與設計方法去探索科學領域中的倫理問題，並藉此思考科技、人類個體和環境之間的關係。', 'KU Kuang-Yi was born and raised in Taipei, Taiwan, and has been based in the Netherlands since 2016. He graduated with triple master degrees in social design from Design Academy Eindhoven; in dentistry from National Yang-Ming University; and in Communication Design from Shih Chien University. Formerly a dentist, KU is a bio-artist and social designer. He founded TW BioArt (a Taiwan bioart community) to stimulate the fields of BioArt and Science + Art in Taiwan. His works often deal with the human body, sexuality, interspecies interactions, and medical technology, and aim to investigate the relationships among technology, individuals, and the environment.', 'speaker-avatar/S1UgS3VhbmctWWktMTYzMzUwNTgzMzYxOQ==.jpeg', '2021-09-30 03:52:43.882131', '2021-10-06 07:37:14.55044'),
(37, '田倧源', 'IEN Zong-Yuan', '臺灣人；於臺灣臺南生活、創作。 畢業於成大建築研究所設計組，並取得建築師資格。 近年參與多項建築、電影、藝術拍攝計畫、參與式創作、工作坊， 現為「你哥影視社」社員。嘗試探索動態影像與空間之間的關係， 並對地點、場所、構造物、歷史碎屑充滿濃厚興趣，尋找建築的實驗性格。', 'TIEN Zong-Yuan is an architectural artist based on Tainan, Taiwan. He graduated with an M.Arch. degree in Architecture Design from NCKU in 2016, and became an architect in 2018. Now he is a member of Your Bros. Filmmaking Group, and has participated in various art scenes. His works often deal with spatial issue and motion images, and focus on the experimental expression of historical fragments and construction meaning on site. ', 'speaker-avatar/SUVOIFpvbmctWXVhbi0xNjMzNTA1ODkwNTY4.jpeg', '2021-09-30 03:52:52.654101', '2021-10-06 07:38:31.145777'),
(38, 'Markus HECKMANN', 'Markus HECKMANN', 'Markus HECKMAN於1977年在東德萊比錫出生。他曾就讀伊爾默瑙工業大學與魏瑪包浩斯大學，攻讀媒體科技。他於2006年1月離開大學，接下位於加拿大多倫多，創建了TouchDesigner的Derivative技術主管一職。他除了為Derivative社群創建工具與工作流程，參與形塑這套軟體的未來之外，也致力於工作坊和講座等教育推廣。他亦為Derivative的TouchDesigner高峰會策劃團隊之一，並直接為客戶提供商業與藝術的計畫和裝置。他也曾在蒙特婁、布宜諾斯艾利斯的Mutek數位創意暨電子音樂節、德國海德瑙的 Cutting Edge Canada音樂節，以及德州休士頓Day4Night藝術暨音樂節等地，呈現他利用TouchDesigner製作的音像裝置與表演。', 'Markus HECKMANN was born 1977 in Leipzig, GDR. He attended the University Ilmenau and Bauhaus University Weimar studying Media-technology. He left university in January 2006 to work as a Technical Director with Derivative, the makers of TouchDesigner, in Toronto, Canada. Besides his work at Derivative where he creates tools and workflows for the community, participates in shaping the future of the software, is active in educational efforts such as workshops and talks, is part of the organizational team of Derivative’s TouchDesigner Summit, and directly supports customers with projects and installations–commercial and artistic alike, HECKMANN utilizes TouchDesigner in his own practice for audio-visual installations and performances with appearances at Mutek Montreal, Mutek Buenos Aires, Cutting Edge Canada in Heidenau Germany, Day4Night in Houston Texas and more.', 'speaker-avatar/TWFya3VzIEhFQ0tNQU5OLTE2MzM1MDYwNjMzMzk=.png', '2021-09-30 03:53:07.660217', '2021-10-06 07:41:03.549083'),
(39, '葉廷皓', 'YEH Ting-Hao', '臺北藝術大學 新媒體藝術學系 兼任講師新媒體藝術創作與教育者，擅長程式動態影像、實驗聲響與表演藝術。作品多聚焦於聲音與影像之間的關聯，企圖融合預製與即時發生的事件，以錯誤美學為出發，企圖尋找屬於新媒體時代的諧擬與辯證。大量參與臺灣實驗聲音場景活動，如超響、失聲祭。除了個人作品之外，也參與舞蹈與劇場製作。例如蘇文琪的《Loop Me》、《ReMove Me》與《W.A.V.E》，Naxs Crop.涅所開發的《Render Ghost》。2013起與姚仲涵組成Audio-Visual 團體HH。目前為實驗音像推廣團體「噪流」現任負責人，並在多所大學相關科系兼課。2017開始與陳品辰共同經營TouchDesignerTW社團，並舉辦多次推廣工作坊。
https://www.yehtinghao.net/
https://www.facebook.com/fluidnoise', 'New Media Artist and Lecturer
YEH is a new media artist and lecturer who works in the field of creative coding, experimental sound and performing arts. His works mostly focus on the relationship of sound and visual, attempting to integrate prefabricated and instantaneous events, starting from glitch aesthetics, and attempting to find harmony and dialectics belonging to the new media age. He participates extensively in Taiwan’s experimental sound scene activities, such as TRANSONIC, Lacking Sound Festival. He is currently the head of the experimental audio-visual promotion group “Noise Fluid”, and concurrently teaches in relevant departments of many universities. In 2017, YEH started to run TouchDesignerTW community together with Yea CHEN and held several promotion workshops.
https://www.yehtinghao.net/
https://www.facebook.com/fluidnoise', 'speaker-avatar/WUVIIFRpbmctSGFvLTE2MzM1MDY1MzE4NjI=.jpeg', '2021-09-30 03:53:18.289173', '2021-10-06 07:48:53.955948'),
(40, '陳品辰', 'Yea CHEN', '基於表演藝術的多媒體開發者，擅長節點式編程、著色器語言。學習與實務經驗包含舞台技術、機關、數位控制、木工與鐵工、電影攝影與燈光、剪輯與後期、繪畫、圖學與光學技巧、機器視覺原理、基礎電子工作、網路通信、程式設計、基礎敘事理論，既多且雜且淺。 因此較能用既存工藝上的多視角來檢視與尋找將其轉化為數位工法之途徑。
https://github.com/yeataro
https://www.facebook.com/chillproduction2016/', 'Multimedia creator
Chief Technology Officer at ChillProduction
CHEN is a performing arts-based multimedia developer, specializing in visual programming and shading languages. Past experiences include stagecraft, digital control, carpentry, ironworks, cinematography and lighting, editing and post production, drawings, graphics and optical techniques, machine vision theory, fundamentals of electronics, network communication, computer programming, as well as basic narrative theory. With such a wide, albeit cursory array of experiences in a multitude of fields, CHEN possesses a unique ability to examine and search for a path of digitization for existing arts and crafts from a variety of perspectives. https://github.com/yeataro
https://www.facebook.com/chillproduction2016/', 'speaker-avatar/WWVhIENIRU4tMTYzMzUwNjQ2MjE3MQ==.jpeg', '2021-09-30 03:53:27.229943', '2021-10-06 07:47:43.057461'),
(41, '廖子宏', 'Katherine LIAO', 'TouchDesigner愛好者與重度使用者。近年多關注在滴流視覺效果研究、介面系統設計、Dome Projection等。同時也是互動設計師、軟體工程師，擅長視覺互動設計、裝置互動設計。曾擔任2020空總C-LAB《FUTURE VISION LAB》Dome投影系統整合設計、2020空總C-LAB《FUTURE VISION LAB - Alpha Doggo—Dream (achine) Capsule》 影像視覺創作、2019臺北燈節《祈福拉霸機》裝置整合與視覺互動設計、2019科教館——設計我們的世界《19世紀、21世紀展示單元》多媒體裝置整合與視覺互動設計、2018臺中世界花卉博覽會-花舞館《蛻變進行曲-幻想實驗室》裝置視覺互動設計、2018超親密小戲節-條通區《跨際區 Interzone》影像視覺創作。', 'As a TouchDesigner aficionado and its heavy user, Katherine LIAO has focused her interests on the visual effect of trickling liquid, interface system design, and Dome Projection in recent years. She is also an interactive designer and a software engineer who excels in visual interactive design and installation interactive design. She was the designer of the Dome projection system for the C-LAB’s FUTURE VISION LAB (2020) and the visual image creator for the C-LAB’s FUTURE VISION LAB—Alpha Doggo—Dream(achine) Capsule (2020). She was in charge of the installation integration and visual interactive design for the Taipei Lantern Festival’s Praying Slot Machine (2019), as well as the multimedia installation integration and visual interactive design for the Display Section of the 19th and 20th Centuries of Design Our World hosted by the National Taiwan Science Education Center (2019). She also engaged in the installation visual interactive design for the Metamorphosis March—Fantasy Lab at the Blossom Pavilion of the Taichung World Flora Exposition (2018), and the visual image creation for the Interzone in the Jyodori Area at the CLOSE TO YOU International Puppet Festival Taipei (2018).', 'speaker-avatar/S2F0aGVyaW5lIExJQU8tMTYzMzUwNjMyNTg0OA==.png', '2021-09-30 03:53:45.183189', '2021-10-06 07:45:26.048226'),
(42, 'Bileam TSCHEPE', 'Bileam TSCHEPE', 'Bileam TSCHEPE又名elekktronaut，是一位以柏林為創作基地的藝術家與教育工作者。他以TouchDesigner創作音頻反應、互動和有機的數位藝術作品、系統及裝置，與世界各地的人們合作，也教導他們使用TouchDesigher。他以網路設計與編碼起家，使用Ableton、Resolume，以及Processing等軟體，並攻讀互動設計，後來發現了TouchDesigner，成為他現在的主要創作工具。在眾多作品中，他試圖以編碼模仿自然的圖案與行為，並將它們與聲音相連結。', 'Bileam TSCHEPE aka elekktronaut is a Berlin based artist and educator who creates audio-reactive, interactive and organic digital artworks, systems and installations in TouchDesigner, collaborating with and teaching people worldwide. He started with web-design and coding and worked with software like Ableton, Resolume and Processing, studied Interaction Design and later discovered TouchDesigner, which is his current main focus. In a lot of his works, he aims to imitate natural patterns and behaviours with coding and brings them in connection with sound.', 'speaker-avatar/QmlsZWFtIFRTQ0hFUEUtMTYzMzUwNjI2MjMzNw==.jpeg', '2021-09-30 03:54:02.112547', '2021-10-06 07:44:23.256363'),
(43, 'Matthew RAGAN', 'Matthew RAGAN', 'Matthew RAGAN擔任教育工作者、導師與顧問的時間已逾十五年。他擁有一個內容豐富的教學資源檔案庫，可供創意程式設計社群使用。他同時也專精於創建數位環境互動系統。他於2015年從亞利桑那州立大學跨領域數位媒體暨表演學程取得碩士學位。在此之前，他曾擔任麥迪遜廣場花園公司即時內容創作的軟體總監，以及Obscura Digital的互動工程師。', 'Matthew has worked as an educator, mentor and counselor for over 15 years. He has a robust archive of teaching resources for the creative-coding community, and specializes in creating interactive systems for digital environments. He received his MFA from Arizona State University in Interdisciplinary Digital Media and Performance in 2015. Previously, Matthew has worked as the Director of Software specializing in Real Time Content Creation at the Madison Square Garden Company, as an interactive engineer Obscura Digital.', 'speaker-avatar/TWF0dGhldyBSQUdBTi0xNjMzNTA2MjE1NzYx.jpeg', '2021-09-30 03:54:13.623532', '2021-10-06 07:43:36.456984'),
(44, 'Stefan KRAUS', 'Stefan KRAUS', '1974年生於德國科隆，工程碩士。
http://www.mxzehn.de  http://www.thenodeinstitute.org
Stefan KRAUS是一位以柏林為基地的媒體藝術家與教育工作者，亦為創意程式設計教育樞紐「節點機構」（The NODE Institute）、 Genius Loci Weimar光雕投影節，以及媒體藝術工作室MXZEHN的共同創立者。他在德國魏瑪包浩斯大學接受建築師的訓練，利用互動與衍生媒體，以及抽象意境的敘事潛能去探索實體結構的擴增。他對現場視覺即興創作藝術深感興趣，也為劇場、舞蹈與音樂表演製作擴增舞台布景。他樂於與不同大學的學子和創意程式設計社群分享他的知識與經驗。他的工作室為商業客戶、藝術節、機構與展覽製作互動裝置、現場媒體表演，以及擴增實境的應用程式。', 'Dipl. - Ing. Stefan Kraus, *1974 in Cologne, Germany
http://www.mxzehn.de  http://www.thenodeinstitute.org
The Berlin based media artist and educator, Stefan KRAUS, is co-founder of the creative coding education hub, The NODE Institute, the projection mapping festival, Genius Loci Weimar, and the media art studio, MXZEHN. Trained as an architect at Bauhaus-University Weimar, Stefan explores the augmentation of physical structures using interactive and generative media and the narrative potential of abstract imagery. He holds a special interest in the art of live visual improvisation and creates augmented scenographies for theater, dance and music performances. Stefan enjoys sharing his knowledge and experience with the students of different universities and the creative coding community. His studio produces interactive installations, live media performances and augmented reality applications for commercial clients, festivals, institutions and exhibitions.', 'speaker-avatar/U3RlZmFuIEtSQVVTLTE2MzM1MDYxNTczMDA=.png', '2021-09-30 03:54:26.557612', '2021-10-06 07:42:37.491941'),
(45, 'AND臺灣藝術與科技中⼼', 'Taiwan Arts and Technology Center (AND)', '藝術與科技的跨域實驗創作、媒合平台。
AND由超維度Dimension Plus營運，是藝術與科技的跨域實驗創作、媒合與推廣平台。超維度長期致⼒於推動臺灣藝術與科技的實驗、推廣與媒合⼯作。與文化部「科技藝術實驗創新及輔導推動計畫」合作，整合臺灣藝術科技資源，以培育協助新興科技藝術團隊為⽬標，連結國際網絡及資源，協助新興創作者將實驗構想落實，並得到更多支持及發展。', 'AND, operated by Dimension Plus, is a platform for arts and technology interdisciplinary experimental creation, matchmaking and promotion. Dimension Plus is working long-term to promote Taiwan’s arts and technology experiments, promotion and matchmaking work. Along with the Ministry of Culture’s Arts and Technology: Creative Innovation and Counseling Project, we seek to integrate Taiwan’s arts and technology resources with the goal of cultivating and assisting up-and-coming technology and arts groups, connecting with international networks and resources, helping emerging creators realize their experimental ideas and obtaining more support and development for them.', 'speaker-avatar/dW5kZWZpbmVkLTE2MzM1MDAzMzQ5OTc=.jpeg', '2021-10-06 06:05:35.2673', '2021-10-06 06:05:35.2673'),
(46, 'TouchDesignerTW (TDTW)', 'TouchDesignerTW (TDTW)', 'TouchDesigner是一種基於節點的視覺化創意程式撰寫環境，用於即時互動式多媒體內容，由多倫多的Derivative公司開發。它被藝術家，程式設計師，創意程式工程師，軟體設計師和表演者用於創作表演，裝置和常駐媒體作品。 TouchDesignerTW(TDTW) 為其在臺灣的自發性社群組織，並常與Derivative官方合作在臺灣展開活動，TouchDesignerTW的成立與運作旨在教育、推廣、交流關於TouchDesigner的學習與應用。
https://www.facebook.com/groups/TouchDesignerTW', 'Developed by the company Derivative in Toronto, TouchDesigner is a node-based environment of visualized creative coding for real-time, interactive multimedia content. Artists, programmers, creative coding engineers, software designers, and performers use it in performances, installations, and permanent media works. As a spontaneous community, TDTW often organizes events in collaboration with Derivative in Taiwan. TDTW serves as a platform for the education, promotion and exchange concerning the learning and application of TouchDesigner.
https://www.facebook.com/groups/TouchDesignerTW', 'speaker-avatar/dW5kZWZpbmVkLTE2MzM1MDY2MTE1OTY=.png', '2021-10-06 07:50:11.719126', '2021-10-06 07:50:11.719126');

INSERT INTO "public"."activities_speakers_j" ("activity_id", "speaker_id") VALUES
('0708f61d-85d2-405c-afe4-642b1e59b227', 24),
('0708f61d-85d2-405c-afe4-642b1e59b227', 25),
('0708f61d-85d2-405c-afe4-642b1e59b227', 26),
('31c62614-9d10-4045-b201-32b5c73591c9', 1),
('31c62614-9d10-4045-b201-32b5c73591c9', 3),
('31c62614-9d10-4045-b201-32b5c73591c9', 4),
('31c62614-9d10-4045-b201-32b5c73591c9', 5),
('31c62614-9d10-4045-b201-32b5c73591c9', 6),
('3d332cd1-c49d-4358-a516-383995b69b1b', 43),
('439a233a-8b87-487d-9610-dc96ba6ee8ba', 27),
('439a233a-8b87-487d-9610-dc96ba6ee8ba', 28),
('443e7a5e-6d51-4d39-9bc0-fd71e579da09', 2),
('45d4701c-1ae4-4970-9902-6774fdb4c45b', 1),
('45d4701c-1ae4-4970-9902-6774fdb4c45b', 34),
('4b81337f-fde0-4d34-b184-813fef705d3a', 15),
('62f3fd16-fb82-4a2c-a411-f3071467384d', 1),
('62f3fd16-fb82-4a2c-a411-f3071467384d', 22),
('64f0b1b0-1aef-47db-85e2-46e3828803fb', 44),
('6cde97f5-fce8-427c-84ce-72825ff61d4e', 19),
('6cde97f5-fce8-427c-84ce-72825ff61d4e', 22),
('6cde97f5-fce8-427c-84ce-72825ff61d4e', 29),
('6cde97f5-fce8-427c-84ce-72825ff61d4e', 30),
('70ab908f-ba0c-42e2-ada9-ea5f45933fef', 41),
('7a8f2ede-d9cc-49fb-aa0a-5c206fd43db1', 16),
('7f147c69-697e-4276-89a8-53dc47a56fec', 38),
('811b2aa9-f437-4c2d-b354-cd6f01d38ce0', 13),
('811b2aa9-f437-4c2d-b354-cd6f01d38ce0', 16),
('8d157b66-ebd6-4177-8805-4315eea62759', 2),
('8d157b66-ebd6-4177-8805-4315eea62759', 8),
('8d157b66-ebd6-4177-8805-4315eea62759', 18),
('8d157b66-ebd6-4177-8805-4315eea62759', 39),
('93cbe058-fd38-4a18-a65e-cb7a9c18fab8', 1),
('93cbe058-fd38-4a18-a65e-cb7a9c18fab8', 2),
('93cbe058-fd38-4a18-a65e-cb7a9c18fab8', 7),
('94effd89-0389-4b0c-8529-ccb541aa744a', 8),
('94effd89-0389-4b0c-8529-ccb541aa744a', 16),
('94effd89-0389-4b0c-8529-ccb541aa744a', 17),
('94effd89-0389-4b0c-8529-ccb541aa744a', 18),
('94effd89-0389-4b0c-8529-ccb541aa744a', 19),
('94effd89-0389-4b0c-8529-ccb541aa744a', 20),
('94effd89-0389-4b0c-8529-ccb541aa744a', 21),
('94effd89-0389-4b0c-8529-ccb541aa744a', 22),
('94effd89-0389-4b0c-8529-ccb541aa744a', 23),
('a09637b4-87c9-4e41-a12d-aab44d349a9b', 14),
('a0e521fc-cb9c-4088-824a-fa2695dace25', 42),
('ad8972e4-46f8-4a35-b200-b374c6b142d7', 40),
('b3d61f7d-cadd-44b3-a858-21d8f82a3a30', 17),
('b3d61f7d-cadd-44b3-a858-21d8f82a3a30', 20),
('b3d61f7d-cadd-44b3-a858-21d8f82a3a30', 31),
('b3d61f7d-cadd-44b3-a858-21d8f82a3a30', 32),
('b3d61f7d-cadd-44b3-a858-21d8f82a3a30', 33),
('b72ec6d2-5d61-4f48-8ae9-2584b0d897fd', 13),
('b85eb601-d22e-4065-b1bb-6fbabf9b11a3', 16),
('bf5de477-cb5d-495e-9db2-f27fca5a7e49', 35),
('bf5de477-cb5d-495e-9db2-f27fca5a7e49', 36),
('bf5de477-cb5d-495e-9db2-f27fca5a7e49', 37),
('c047bb98-8469-489c-ad44-aa0aa5df9962', 39),
('c047bb98-8469-489c-ad44-aa0aa5df9962', 40),
('c047bb98-8469-489c-ad44-aa0aa5df9962', 46),
('dcda8de1-97c2-4a30-9c4a-ea8e3b54a51b', 1),
('ddc6489e-8951-4e17-83ef-c714846bcdea', 13),
('df7c8878-6b12-4dd4-bc16-e1b795988cf2', 23),
('e449ce1e-a0c5-4d55-83e0-ad0f77c22cdc', 35),
('e449ce1e-a0c5-4d55-83e0-ad0f77c22cdc', 36),
('e449ce1e-a0c5-4d55-83e0-ad0f77c22cdc', 37),
('edc0795b-24af-4879-be18-3d28217a88fa', 39),
('fb1588ac-3270-45b8-9d9c-770bb00a3214', 1),
('fb1588ac-3270-45b8-9d9c-770bb00a3214', 2),
('fb1588ac-3270-45b8-9d9c-770bb00a3214', 6),
('fb1588ac-3270-45b8-9d9c-770bb00a3214', 8),
('fb1588ac-3270-45b8-9d9c-770bb00a3214', 9),
('fb1588ac-3270-45b8-9d9c-770bb00a3214', 10);

INSERT INTO "public"."activities_subcategories" ("subcategory_id", "name_zh", "name_en", "created_at", "updated_at", "category_id") VALUES
(1, '策展人導覽', 'tour-with-curator', '2021-09-30 02:50:48.417823', '2021-09-30 02:50:48.417823', 1),
(2, '主題導覽', 'tour-by-theme', '2021-09-30 02:51:08.274926', '2021-09-30 02:51:08.274926', 1),
(3, '講座', 'pcd-talk', '2021-09-30 02:52:25.996584', '2021-09-30 02:52:25.996584', 3),
(4, '工作坊', 'pcd-workshop', '2021-09-30 02:52:38.354281', '2021-09-30 02:52:38.354281', 3),
(5, '漫談', 'pcd-conference', '2021-09-30 02:53:42.278071', '2021-09-30 02:53:42.278071', 3),
(6, '論壇', 'pcd-forum', '2021-09-30 02:53:55.540478', '2021-09-30 02:53:55.540478', 3),
(7, '講座', 'td-talk', '2021-09-30 02:54:32.809316', '2021-09-30 02:54:32.809316', 4),
(8, '工作坊', 'td-workshop', '2021-09-30 02:54:42.95058', '2021-09-30 02:54:42.95058', 4),
(9, '講座', 'pa-talk', '2021-09-30 02:55:08.333194', '2021-09-30 02:55:08.333194', 5),
(10, '工作坊', 'pa-workshop', '2021-09-30 02:55:21.923155', '2021-09-30 02:55:21.923155', 5),
(11, '音像藝術', 'AudioVisual', '2023-04-25 10:15:55.759511', '2023-04-25 10:16:03.46353', 7);

INSERT INTO "public"."activities_tags" ("activity_tag_id", "name_zh", "name_en") VALUES
(1, 'FUTURE VISION LAB', 'FUTURE VISION LAB'),
(2, '沉浸式體驗', 'Immersive'),
(3, '亞洲藝術文獻庫', 'AAA');

INSERT INTO "public"."activities_tags_j" ("activity_id", "activity_tag_id") VALUES
('8d157b66-ebd6-4177-8805-4315eea62759', 1),
('8d157b66-ebd6-4177-8805-4315eea62759', 2),
('df7c8878-6b12-4dd4-bc16-e1b795988cf2', 1);

INSERT INTO "public"."artists" ("artist_id", "avatar", "created_at", "updated_at", "artist_en_id", "artist_zh_id", "active") VALUES
('00cd6d5c-330b-470d-adf9-67d615d6bae7', 'artist-avatar/dW5kZWZpbmVkLTE2NDE4NzU0MjE3MDI=.jpeg', '2021-10-20 10:45:28.232835', '2022-01-11 04:30:22.414747', 41, 41, 't'),
('03103815-1b3e-461a-a58f-b5b48344b693', 'artist-avatar/dW5kZWZpbmVkLTE2ODUwNzE3NzczMjY=.jpeg', '2023-05-16 03:34:35.703173', '2023-05-26 03:29:37.721633', 60, 60, 't'),
('041ab4ec-b688-4116-a7d4-01c9faa100cb', 'artist-avatar/dW5kZWZpbmVkLTE2ODUwNzE4MTczMDg=.jpeg', '2023-05-15 03:06:00.156082', '2023-05-26 03:30:17.770784', 51, 51, 't'),
('050ba2c1-84f7-4f50-a007-87626436a162', 'artist-avatar/dW5kZWZpbmVkLTE2MzMxNjg5MTk1NDg=.png', '2021-10-02 09:59:49.825123', '2021-10-02 10:02:00.328435', 33, 33, 't'),
('0cbc36af-99c2-4331-a031-0d4034a5a16d', 'artist-avatar/dW5kZWZpbmVkLTE2MzUyMTkyNzQwODg=.jpeg', '2021-10-26 03:34:34.82436', '2022-01-10 02:59:01.444389', 43, 43, 't'),
('1615d2e5-29b1-457c-8ab3-976009a13e3f', 'artist-avatar/dW5kZWZpbmVkLTE2ODUwNzE3ODg5MzQ=.jpeg', '2023-05-15 11:48:56.088727', '2023-05-26 03:29:49.350191', 54, 54, 't'),
('1981e64f-48f3-4084-9f29-5716fc99693b', 'artist-avatar/dW5kZWZpbmVkLTE2MzMxNjk0MjcwNDk=.jpeg', '2021-10-02 10:10:29.912769', '2021-10-02 10:10:29.912769', 37, 37, 't'),
('1c29517c-ac29-4dd2-9657-55c1d730018b', 'artist-avatar/dW5kZWZpbmVkLTE2MzMxNjc2NTc5NzE=.jpeg', '2021-10-02 09:40:58.375266', '2021-10-02 09:40:58.375266', 31, 31, 't'),
('1db08c7d-e88c-4bfa-97d3-ef7c4fab0268', 'artist-avatar/dW5kZWZpbmVkLTE2MzMxNjQ2NjE5MjY=.jpeg', '2021-10-02 08:51:02.272535', '2021-10-02 08:51:02.272535', 26, 26, 't'),
('1de85ae6-52be-4f2c-b5ee-cd8315f89e9a', 'artist-avatar/dW5kZWZpbmVkLTE2ODUwNzE4NjEwODg=.jpeg', '2023-05-11 06:22:47.926037', '2023-05-26 03:31:01.654268', 48, 48, 't'),
('1e9a11e7-353c-4e0d-8ce8-23b02e682a58', 'artist-avatar/dW5kZWZpbmVkLTE2ODUwNzE4MzM5MjQ=.jpeg', '2023-05-11 04:01:45.662196', '2023-05-26 03:30:34.37809', 47, 47, 't'),
('25f40394-f0c5-4ca0-bcba-0b11877e68ab', 'artist-avatar/dW5kZWZpbmVkLTE2MzMxNjE3NjUyODU=.jpeg', '2021-10-02 08:02:47.77994', '2022-01-10 02:37:48.963766', 19, 19, 't'),
('27ad5976-69b0-4253-b573-bf3b85d1f87c', 'artist-avatar/dW5kZWZpbmVkLTE2MzMxNjU3MDcyNTI=.png', '2021-10-02 09:08:27.856112', '2022-01-10 02:37:51.851897', 29, 29, 't'),
('38bc7337-622a-4f0b-85df-c26c4b7b3cd4', 'artist-avatar/dW5kZWZpbmVkLTE2MzMxNTcwNjkxMTg=.jpeg', '2021-10-02 06:44:29.844516', '2022-01-10 02:37:49.86321', 15, 15, 't'),
('3ec90513-c753-4029-9ef9-6d45a12d4e55', 'artist-avatar/dW5kZWZpbmVkLTE2MzMxNjA0ODgyOTM=.jpeg', '2021-10-02 07:41:28.708323', '2021-10-02 07:41:28.708323', 17, 17, 't'),
('3f3cc381-50d9-468d-a1fe-690ba08ce0b2', 'artist-avatar/dW5kZWZpbmVkLTE2ODUwNzE3Mjc4MzE=.jpeg', '2023-05-16 03:39:19.531491', '2023-05-26 03:28:48.587374', 63, 63, 't'),
('48130566-48b5-424a-8626-62755e7b2833', 'artist-avatar/dW5kZWZpbmVkLTE2ODUwNzE4NDM5NjI=.jpeg', '2023-05-16 03:36:12.321016', '2023-05-26 03:30:44.250471', 61, 61, 't'),
('4ba6f82f-0453-4936-b13f-51c63e256399', 'artist-avatar/dW5kZWZpbmVkLTE2MzMxNjk0NjgzNzY=.jpeg', '2021-10-02 10:11:11.581029', '2021-10-02 10:11:11.581029', 38, 38, 't'),
('4bffee78-5e39-4432-afe5-844bd70f6360', 'artist-avatar/dW5kZWZpbmVkLTE2ODUwNzE4MDQ1NzM=.jpeg', '2023-05-16 03:50:31.305431', '2023-05-26 03:30:05.034298', 68, 68, 't'),
('4ed26230-6d13-424a-8643-87820a069712', 'artist-avatar/dW5kZWZpbmVkLTE2MzMxNjc2MzI2MDA=.png', '2021-10-02 09:40:34.152616', '2021-10-02 09:40:34.152616', 30, 30, 't'),
('50b681bc-d727-4877-898f-fccd833d30a4', 'artist-avatar/dW5kZWZpbmVkLTE2MzMxNjQ2Mzg2NjY=.jpeg', '2021-10-02 08:50:39.409539', '2021-10-02 08:50:39.409539', 25, 25, 't'),
('5211b6e2-7a7b-4062-bc2b-c7eef21573d3', 'artist-avatar/dW5kZWZpbmVkLTE2MzMxNjg4ODUyNjg=.png', '2021-10-02 10:01:26.002646', '2021-10-02 10:01:26.002646', 35, 35, 't'),
('52c91ebc-460c-4ce0-9f83-338eb4235e64', 'artist-avatar/dW5kZWZpbmVkLTE2ODUwNzE4NjkyNDM=.jpeg', '2023-04-28 06:08:51.622891', '2023-05-26 03:31:09.573084', 44, 44, 't'),
('5845d1b8-ddb4-4953-af61-fb50c7b9abb8', 'artist-avatar/dW5kZWZpbmVkLTE2ODUwNzE3NjAyODU=.jpeg', '2023-05-11 10:43:49.384607', '2023-05-26 03:29:20.711032', 49, 49, 't'),
('5a4a8885-dc50-4105-ab4b-e564b9874635', 'artist-avatar/dW5kZWZpbmVkLTE2MzQ3MjY1MzMyMzc=.png', '2021-10-01 06:58:19.827727', '2022-01-10 02:56:46.591878', 8, 8, 'f'),
('5aaa88b9-087d-4e8d-a586-4e8d8147df5e', 'artist-avatar/dW5kZWZpbmVkLTE2MzMxNTUyMTIzODI=.jpeg', '2021-10-02 06:13:33.09549', '2021-10-02 06:13:33.09549', 11, 11, 't'),
('5cde7b99-f07d-488f-9e28-a70f4dd1a47a', 'artist-avatar/dW5kZWZpbmVkLTE2MzQ3ODM2MDcxOTE=.jpeg', '2021-10-02 06:50:02.10147', '2021-10-21 02:33:27.691102', 16, 16, 't'),
('5d3c0829-4dc0-4a55-b03c-62d3a93131cc', 'artist-avatar/dW5kZWZpbmVkLTE2ODUwNzI0MzMyNjk=.jpeg', '2023-05-16 03:47:43.24244', '2023-05-26 03:40:33.677927', 66, 66, 't'),
('5f115a36-a594-4bf8-a3f0-dc30eb536ee0', 'artist-avatar/dW5kZWZpbmVkLTE2ODUwNzIwMTY2ODA=.jpeg', '2023-05-24 02:29:40.546763', '2023-05-26 03:33:37.462895', 71, 71, 't'),
('6430a79f-6d16-4781-8fd1-01ec9320fa08', 'artist-avatar/dW5kZWZpbmVkLTE2ODUwNzIxMzQ3MzY=.jpeg', '2023-05-16 03:49:43.221591', '2023-05-26 03:35:35.443369', 67, 67, 't'),
('6fb8bddb-de45-4144-b5b7-067db418ba74', 'artist-avatar/dW5kZWZpbmVkLTE2MzMxNjg5MDY1Njk=.jpeg', '2021-10-02 10:01:46.954337', '2021-10-02 10:01:46.954337', 36, 36, 't'),
('73dcc1cc-a6da-4cc3-9431-d1aabe0861e2', 'artist-avatar/dW5kZWZpbmVkLTE2MzMxNjQ5Njg2NzA=.png', '2021-10-02 08:56:09.581787', '2021-10-02 08:56:09.581787', 27, 27, 't'),
('7f888676-6db0-4dd0-821b-e21952d54c04', 'artist-avatar/dW5kZWZpbmVkLTE2ODUwNzE4OTg1Mzk=.jpeg', '2023-05-16 03:51:49.189492', '2023-05-26 03:31:38.985569', 69, 69, 't'),
('81860631-7cbf-485e-a4bb-fec0ac2b1184', 'artist-avatar/dW5kZWZpbmVkLTE2ODUwNzIwOTI5MTA=.jpeg', '2023-05-11 03:33:54.572073', '2023-05-26 03:34:53.370711', 46, 46, 't'),
('82881109-d3ef-4aed-9c55-e4d3aa76a440', 'artist-avatar/dW5kZWZpbmVkLTE2MzI5Nzg5MjY5ODA=.jpeg', '2021-09-30 05:15:27.335786', '2022-01-11 09:21:42.51348', 4, 4, 'f'),
('82c5f758-338e-4b57-9299-3bc3615281f9', 'artist-avatar/dW5kZWZpbmVkLTE2ODUwNzI3MzI5OTM=.jpeg', '2023-05-15 10:54:53.172722', '2023-05-26 03:45:33.394462', 52, 52, 't'),
('867c7b12-8cc9-4798-9c87-b50154cd683b', 'artist-avatar/dW5kZWZpbmVkLTE2MzUzODgzOTYwMjE=.jpeg', '2021-09-30 05:26:58.680166', '2021-10-28 02:33:18.89561', 5, 5, 't'),
('8bb505cd-93ee-4d6c-b933-633532078ac5', 'artist-avatar/dW5kZWZpbmVkLTE2ODUwNzE5MTc4NDc=.jpeg', '2023-05-16 03:43:24.67558', '2023-05-26 03:31:58.123584', 64, 64, 't'),
('902e6be0-014a-45b5-9d3a-7fb9886f5c00', 'artist-avatar/dW5kZWZpbmVkLTE2MzMxNjg4NTg4NzE=.png', '2021-10-02 10:00:59.364106', '2021-10-02 10:00:59.364106', 34, 34, 't'),
('912306b2-3750-4d5b-a22d-281896fc4796', 'artist-avatar/dW5kZWZpbmVkLTE2ODUwNzE5MDgxNDE=.jpeg', '2023-05-15 11:42:09.219066', '2023-05-26 03:31:48.413875', 53, 53, 't'),
('92eef452-a4b3-4662-a2ef-68e90f74bd79', 'artist-avatar/dW5kZWZpbmVkLTE2MzQ3MTg0NjI2MDA=.jpeg', '2021-09-30 05:14:04.022968', '2022-01-11 09:21:40.132913', 2, 2, 't'),
('9cbced39-95dc-422d-8e63-76fc573ff29a', 'artist-avatar/dW5kZWZpbmVkLTE2MzMxNjMwOTIxMDU=.jpeg', '2021-10-02 08:24:52.831891', '2021-10-02 08:24:52.831891', 22, 22, 't'),
('9d94b0a8-ecdd-433c-9f45-a2f7a620bcdc', 'artist-avatar/dW5kZWZpbmVkLTE2ODUwNzIwNTk4NTc=.jpeg', '2023-05-16 03:46:16.443541', '2023-05-26 03:34:20.51521', 65, 65, 't'),
('9e11816e-c8ce-4b77-a29b-33db55c22b7c', 'artist-avatar/dW5kZWZpbmVkLTE2MzUyMTkyMTMyODU=.jpeg', '2021-10-01 06:12:01.258309', '2022-01-10 02:59:00.671375', 6, 6, 'f'),
('a5b38ec1-c5a7-4b10-8136-0fea270e6a3c', 'artist-avatar/dW5kZWZpbmVkLTE2MzQ3ODIwODExODU=.png', '2021-10-21 02:04:08.065559', '2021-10-21 02:08:01.644881', 42, 42, 't'),
('a857a68b-56df-4105-a5c6-627a916bed8b', 'artist-avatar/dW5kZWZpbmVkLTE2MzMxNjk1MDUzMDc=.jpeg', '2021-10-02 10:11:47.344483', '2021-10-02 10:11:47.344483', 39, 39, 't'),
('b197a51d-89d1-4c7a-9e86-722d39e61944', 'artist-avatar/dW5kZWZpbmVkLTE2MzMwNzE1MzE4NjA=.jpeg', '2021-10-01 06:58:52.392933', '2022-01-10 02:56:49.396065', 9, 9, 't'),
('b46b0033-4a6a-4698-bb93-39642d20acfa', 'artist-avatar/dW5kZWZpbmVkLTE2MzQ3MTg4NzE0ODk=.jpeg', '2021-10-02 08:30:12.708743', '2021-10-20 08:34:35.565368', 23, 23, 't'),
('b6192ff3-0da6-45e3-9192-02a7121c5feb', 'artist-avatar/dW5kZWZpbmVkLTE2MzMxNjc2ODUxNTc=.jpeg', '2021-10-02 09:41:25.721408', '2021-10-02 09:41:25.721408', 32, 32, 't'),
('b79e1d0e-aa52-45e3-a6c7-caacadbb1565', 'artist-avatar/dW5kZWZpbmVkLTE2MzMxNTU1MzQ2NTI=.jpeg', '2021-10-02 06:18:55.478955', '2021-10-02 06:18:55.478955', 12, 12, 't'),
('b8dad051-1999-42ea-868d-fbe37dd00497', 'artist-avatar/dW5kZWZpbmVkLTE2MzMxNTY0ODU4NDk=.jpeg', '2021-10-02 06:34:48.134641', '2022-01-10 02:37:56.785652', 13, 13, 't'),
('bd94578b-8729-4e45-8b4d-92a14f914f74', 'artist-avatar/dW5kZWZpbmVkLTE2MzMxNjM4NDk4MjY=.jpeg', '2021-09-30 05:14:42.166755', '2022-01-11 09:20:02.721148', 3, 3, 't'),
('c05ccecc-7bee-4939-9e3d-70ef57de292b', 'artist-avatar/dW5kZWZpbmVkLTE2MzQ3MTkwNjA4OTM=.jpeg', '2021-09-30 05:10:47.835673', '2021-10-20 08:37:41.930934', 1, 1, 't'),
('c6d63c99-37a8-4ab4-a9d9-7dc083ca2180', 'artist-avatar/dW5kZWZpbmVkLTE2ODUwNzI1ODYzMjA=.jpeg', '2023-05-16 03:31:28.369003', '2023-05-26 03:43:06.662735', 58, 58, 't'),
('cdcbd28a-21ad-4cd2-b56a-66e61f7fedef', 'artist-avatar/dW5kZWZpbmVkLTE2MzMxNjQyOTcyNzY=.jpeg', '2021-10-02 08:44:57.827522', '2021-10-02 08:44:57.827522', 24, 24, 't'),
('d412f18d-a745-4563-8795-a42becf52102', 'artist-avatar/dW5kZWZpbmVkLTE2MzMxNzA3MzgxNjY=.jpeg', '2021-10-02 10:32:18.773481', '2021-10-02 10:32:18.773481', 40, 40, 't'),
('d546afa7-89ca-45eb-9c0a-447533f60681', 'artist-avatar/dW5kZWZpbmVkLTE2ODU1MzU4ODU1NDU=.jpeg', '2023-05-12 13:45:56.475325', '2023-05-31 12:24:46.036658', 50, 50, 't'),
('d65090ea-04cf-470c-a738-c165476792d0', 'artist-avatar/dW5kZWZpbmVkLTE2ODUwNzIyMTY1ODM=.jpeg', '2023-05-16 03:37:54.880932', '2023-05-26 03:36:57.131594', 62, 62, 't'),
('d965639d-53ee-4a21-99a5-cf661c1ef0a2', 'artist-avatar/dW5kZWZpbmVkLTE2ODUwNzIxNzAwMzU=.jpeg', '2023-05-16 03:27:09.538569', '2023-05-26 03:36:10.552322', 57, 57, 't'),
('ddee208b-c2d7-4b67-b9ca-d60e137cda59', 'artist-avatar/dW5kZWZpbmVkLTE2ODUwNzIyMDA5Nzc=.jpeg', '2023-05-11 03:28:31.716389', '2023-05-26 03:36:41.414782', 45, 45, 't'),
('eb32a027-6fd2-45f5-abfc-9453e939fb2a', 'artist-avatar/dW5kZWZpbmVkLTE2ODUwNzIxNTY1MDk=.jpeg', '2023-05-16 03:33:10.439141', '2023-05-26 03:35:57.221614', 59, 59, 't'),
('f15b9f6b-13eb-4a55-bc2e-ba5ed5b9e88d', 'artist-avatar/dW5kZWZpbmVkLTE2MzMxNjIwNTU3NjU=.jpeg', '2021-10-02 08:07:38.703097', '2021-10-02 08:07:38.703097', 21, 21, 't'),
('f7157b2c-ca51-42ea-a6ef-9b8743f8e14d', 'artist-avatar/dW5kZWZpbmVkLTE2ODUwNzIyMzA1MzI=.jpeg', '2023-05-16 03:53:18.493347', '2023-05-26 03:37:11.030541', 70, 70, 't'),
('fe36f429-322b-4cc9-979d-2212dfd6f20d', 'artist-avatar/dW5kZWZpbmVkLTE2NDE4OTE1NzI4MTg=.jpeg', '2021-10-02 07:58:47.32974', '2022-01-11 08:59:33.580077', 18, 18, 't'),
('ff4162e1-7388-4d45-84f0-1d82366c1f0e', 'artist-avatar/dW5kZWZpbmVkLTE2MzMwNzE1NjQwMzc=.jpeg', '2021-10-01 06:59:24.669141', '2022-01-10 02:56:30.585836', 10, 10, 't');

INSERT INTO "public"."artists_en" ("artist_en_id", "name", "introduction", "country", "resume") VALUES
(1, 'Betty Apple', 'Betty Apple is an experimental avant-garde artist based in Taipei who belongs to the millennial generation. She has received her B.A. in Theater and M.A. in New Media Art at the Taipei National University of the Arts. Her artistic practice is deeply shaped by rave parties, subcultures, avant-garde theatre, new media films, and post-internet art. The core idea of “body politics” is manifested in many of her projects while she works as an electronic music creator, a sound performer, a live art practitioner, a DJ, and an event planner for art raves. Betty Apple is the 2021 feature artist in the “Summer Photography Series (série photo d''été)” of the French newspaper, Libération. Recent international activities as an invited artist include performances in Futuro Fantastico: Santarcangelo 2050 in Italy, CTM Festival for Adventurous Music and Art 2021 in Berlin, and Mona Foma 2021 in Australia.', NULL, NULL),
(2, 'HSU Chia-Wei', 'HSU Chia-Wei (1983, Taichung) graduated from Le Fresnoy - Studio national des arts contemporains, France. As an artist, filmmaker, and curator whose work merges the language of contemporary art and film, HSU unearths the complex production mechanisms that are behind the process of image creation. Through his practice, HSU weaves together connections between humans, materials, and places that have been overlooked or omitted from conventional historical narratives.', 'null', '<p>Null</p>'),
(3, 'CHANG Ting-Tong', 'CHANG Ting-Tong graduated from National Chengchi University and received his MFA at Goldsmiths, University of London. CHANG’s creative mediums range from installations, paintings, performance art to videos, reflecting the relationships between humans, science, and society by incorporating different areas such as science, biology, and biodynamics. His works can be found in the Taipei Fine Arts Museum, Embassy of Brazil London, Noblesse Collection Seoul, JM SR Collection Mexico, and private collections in Europe and Asia.', NULL, NULL),
(4, 'CHENG Hsien-Yu', 'CHENG Hsien-Yu (1984, Kaohsiung), as an artist and a software developer, CHENG’s working process expands into electronic installations, software, and experimental bio-electronic devices, with an aim to explore the relationships amongst human behavior, emotion, software, and machinery. In a humorous manner, he attempts to endow his works with vital signs and existential or empirical significance, to metaphorically embody his own experience and observation of the environment.', NULL, NULL),
(5, 'Hsiangfu CHEN', 'Hsiangfu CHEN is a kinetic artist who works in Berlin and Taipei. Centering around spatiality, technology, and social phenomena, her works employ the artistic language of new media materiality to create kinetic installations. Engaged in experimental sound pieces, theatrical installations, and other cross-disciplinary team works, CHEN explores the space in digital geography through applying technology and relevant practices. ', NULL, NULL),
(6, 'SU Yu-Hsin', 'SU Yu-Hsin is a Taiwanese artist and filmmaker currently based in Berlin. In her film and video installations, her artistic research reflects on technology, ecology, and the critical infrastructure in which the human and non-human converge. Her analytical reading focuses on map-making, operational photography, and the technical production of geographical knowledge.', NULL, NULL),
(8, 'Riverbed Theatre', 'Riverbed Theatre was founded in 1998 in Taipei, Taiwan. The company’s image-based, Total Theatre productions blur the boundaries between visual and performing arts. Critics have praised the organic, sculptural quality of Riverbed’s “subconscious” theatre, likening the performance to the best works of Samuel BECKETT and David LYNCH. Riverbed has participated in festivals and events including Avignon Off Theatre Festival (Avignon), Imaginale Figurentheater Festival (Mannheim, Stuttgart), Robert Wilson’s Watermill Center Inferno Benefit (New York), M1 Fringe Festival (Singapore), Alice Festival (Osaka, Tokyo), BeSeTo Festival (Gwangju, Korea), and Taiwan International Festival of Arts (Taipei).', NULL, NULL),
(9, 'Craig QUINTERO', 'Craig QUINTERO is a PhD. in Performing Arts Studies from Northwestern University and Artistic Director of River Bed Theatre Company; he has written and directed over fifty original image-based performances. His works were showcased in the Theatre Mouffetard (Paris), Theatre Le Funambule and Theatre de la Condition des Soies (Avignon), and Taiwan’s National Experimental Theatre (Taipei). QUINTERO is also an installation artist and sculptor. His works have been exhibited in Asian Biennale, Kobe Biennale, and Taipei Biennale. He is currently an associate professor in the Department of Theatre and Dance at Grinnell College in the United States.
', NULL, NULL),
(10, 'Carl JOHNSON', 'Carl JOHNSON is an interdisciplinary artist, painter, sculptor, and stage designer who graduated from the Art Institute of Chicago with a Master of Fine Arts. JOHNSON’s work has been exhibited in Taipei Fine Arts Museum, National Taiwan Museum of Fine Arts, Museum of Contemporary Art Shanghai, and Hyde Park Art Center in Chicago. He has also extended what he has learned to professional stage design and scene painting, which toured in France, Japan, Singapore, and the United States. JOHNSON taught at Northwestern University’s Department of Theatre, Wisconsin State University''s Department of Art, and National Taiwan University’s Department of Drama.', NULL, NULL),
(11, 'Battles', 'Battles is an American experimental rock group founded in 2002 in New York City, comprised of drummer John STANIER and guitarist/keyboardist Ian WILLIAMS.', NULL, NULL),
(12, 'AES+F', 'First formed as AES Group in 1987 by Tatiana ARZAMASOVA, Lev EVZOVICH, and Evgeny SVYATSKY, the collective became AES+F when Vladimir FRIDKES joined in 1995. 

AES+F works at the intersection of traditional media, photography, video, and digital technologies. They define their practice as a “social psychoanalysis” through which they reveal and explore the values, vices, and conflicts of contemporary global culture. AES+F achieved worldwide critical acclaim in 1999 for their Islamic Project, which depicted various Western postcard city landscapes manipulated to appear colonized by Islam. AES+F cemented their reputation as a contemporary art powerhouse in the Russian Pavilion at the 52nd Biennale di Venezia in 2007 with their provocative Last Riot, the first of their now signature large-scale, multichannel video installations. The group has had hundreds of solo exhibitions at museums, exhibition spaces, and commercial galleries worldwide.', NULL, NULL),
(13, 'Lawrence LEK', 'Lives and works in London, a filmmaker, musician, and artist who unifies diverse practices—architecture, gaming, CGI, music and fiction—into a continuously expanding cinematic universe. Lek composes soundtracks and conducts live audio-visual mixes of his films, often incorporating live playthroughs of his open-world video games. ', NULL, NULL),
(15, 'MOON Kyung-Ｗon & JEON Joonho', 'MOON Kyung-Ｗon is based in Seoul and works as a professor at Ewha Womans University. JEON Joon-Ho lives and works in Busan and Seoul. The Ways of Folding Space & Flying was presented at the Korean Pavilion at Venice Biennale (2015). Their recent artistic endeavors center on News from Nowhere, a collaborative project that focuses on creating an interdisciplinary platform. Their site-specific collaborative platform was initially presented at Kassel dOCUMENTA 13 (2012) and since then, and it will be ongoing at the National Museum of Modern and Contemporary Art, Korea, Seoul (2021) and 21st Century Museum of Contemporary Art, Kanazawa (2022). ', NULL, NULL),
(16, 'CHANG Li-Ren', 'CHANG Li-Ren, who currently lives and works in Tainan, Taiwan, has graduated from the Graduate Institute of Plastic Arts at Tainan National University of the Arts. CHANG’s body of work mainly consists of video installations, conceptual pieces, and animations.', NULL, NULL),
(17, 'HUANG Yu-Hsiung', 'HUANG Yu-Hsiung is an educator and new media artist. He is currently a lecturer in the Department of New Media Art, National Taipei University of the Arts. His specialty is integrating transdisciplinary research between interactive technology and new media art, including transcribing cultural history through technology media and connecting interactive technology and the virtual world. His recent creations have focused on the conflicts and contradictions between media technology and humanities and art, using artificial intelligence, machine learning, programming languages, sensors, and more to interpret the relationship between humans and media technology.', NULL, NULL),
(18, 'Kiel D. MUTSCHELKNAUS      ', 'Kiel D. MUTSCHELKNAUS is a designer and educator based in the DC-Baltimore area. Originally from South Dakota, he attended Cranbrook Academy of Art for his MFA in 2D Design. He currently works in the GD Department at Maryland Institute College of Art (MICA) in Baltimore as a full-time faculty and maintains an active freelance studio. His most recent project is the development and research of “spacetypegenerator.com”, an online motion and type generator. An open-source application, STG has inspired projects across the globe, including music videos, editorial illustrations, murals, flyers, brands, magazine covers, and a variety of other applications.', 'null', '<p>null</p>'),
(19, 'Michael Burk, Ann-Katrin KRENZ  ', 'Both of them are interaction and media artists based in Berlin. Their works range from interactive installations, environments design, generative and critical design to the explorations of graphic.', NULL, NULL),
(21, 'NANONANO', 'NANONANO is an art group founded by artist HSU Hsun-Hsiang and material engineer HUANG Yin-Hao in 2019. Utilizing high-end industrial technology as creative tools, NANONANO’s work focuses on the present and future of living realities. Their projects have been selected to participate in Arte Laguna Prize 15, FUTURE VISION LAB, etc., and consecutively been selected to Creative Innovation Counseling Project from the Ministry of Culture of Taiwan from 2020 to 2021.', NULL, NULL),
(22, 'onformative', 'A studio for digital art and design pursuing to challenge the boundaries of art and technology. They are guided by an emotional approach to search for experimental forms of creative expression. The studio explores the possibilities that lie between fields of knowledge and practice to question the relationship between humans and technology. This approach strives to create new ways of thinking through a diversity of methods and processes by creating meaningful works and inciting explorations for themselves and the public across disciplines. These process-driven curiosities examine conceptual narratives and mediate the intersection of digital and analog fields. By staying true to an experiential process, their pieces take on varying forms across media, including interactive media installations, dynamic visuals, and data-driven narratives. Through an interdisciplinary and collaborative practice, the visual language of onformative is variable and open to the perception of the individual. Works by onformative have been exhibited internationally across Europe, the United States, Canada, Australia, and China.', NULL, NULL),
(23, 'Ralf BAECKER ', 'Ralf BAECKER works at the interface of art, science, and technology. Through installations, autonomous machines, and performances, he explores the underlying mechanisms of new media and technology. His objects are epistemological objects to pose fundamental questions about the digital, technology and complex systems, and their entanglements with the world. His projects seek to provoke new imaginaries of the machinic, the artificial and the real. A radical form of engineering that bridges traditionally discreet machine thinking with alternative technological perspectives and a new material understanding that makes use of self-organizing principles.', NULL, NULL),
(24, 'SHIH Yi-Shan', 'SHIH Yi-Shan is the founder of the Declaration of Airborne Auto-Dynamic Power. She has regularly taken part in the “topic connecting” started by the “imaginary researcher” LAI Ho-Wan since 2019. The method of how “topic Connection” works is described as follows. Contemporary meeting places are made up of all kinds of topic labels, such as the hashtag concept. If one identifies with or pays attention to a specific topic, one will become a part of the topic’s framework. Thus, the meeting place is instantly formed. Accordingly, when the topic discussion reaches an end, the community and space dissolve along with it.
', NULL, NULL),
(25, 'TIAN Zi-Ping', 'TIAN Zi-Ping graduated from the New Media Art Department of Taipei National University of the Arts. TIAN primarily focuses on the reflection towards the technical production and media era and attempts to achieve multi-perspective artwork through the creative process. TIAN shifts between being an audiovisual technician, visual designer, and executive producer of new media devices at exhibitions and theatre. ', NULL, NULL),
(26, 'Mailantia Dance Company', 'Mailantia Dance Company embraces the idea of being a professional dance group and embodies the traditional training of both East and West. Further, they unite the interdisciplinary elements, street culture, and diverse artistic expertise to form their extraordinary body language and unique style.', NULL, NULL),
(27, 'Bryan WC Chung', 'An interactive media artist and design consultant lives in Hong Kong. Currently, he is an Associate Professor at the Academy of Visual Arts, Hong Kong Baptist University, where he teaches subjects on interactive arts, computer graphics, and multimedia. He often satirizes the current malpractices with humor, and at the same time, carries a deep reflection on the development of contemporary media. He also develops software libraries for the popular open-source programming language Processing. In 2016, he was awarded the Media Artist by the Hong Kong Arts Development Council.', NULL, NULL),
(29, 'Bill Posters, Daniel HOWE', 'Bill POSTERS is an artist-researcher, author, and activist interested in art as research and critical practice. His work interrogates persuasion architectures and power relations in public space and online. He works collaboratively across the arts and sciences on conceptual, synthetic, net art, and installation-based projects.

Daniel HOWE is an American artist and educator living in Hong Kong. His practice focuses on the writing of computer algorithms as a means to examine contemporary life. Exploring issues such as privacy, surveillance, disinformation, and representation, his work spans a range of media, including multimedia installations, artist books, sound recordings, and software interventions. ', NULL, NULL),
(30, 'Jie Liou', '影像設計師、動畫導演，空集設計共同創辦人。作品多跨足於視覺概念設計及動態影像。', NULL, NULL),
(31, 'Ping Sheng', '臺北的藝術工作者，以聲音為創作思考的中心。目前於「噪咖藝術」擔任設計師與音樂統籌。
', NULL, NULL),
(32, 'Andy Chiu', '2020年成立「了然工作室」，以持續探索電子聲響在配樂中的可能性。', NULL, NULL),
(33, 'Tsai Tsun Hung', 'Tsai Tsun Hung is an assistant professor of Department of Communications Design at Shih Chien University and technical director of Digital Art Foundation & ET@T now. He also worked as an interaction designer of Shanghai Shunhe Digital Technology Company Limited and an MIS Engineer for Taipei MoCA. His specialization is computer animation, interaction design, augmented reality, virtual reality, and game design.', NULL, NULL),
(34, 'YEH, Ting Hao', 'Yeh is a new media artist and lecturer who works in the field of creative coding, experimental sound and performing arts. His works mostly focus on the relationship of sound and visual, heading to integrate prefabricated and instantaneous events, starting from glitch aesthetics, and attempting to find harmony and dialectics belonging to the new media age. Participate extensively in Taiwan’s experimental sound scene activities, such as TRANSONIC, Lacking Sound Festival. He is currently the head of the experimental audio-visual promotion group “Noise Fluid”, and concurrently teaches in relevant departments of many universities. In 2017, Yeh started to run TouchDesignerTW community together with Yea Chen, and held several promotion workshops.', NULL, NULL),
(35, 'Li Yi-Fan', 'Employing the forms of sculpture, painting and projection, Yi-Fan Li transformed his work into a fantastic narrative object lying fragmentary in the exhibition venue, a work bearing more than a passing resemblance to the detritus of bitter struggles. By observing these shattered remnants, the viewers may have a glimpse of the psychedelic space-time through which the artist has travelled; to wit, the emergence and disillusionment of desires.
Li formulated a meta-narrative concept by skillfully applying technological media such as projection mapping, making his work seemingly hesitate to move across the threshold of narratives and ergo mired in a state of constinuing preparation. Such “preparation” was rife with the frolic, wrestling and torture between the artist and the media he used. It was not until either party collapses that the work rose from the decaying corpse and then the narratives unfolded quietly. In this sense, what we see in Li’s work is not simply the narrative flow but also the ambiguous dimension acquired from the entanglements between his life stories and the media he adopted. In this dimension, time stops elapsing, Mercury is in retrograde motion, and all spoken words make no sense because they are blended with one another.
', NULL, NULL),
(36, 'Lien-cheng, Wang', 'Lien-Cheng Wang is a new media artist, open source education collaborator and audiovisual performer, residing in Taipei, Taiwan. His artistic and research involve with interactive devices and real-time sound performance. He uses open source to create installation art and audio-visual real-time performance. The works are committed to seamless combination of images and sounds created by computer algorithm as well as human perception with the universe and nature. He often utilizes a volume of installed approach to achieve a unique physical perception. Now he is currently appointed as lecturer in the new media department of Taipei National University of the Arts. His works have been exhibited and performed at Linz Ars Eletronica (Austria), New Technological Art Award (Belgium), Les Journées GRAME (France), MADATAC (Spain), Digital Art Festival Taipei (Taiwan), Taipei Art Award, etc.', 'null', '<p>null</p>'),
(37, 'Sandra Tavali', 'Sandra Tavali (Wuan-chin Li) / Sound Art

Of the Siraya people (Aborigine in Taiwan), Sandra Tavali is a former keyboardist of the classical ensemble "Indulge" and the well-known metal band "Chthonic". She is the composer for the TV documentary "Unknown Taiwan" produced by the Discovery Channel. Also, she was the artistic director of the musical《Dark Baroque.》

She earned the Master of Music degree in Computer Music from the Peabody Conservatory of the Johns Hopkins University in Baltimore, Maryland, USA, where she studied computer music performance and composition with Dr. Geoffrey Wright. Her musical works crossover between classical and fine art, film, and documentaries.   Her compositions "Duet in Autumn" for Max/MSP and YAMAHA Disklavier  was featured  at WOCMAT 2018 and NYCEMF 2018; "Ban Shan"  was featured at the International Computer Music Conference-ICMC 2018 (Korea), New York City Electroacoustic Music Festival -NYCEMF 2017, klingt gut! Symposium on Sound, Hamburg, Germany 2016, and  selected at Sound and Music Computing-SMC 2015 (Ireland); "Dirge" was featured at ICMC 2015  (USA), "River, Rim and the Earth" was featured at NYCEMF and New York Philharmonic Biennial 2016, selected at ISMIR 2015 (Spain),  "The Wind Bloweth Where It Listeth" was featured  at WOCMAT-IRCAM 2016.


She is currently one of the curators of sound and music in Guling Street Avant-Garde Theatre, Taipei, also a faculty member of Fu-Jen University.
', NULL, NULL),
(38, 'WonderGym', 'WonderGym / Visual

Hello everyone, my name is Wang tuó a.k.a WonderGym. I am a cat lover, a submissive, and an anxiety disorder. Suffering from color weakness, I doubt myself every day. I collect images and make materials by using the method of fieldwork to directly participate and spot on “things happing” in each scene. I want to invite viewers to build a bridge that connects reality and illusion of the show with me, by putting light onto reality through VJ technology. 

I double major in Sound and Music Innovative Technologies (SMIT) at National Yang Ming Chiao Tung University and graduate institute of Ethnomusicology at Tainan National University of the Arts. Researching in Science, Technology and Society (STS). I think that a show is the result of the network from participants and any objects. I expect various occurrences and instant interactions on the scene. I have 7 years of working experience in audio-visual performances, including “Li Li-chin plaing with shen”(2014), “On Site“ (2015), “Taipei Lantern Festival ”(2017), “Golden Melody Awards & Festival with Balai + gaga”(2017), “Praying for an auspicious celebration. Projection mapping show featuring the Presidential Office Building.”(2017), “EBB VOL.4 Audiovisualizer in da Air Force Command Headquarters”(2019), “TainanArtsFestival : Flowing Feast”(2019), “Wu San 88 Audiovisual Performance”(2020), “LUCfest with Go Go Machine Orchestra” (2020), “KMFA - TAKAO．TAIKE．SOUTHERN HUE”(2021), etc.
', NULL, NULL),
(39, 'Yen-chun Lin', 'Yen-chun Lin / Taiko

Born in 1990. Lin began his Taiko learning with Rosan Siran, the artistic director of Volandourai Spring Spa&Resort, Zara Huang, the artistic director of Möbius Strip Theatre, and LEE CHO YU, the head of DRUM SOUL - TAIKO & PERCUSSION THEATRE. Lin was the executive director and member of Ezshow Drum Group, a member of DRUM SOUL - TAIKO & PERCUSSION THEATRE, and a member of Möbius Strip Theatre.

In June 2019, he went to Japan to join Ondekoza and became one of the very few members from Taiwan. In’s performance has been nurtured with perseverance and consistence. Taiko groups all over Taiwan coached by Lin have swept opponents and took numerous champions in various competitions.
', NULL, NULL),
(40, 'Kuo William', 'William Kuo is a Taiwanese-Canadian composer working with instruments, electronics, and audio recordings. His work explores the possibility of perceiving overlapping sonic realities through a heightened awareness of listening contexts.
His music has been presented at the C-LAB (Taiwan Sound Lab), Twenty Alpha (Hong Kong), Gaudeamus Muziekweek (Netherlands), Bludenzer Tage zeitgemäßer Musik (Austria), Cluster New Music Festival (Canada), Festival Voix Nouvelles (France), and ManiFeste Festival (France). 
Notable collaborators in recent years include TAK Ensemble, Ensemble Nikel, Quasar Quatuor de Saxophones, Ensemble Klang, Asko|Schönberg, Ensemble Multilatérale, Le Nouvel Ensemble Moderne, Ensemble InterContemporain, Ensemble Paramirabo, Orchestre Philharmonique de Radio France, Heather Roche, Eva Zöllner, Juliet Fraser, Juliette Adam, and Karen Yu.
He received a Bachelor’s in Composition from McGill University in 2013 and a Master’s in Composition from the Conservatoire de musique de Montréal in 2015. In 2018-19, he participated in the Cursus computer music program at IRCAM in Paris, France. He was a finalist for the Gaudeamus Award in 2018.
', NULL, NULL),
(41, 'Tactical Tech', 'Tactical Tech is an international NGO that engages with citizens and civil-society organizations to explore and mitigate the impacts of technology on society. Their vision is a world where digital technologies can contribute to a more equitable, democratic, and sustainable society. To enable this change, they investigate how digital technologies impact society and individual autonomy, using our findings to create practical solutions for citizens and civil society actors. They support their partners in creating critical spaces where communities around the world can join the global discussion around privacy, data, and the impacts of technology on society.

The Glass Room is a public intervention that aims to demystify technology through immersive, thought-provoking, self-learning exhibitions. A growing need for public interventions and information about technology led Tactical Tech to design the Glass Room Community Edition – a lightweight, pop-up exhibition which is translated into over 15 local languages and can be shipped worldwide to community spaces, schools, libraries and festivals. We support our partners in creating critical spaces where communities around the world can join the global discussion around privacy, data and the impacts of technology on society.
', 'null', 'null'),
(42, 'C-LAB Future Media Arts Festival &  Microwave International New Media Arts Festival', '
Microwave International New Media Arts Festival began in 1996 as an annual video art festival. As technology progressed and became more accessible, video art slowly evolved to involve other media; thus, Microwave began to embrace the broader range of media art with the intersection of Art, Science, and Technology. As the first and only art festival in Hong Kong dedicated to new media and one of Asia''s pioneering media art festivals, Microwave has steadily grown into a well-established festival that brings cutting-edge projects to provoke thoughts every year. Microwave serves as a platform and gateway for Hong Kong artists to develop their artistic skills with international institutions, curators, experts for multi-disciplinary collaboration, and avidly supports the exchange and dialogue between artists, professionals, and the general public. In 2021, the 25th anniversary of Microwave, apart from the festival, an online Hong Kong media art archeology project has been launched entitled Connecting the Dots to bring in pictures and puzzles of Hong Kong Media Arts development through online video-zine, as well as an online exhibition.
', NULL, NULL),
(43, 'Angela GOH', 'Angela GOH, who lives and works in Sydney, is a dancer and choreographer. Her work poses possibilities for disruption and transformation inside the aesthetics and conditions of technocapitalism, planetarity, and the Post-Anthropocene. Her work has toured across Australia and internationally to Europe, the UK, the USA, and Asia.', NULL, NULL),
(44, 'LEE Yung-Chih', 'Lee Yung-Chih graduated from the Taipei National University of the Arts with a master’s degree in New Media Art. Informed by his own experiences of growing up in an industrial region, Lee’s art centers around two pivotal themes: the significance of locality and the corporeal memory of communal labor in a factory setting. By examining Taiwan’s irrevocable current condition amid globalization, modernization, and individualization of tastes, he explores the way art manifests as veiled expressions of nostalgia when confronted with a helpless future. Prominent recent exhibitions and events featuring his work include Biennale Jogja in Indonesia, The Secret South: From Cold War Perspective to Global South in Museum Collection (Taipei Fine Arts Museum, Taipei, 2020) and Phantasmapolis - 2021 Asian Art Biennial (National Taiwan Museum of Fine Arts, Taichung, 2021). In 2022, he was selected to participate in C-LAB’s CREATORS Creation/Support program, where he curated several public events.', 'Taiwan', '<p>Null<br/></p>'),
(45, 'HSU Chih-Yu', 'Born in Taiwan in 1990, Hsu Chih-Yu graduated from Kyoto City University of Arts, where she majored in sculpture. The artist’s research questions the history and the use of exhibits displayed in museums from an amateur’s point of view. Often using materials such as paper clay, styrofoam, and sponge to reconfigure the appearance of museums in her memory, Hsu attempts to manufacture a museum-like space where one can freely make collages and unleash the imagination. By employing a non-functional museum setting, Hsu seeks to guide the audience towards re-examining objects and liberating their imaginations regarding them. Her previous solo exhibitions include Cabinet of Permutations (Meng Lu, Tainan, 2023), Spiral Maze (Tadpole Point, Taipei, 2022), A Flat Stone and A Rounded Pebble (shvemas, Shimane, 2022). Her works are featured in group exhibitions such as YAMBARU ART FESTIVAL in Japan and ARTISTS’ FAIR 2021.', 'Taiwan', '<p>Null</p>'),
(46, 'Andrés BARON', 'Andrés Baron graduated from l’École nationale supérieure des Arts Décoratifs in Paris, his work has been presented in various places and exhibitions, including the International Film Festival Rotterdam, la Fondation d’entreprise Hermès, the Edinburgh International Film Festival, Anthology Film Archives in New York, LA Film Forum in Los Angeles, Images Festival in Toronto, EMAF in Osnabrück, Le Bal in Paris, the Künstlerhauss Stuttgart, the FRAC Franche-Comté, among others. He was shortlisted for the Prix des Amis du Palais de Tokyo in 2018.', 'Republic of Colombia', '<p>Null</p>'),
(47, 'Andrew Norman WILSON', 'Andrew Norman Wilson is an artist and director based between Europe and America. Festival screenings include Sundance, the New York Film Festival, and Rotterdam. His work is in collections such as the Museum of Modern Art New York, Whitney Museum of American Art, and The Centre Pompidou, and he has exhibited at LUMA Arles, MoMA PS1, and the Gwangju and Berlin Biennials. He has taught at UCLA, SAIC, and Cooper Union, and lectured at Oxford University, Cambridge University, Harvard University, and Yale University. His work has been featured in Artforum, ArtReview, BOMB, Frieze, The New Yorker, and Wired, and he has published writing in Artforum, e-flux, and The Paris Review.', 'USA', '<p>Null<br/></p>'),
(48, 'Jack BURTON', 'Born in South Wales, now live in Brussels. Burton graduated in 2017 at the Royal Academy of Arts in London. His more recent solo exhibitions include Brico Jack (10N, Brussels, 2023), Music For An Exhibition Volume 1 (The Gimp, Berlin, 2022), Must Everything Go? (Cunst-link, Brussels, 2022), Long Distance Highway Hotel (MAUVE, Vienna, 2022) and group exhibitions include New Space Show (Gesso Artspace, Vienna, 2021), Europa and the Rock online exhibition (Galerie Barbara Thumm, Berlin, 2020).', 'United Kingdom', '<p>Null</p>'),
(49, 'Toshio MATSUMOTO', 'Toshio Matsumoto (1932-2017) is a Japanese film director and video artist. He played a vital role in Japanese experimental film. After graduating from the University of Tokyo, Matsumoto began working at Shinriken-Eiga, a documentary film production company. His first directed work, Bicycle in Dream (1956), was an experimental promotional film. Members of Jikken Kobo were also involved in the production. In the late 50s, Matsumoto started creating a new type of documentary that combined avant-garde and documentary elements, and his works received successive awards. During the same period, Matsumoto wrote essays on film theory. He published The Discovery of Film: The Avant-Garde and Documentary (Sanichi-Shobo, 1963), which had a strong influence on the Japanese film movement. In the late 60s, Matsumoto began devoting himself to experimental films and expanded cinema. He directed Funeral Parade of Roses (1969), a commercial narrative film that exemplified gay culture and the turmoil of the era. In 1970, he served as general director of the Textile Pavilion at the EXPO’70 in Osaka, where he presented Space Projection Ako, a large-scale multi-projection film work. Matsumoto subsequently expanded his activities and produced numerous works across various genres.', 'Japan', '<p>Null<br/></p>'),
(50, 'CHE Onejoon', 'Che Onejoon is a visual artist and filmmaker. Che is interested in how changes in social structures, such as politics and ideology, affect the places where people live and their identities. In his early work, he revealed the hidden context of the Cold War ideology across the Korean Peninsula through photography, film, and archives. Since 2013, he has been researching on the relationship between Africa and East Asia. His recent works include International Friendship, which explores the historical events surrounding statues and monuments built by North Korea in Africa; My Utopia, a documentary theater about the daughter of the first president of Equatorial Guinea who grew up in North Korea; and Capital Black, which exposes the diaspora culture of African communities around US military bases in South Korea. Che has exhibited internationally at Taipei Biennial, Palais de Tokyo modules, Seoul Mediacity Biennale, New Museum Triennial, Lubumbashi Biennale, Jakarta Biennale, and so forth.', 'Korea', '<p>Null<br/></p>'),
(51, 'Polina KANIS', 'Polina Kanis, born in 1985, graduated from the Rodchenko Art School in Moscow in 2011. She works with various media including video, installation, performance, and sound. Kanis is the winner of the Kandinsky Prize and the Sergey Kuryokhin Prize. Her work has been presented in numerous solo and group exhibitions, film festivals and film screenings, including a solo exhibition at the Haus der Kunst Munich, the VISIO program at Palazzo Strozzi in Florence, the parallel program of the Manifesta 10, the Ural
Industrial Biennale of Contemporary Art, Garage Museum of Contemporary Art, the VI Moscow International Biennale of Young Art, the Moscow International Experimental Film Festival, the Hamburg Short Film Festival and many others. Her films are in the collections of numerous museums and foundations, including the Fonds régional d’art contemporain Bretagne, Fondazione In Between Art Film in Rome, Kadist Paris, etc. Kanis was an artist-in-residence at the Rijksakademie van Beeldende Kunsten programs in Amsterdam and ISCP New York.', 'Russia', '<p>Null</p>'),
(52, 'Babeth MONDINI-VANLOO', 'Babeth Mondini-VanLoo, born in Netherlands in 1948, is a media-artist, filmmaker, and producer. She studied painting and design in Aachen (Germany) and performance and sculpture in Düsseldorf. She also holds an MFA in film from the San Francisco Art Institute. Mondini-VanLoo gained international acclaim for her films made with Joseph Beuys. Her films and installations have been shown at Documenta in Germany, Anthology Film Archives of Jonas Mekas in New York, the Guggenheim Museum in New York, the IFFR, the Stedelijk Museum, and the Museum Boijmans Van Beuningen since the 1970s. Mondini-VanLoo’s films often deal with art, social engagement and spirituality. She founded the production company in 1980 and co-founded and served as programming director of BOS, the first Buddhist TV station in the Western world. In 2005 she also founded International Buddhist Film Festival Europe and serves as its director. Her book ART = LIFE = ART - From Beuys to Buddhism is published by Samsara

Mondini-VanLoo’s films often deal with art, social engagement, and spirituality. She founded the production company in 1980 and co-founded and served as programming director of BOS, the first Buddhist TV station in the Western world, from 2000–2013. In 2005 she also founded International Buddhist Film Festival Europe and serves as its director. Her book ART = LIFE = ART - From Beuys to Buddhism is published by Samsara Books (2017).', 'Netherlands', '<p>Null<br/></p>'),
(53, 'LIAO Xuan-Zhen & HUANG I-Chieh', 'Liao Xuan-Zhen and Huang I-Chieh both received their BFA degrees from the Taipei National University of the Arts. Their artistic body encompasses video art, performance, installation, and documentary films. They have exhibited widely at different venues, including Open Contemporary Art Center, Taipei Contemporary Art Center, TheCube Project Space, Fotoaura Institute of Photography, Absolute Space for the Arts, Taipei Artist Village, Kuandu Museum of Fine Arts, Honggah Museum, Museum of Contemporary Art Taipei, the National Taiwan Museum of Fine Arts, the National Museum of Modern and Contemporary Art (MMCA) Residency Goyang in Korea, and Taiwan Cultural Center in Tokyo. Moreover, their works are featured in the Taiwan International Documentary Festival, Chiayi International Art Doc Festival, South Taiwan Film Festival, the Marseille International Film Festival in France, and the Jihlava International Documentary Film Festival in the Czech Republic. Liao and Huang have been shortlisted for the 20th Taishin Arts Award and the 15th Taishin Arts Award, in addition to being the Grand Prize recipients of the Taoyuan Contemporary Art Award.', 'Taiwan', '<p>Null</p>'),
(54, 'LEE Tek-Khean', 'Lee Tek-Khean, also known as Xiao Ji, is from Lenggong, Perak, Malaysia. He is currently a PhD candidate at the Graduate School of Contemporary Visual Culture at National Taiwan University of Arts. Lee’s accolades include the Next Art Tainan Award, the Taoyuan International Art Award, and the International Biennial Print Exhibit, R.O.C.', 'Malaysia', '<p>Null</p>'),
(57, 'Shimpei TAKEDA', 'Shimpei Takeda is a Japanese artist working with photographic materials. Moving to New York City in 2002, Takeda collaborated with composers and sound artists through video works. In recent years, he has explored abstract aesthetics in conceptual photography. In 2014, he relocated to Japan, where he continues to pursue his projects. His works have been featured in exhibitions such as A Different Kind of Order: Camera Atomica (Art Gallery of Ontario, Toronto, 2015), About Time: Photography in a Moment of
Change (San Francisco Museum of Modern Art, San Francisco, 2016), and Emanations: The Art of the Cameraless Photograph (Govett-Brewster Art Gallery, New Plymouth, 2016). His work is in the permanent collection of the International Center of Photography in New York, the San Francisco Museum of Modern Art, the Museum of Fine Art in Boston, Kadist Paris, and the Tokyo Photographic Art Museum.', 'Japan', '<p><font style="vertical-align: inherit;"><font style="vertical-align: inherit;">Null</font></font></p>'),
(58, 'AKI INOMATA', 'AKI INOMATA''s work focuses on the act of “making” which is not exclusive to human beings, INOMATA creates art works with various species “collaboratively.” She investigates relationships between animals, human beings and the creation emerging from them. Her major works include Why Not Hand Over a "Shelter” to Hermit Crabs?, an attempt she created 3D printed shells for hermit crabs, and I Wear the Dog’s Hair, and the Dog Wears My Hair, in which the artist and her dog wear capes made from each other’s respective hair. Her recent exhibitions include Broken Nature (MoMA, New York, 2021), AKI INOMATA: Significant Otherness (Towada Art Center, Aomori, 2019), The XXII Triennale di Milano, Thailand Biennale, and AKI INOMATA: Why Not Hand Over a “Shelter” to Hermit Crabs? (Musée d’arts de Nantes, Nantes, 2018).', 'Japan', '<p>Null<br/></p>'),
(59, 'HSU Che-Yu', 'Hsu Che-Yu received his master’s degree from the Graduate Institute of Plastic Arts at Tainan National University of the Arts, Taiwan. He has previously participated in residency programs at the Higher Institute for Fine Arts (HISK) in Belgium and Le Fresnoy - Studio National des Arts Contemporains in France. In 2022, he began a two-year art residency at Rijksakademie van Beeldende Kunsten in Amsterdam. Hsu’s artistic creations predominantly consist of animations, videos, and installations, with a focus
on the relationship between media and memories. For the artist, the history constituted by events that can be traced through media is not of utmost importance. Rather, the processes by which memories are constructed and perceived, whether personal or collective, hold greater significance. Hsu has been included in numerous exhibitions: São Paulo Biennial de, Seoul Mediacity Biennale, Sonsbeek20→24 Quadrennial Public Program, VIDEONALE. 18, Shanghai Biennale, London Design Biennale, and Asian Art Biennial.', 'Taiwan', '<p><font style="vertical-align: inherit;"><font style="vertical-align: inherit;">Null</font></font></p>'),
(60, 'HSIEH Yung-Cheng', 'The artistic endeavors of Hsieh Yung-Cheng focus on the elements that constitute physical perception. He addresses sensory experiences by employing textures and visual expressions; he probes corporeality in linguistic frameworks by rewriting different texts. A body understood through different approaches is perceived as a product shaped by specific circumstances and environments. More, when a body’s performing act is contrasted with an assortment of heterogeneous mediums, it is no longer a mere object to be depicted, but instead takes on a role in sculpting the artwork. What the artist looks for is a moderate looseness for words and body to flow amid the process of converting images and texts among different mediums (genres). Within his artistic practice, text extends beyond deduction and interpretation, serving as a vital component in constructing the “self,” as the artwork encapsulates a dialogue between an iteration of the self and the surrounding world.', 'Taiwan', '<p><font style="vertical-align: inherit;"><font style="vertical-align: inherit;">Null</font></font></p>'),
(61, 'Yu ARAKI', 'Born in Yamagata City, Japan, in 1985, and currently based in Kyoto, Japan, Araki received his Bachelor of Fine Arts in Sculpture from Sam Fox School of Design & Visual Arts at Washington University in St. Louis, U.S.A., and completed his Master of Film and New Media Studies from Tokyo University of the Arts. Recent exhibitions include Tokyo Photographic Art Museum, Nakanoshima Museum of Art in Osaka, Chengdu Times Art Museum, Museum DKM in Duisburg, and Art Sonje Center in Seoul. His films have been
programmed in international festivals such as Rencontres Internationales Paris/Berlin, FID Marseille, Kassel Documentary Film and Video Festival, and Berwick Film & Media Arts Festival. He was selected the Future Generation Art Prize hosted by the Victor Pinchuk Foundation in Kyiv, Ukraine and received the Ammodo Tiger Short Film Award from Film Festival Rotterdam, the U39 Artist Fellowship Grant recipient from Arts Commission Yokohama, and the Special Award at Yebisu International Festival for Art & Alternative Visions 2023 in Tokyo, Japan.', 'Japan', '<p><font style="vertical-align: inherit;"><font style="vertical-align: inherit;">Null</font></font></p>'),
(62, 'Su-Mei TSE', 'Born in 1973 in Luxembourg, Su-Mei Tse currently lives and works in Luxembourg and Berlin. She received her MFA in 2000 from Ecole Nationale Superieure des Beaux-Arts, Paris. Selected solo exhibitions include: Taipei Fine Arts Museum, Mudam Luxembourg, Académie de France à Rome, Villa Médicis in Rome, Fundació Joan Miró in Barcelona, MIT List Visual Arts Center in Boston, Museum of Contemporary Art in Taipei, and MoMA PS1 in New York. She has participated in many international exhibitions such as Biennale of Sydney and São Paulo Biennial. Tse represented Luxembourg at the 50th Venice Biennale in 2003, and was awarded the Golden Lion for Best National Participation.', 'Luxembourg', '<p><font style="vertical-align: inherit;"><font style="vertical-align: inherit;">Null</font></font></p>'),
(63, 'Shingo KANAGAWA', 'Shingo Kanagawa earned his master’s degree and doctorate respectively from Kobe University and Tokyo University of the Arts. His solo exhibitions include Nagaima (Yokohama Civic Art Gallery, Kanagawa, 2018), father 2009.04.10- (gallery176, Osaka, 2017), father 2009.09- (Shinjuku Nikon Salon, Tokyo, 2016), and home for the aged (Ginza Nikon Salon, Tokyo, 2014). He is also the author of two photo books father (Seigensha, 2016) and and animals (MUESUM, 2009).', 'Japan', '<p>Null<br/></p>'),
(64, 'Jeremy DELLER', 'Jeremy Deller, born in London in 1966, lives and works in London. He studied Art History at the Courtauld Institute and Sussex University. He began making artworks in the early 1990s, often showing them outside conventional galleries. Deller won the Turner Prize in 2004 and represented Britain in the 55th Venice Biennale in 2013. He has been producing projects over the past two decades which have influenced the conventional map of contemporary art.', 'United Kingdom', '<p><font style="vertical-align: inherit;"><font style="vertical-align: inherit;"><font style="vertical-align: inherit;"><font style="vertical-align: inherit;">Null</font></font></font></font></p>'),
(65, 'LEE Kan Kyo', 'Born in Taipei, Taiwan, currently lives and works in Tokyo, Japan. Lee Kan Kyo received his master’s degree in Design from Tokyo Zokei University. Since he was a child, he has been fascinated by the glamor of Japanese culture due to exposure to Japanese variety TV shows, which eventually brought him to Japan in 2007. His works are inspired by modern consumerist society and his observations of life, such as the Supermarket Flyers series, Weekly Magazine series, the self-portrait series Juicebox Selfie which
has been ongoing for eight years, and the latest project, LEE Card. In 2014, Lee created DREAM ANOKO (Don’t Stop), a project commenting on the increasing number of members in Japanese idol groups and illustrating the repetitive mass production and consumerism in modern society. DREAM ANOKO (Don’t Stop) won him the Grand Prize of 1_WALL Graphic Arts in Japan. Moreover, he was named Artist of the Year for GQ Taiwan MOTY 2022.', 'Taiwan', '<p>Null<br/></p>'),
(66, 'Rutherford CHANG', 'Rutherford Chang is a New York-based artist who rearranges cultural products to examine their inherent meanings. Chang’s recent exhibition, I AM HERE: Home Movies and Everyday Masterpieces (Art Gallery of Ontario, Toronto, 2022), NOTHINGTOSEENESS - Void/White/Silence (Akademie der Künste, Berlin, 2021), and Black Album/White Cube (Kunsthal Rotterdam, Rotterdam, 2020).', 'United States', '<p><font style="vertical-align: inherit;"><font style="vertical-align: inherit;">Null</font></font></p>'),
(67, 'Slater BRADLEY', 'Slater Bradley, born in San Francisco in 1975, is an American artist currently living and working in Berlin, Germany. He works in a variety of mediums searching for meaning and illumination in an otherwise meaningless world. In 2005, he became the youngest male artist to have a solo exhibition at the Solomon R. Guggenheim Museum in New York. As of 2023, he has had 56 international solo exhibitions since his first in 1999, and his work is held in 33 public institutional collections. He has been called a “clairvoyant for the collective consciousness” by museum curator Heidi Zuckerman, and according to The New Yorker, “He is something of a cult hero.”', 'United States', '<p>Null<br/></p>'),
(68, 'KUO Che-Hsi', 'Born in Taiwan in 1994, Kuo Che-Hsi obtained his degree from the Department of Computer Science and Information Engineering at National Taiwan University. He currently resides in Gongguan, Taipei, and works as a software engineer. KUO’s artistic endeavors primarily center on photography, highlighting the connection between history and urban landscapes. By delving into the unique architecture and landscapes at different locations, he aims at unearthing concealed, obscured historical memories.', 'Taiwan', '<p><font style="vertical-align: inherit;"><font style="vertical-align: inherit;">Null</font></font></p>'),
(69, 'dj sniff', 'dj sniff (Takuro Mizuta Lippit) is a musician and curator in the field of experimental electronic arts and improvised music. His musical work builds upon a distinct practice that combines DJing, instrument design, and free improvisation. His collaborations include Evan Parker, Otomo Yoshihide, Martin Tetreault, Paul Hubweber, Tarek Atoui, and Senyawa. He has held positions as Artistic Director of STEIM Amsterdam, Visiting Assistant Professor at the School of Creative Media, City University Hong Kong, and Associate Professor at Kyoto Seika University. He is currently based in Los Angeles and acts as Co-Director of AMF (Asian Meeting Festival). In 2022, he released his latest vinyl record Parallel Traces of the Jewel Voice which deals with Japan’s historical broadcast at the end of WW2 and its reception in Taiwan.', 'Japan', '<p>Null<br/></p>'),
(70, 'Simon LIU', 'Born in Hong Kong in 1987, Simon Liu is an artist filmmaker whose films, video installations, and expanded cinema performances have been exhibited globally at film festivals and museums, including Berlinale International Film Festival, Toronto International Film Festival, New York Film Festival, Sundance Film Festival, New Directors/New Films, The Shed, M+ Museum, Tai Kwun Contemporary, Portland Institute of Contemporary Art, and a Modern Mondays solo program at the Museum of Modern Art. His works are included in the permanent collections of M+ Museum and MoMA. Liu is also a teacher at the Cooper Union School of Art and a member of the artist-run film lab Negativeland. He is currently editing his first feature film Staffordshire Hoard.', 'Hong Kong', '<p>Null<br/></p>'),
(71, 'Nick ABRAHAMS', 'Nick Abrahams is a psychotherapist who also makes pop videos, films and documentaries who lives in Glasgow. He is a fan of Depeche Mode, and also of Jeremy Deller.', 'United Kingdom', '<p>Null</p>');

INSERT INTO "public"."artists_zh" ("artist_zh_id", "name", "introduction", "country", "resume") VALUES
(1, '倍帝愛波', '現居臺灣臺北，臺灣Ｙ世代前衛藝術家，國立臺北藝術大學戲劇學系、新媒體藝術研究所畢業 。創作受銳舞派對（Rave）、次文化、前衛劇場、新媒體電影、後網路藝術影響， 常見以電子音樂創作者、聲音藝術表演者、現場藝術（Live Art）、DJ、藝術RAVE策劃等身份，實現「身體政治」的創作理念。2021法國解放報攝影專題報導藝術家，近年受邀於義大利Santarcangelo 2050前衛表演藝術節、柏林2021 CTM新媒體藝術節、澳洲2021 MONA音樂節等演出。', NULL, NULL),
(2, '許家維', '許家維（1983，臺中），2016年畢業於法國國立當代藝術工作室，作為藝術家、導演和策展人，他的作品融合了當代藝術和電影語彙，發掘圖像創作過程背後的複雜生產機制。在藝術實踐的方式上，特別著力於影像創作背後的行動性，並透過建立鏡頭以外的事件，連結正規歷史描述所未及的人、物質與地方的關係。', 'null', '<p>Null</p>'),
(3, '張碩尹', '國立政治大學廣告學學士，倫敦大學金匠學院藝術碩士畢業。創作媒材跨及裝置、繪畫、表演與錄像，並結合科學、生物學、生物動力學等不同知識領域，反應人與科技、社會的關係。他的作品受臺北市立美術館、藝術銀行、巴西駐英大使館、韓國Noblesse Collection、墨西哥JM SR Collection典藏，以及亞洲、歐洲等私人收藏。', NULL, NULL),
(4, '鄭先喻', '鄭先喻（1984，高雄），現職藝術家、軟體與機械開發人員。創作以電子裝置、軟體、生物能源實驗裝置為主，內容多在探討人類行為、情感、軟體與機械之間的關係，試圖以詼諧的方式去賦予作品某種生命象徵或是存在意義，藉此隱喻自身對於周遭環境的體會。', NULL, NULL),
(5, '陳湘馥', '工作於柏林和臺北，動力藝術家。作品議題涉及空間、科技和社會現象，將新媒體材料語言轉化為空間及動力裝置，參與實驗聲音、劇場裝置等各領域團隊創作，利用科技的應用與實踐，探索數位地理的空間。', NULL, NULL),
(6, '蘇郁心', '蘇郁心是現居於德國柏林的臺灣藝術家。其散文電影、錄像裝置及藝術研究反映了技術、生態和人類與非人類交會的批判基礎設施的探究。她的批判檢視專注於製圖、操作性攝影和地理知識的技術生產。', NULL, NULL),
(8, '河床劇團', '河床劇團於1998年成立，為財團法人國家文化藝術基金會Taiwan Top團隊。以「意象劇場」的創作理念，跨越了視覺藝術與表演藝術之間的界線。評論家曾讚賞河床劇團這些有機、深具雕塑性的「潛意識」劇場作品，可與山繆‧貝克特及大衛‧林區最精湛的作品相比。其近年參與的藝術節包括：韓國BeSeTo戲劇節、法國亞維儂off戲劇節、德國想像國際偶劇節、TIFA臺灣國際藝術節等。', NULL, NULL),
(9, '郭文泰', '西北大學表演藝術研究博士，河床劇團藝術總監，編導超過五十部原創意象劇場作品，演出足跡包含巴黎穆浮塔劇院、亞維儂絲品劇院及國家戲劇院實驗劇場等。他也是裝置藝術家及雕塑家，作品曾於亞洲藝術雙年展、日本神戶雙年展、臺北雙年展等地展出。目前亦擔任美國格林奈爾學院劇場舞蹈系副教授。', NULL, NULL),
(10, '江克文', '跨領域藝術家、畫家、雕塑家及舞台設計家，芝加哥藝術學院視覺藝術碩士。展出經歷包括臺北市立美術館、國立臺灣美術館、上海當代藝術館及芝加哥海德公園藝術中心等。其舞台設計及繪景相關作品曾赴法國、日本、新加坡及美國等地巡演。曾任教於美國西北大學戲劇系、威斯康辛州立大學藝術系及臺灣大學戲劇系等。', NULL, NULL),
(11, 'Battles', '成立於2002年，Battles是來自於美國紐約的實驗搖滾兩人樂團，目前由吉他手兼鍵盤手伊恩・威廉姆斯和鼓手兼鍵盤手約翰・斯坦尼爾所組成。', NULL, NULL),
(12, 'AES+F', 'AES成立於1987年，初期由塔奇安娜．阿札瑪索娃（Tatiana ARZAMASOVA）、列夫．艾夫佐維奇（Lev EVZOVICH）、耶夫根尼．史瓦斯基（Evgeny SVYATSKY）三位藝術家所組成；1995年，弗拉基米爾．弗里德克斯（Vladimir FRIDKES）加入，團隊改名為AES+F。

AES+F致力於傳統媒體、攝影、影片和數位技術的交叉領域，並將自己的實踐定義為「社會心理分析」，以此揭露並探索當代全球文化的價值觀、罪惡、衝突。1999年，AES+F因《伊斯蘭計畫》獲得舉世好評，該作品描繪各個被型塑為伊斯蘭殖民地的西方知名景點。2007年，AES+F於第52屆威尼斯雙年展俄羅斯館上，憑藉極具挑釁意味的作品《最後叛亂》，鞏固他們作為當代藝術強國的聲譽，這是他們最具標誌性的作品，也是首個大型多頻道影像裝置。AES+F於全球博物館、展覽空間、商業畫廊已舉辦上百場個展。', NULL, NULL),
(13, '陸明龍', '於倫敦生活與工作的電影創作者、音樂家、藝術家，他將多種相異的創意實踐，如將建築、遊戲、CGI、音樂、小說結合於不斷延展的電影宇宙中。路明龍為他的電影創作配樂並執行即時的視聽混音，電影中也經常直播他的開放世界遊戲。', NULL, NULL),
(15, '文敬媛&全濬晧', '文敬媛現居於韓國首爾，任教於梨花女子大學；全濬晧現居住、工作於韓國釜山及首爾。《折疊空間與飛行的方式》曾展出於威尼斯雙年展韓國館（2015）。他們的最新藝術創作為《烏有鄉消息》，是個專注於創造跨域平台的協作專案，最初展出於第13屆卡塞爾文件大展（2012），它也將在韓國國立現代美術館首爾館（2021）和金澤21世紀美術館（2022）展出。 
文敬媛和全濬晧的其他作品包括曾展於韓國國立現代美術館果川本館（2012）的《皈依之聲》，以及展出於倫敦斐列茲計畫和東京日本澡堂畫廊（2017）的《自由村》。', NULL, NULL),
(16, '張立人', '現居住、工作、創作於臺灣臺南。國立臺南藝術大學造形研究所畢業。創作多為錄像裝置、觀念計劃及動畫。', NULL, NULL),
(17, '黃裕雄', '現居住、工作於臺灣臺北，新媒體藝術教育工作者、藝術家。現為國立臺北藝術大學新媒體藝術學系講師。創作專注於互動科技與新媒體藝術之間的融合，包含透過科技媒體轉譯歷史文化，以及互動科技連結虛擬世界等跨學科研究。近年關注於媒體科技與人文藝術間的衝突與矛盾，透過人工智慧、機器學習、程式語言、感測器等媒介詮釋人類與媒體科技的關係。', NULL, NULL),
(18, '基爾・丹格・穆茲克瑙 ', '現居於美國華盛頓特區巴爾的摩地區的設計師與教育家。曾於葛蘭布魯克藝術學院攻讀平面設計藝術創作碩士，目前任職於巴爾的摩的馬里蘭藝術學院（MICA）平面設計系，同時經營個人工作室。近期專注於開發、研究線上動態與字型產生器「Space Type Generato」。STG是一個開源應用程式，間接影響遍佈於全球的各類創作，包括音樂錄影帶、商業插畫、壁畫、傳單、品牌、雜誌封面等應用。', 'null', '<p>null</p>'),
(19, '麥可・柏克、安・卡特琳・可蘭茲      ', '常駐於柏林的互動設計師和媒體藝術家。他們的作品含括互動式裝置與環境設計、生成性和批判性設計，也常使用像素、筆紙探索平面創意的可能性。', NULL, NULL),
(21, 'NANONANO', 'NANONANO，2019年由新媒體藝術家許巽翔，以及材料工程師黃胤豪組成。其作品主要關注所處現實生活環境的現況及未來，並以頂尖工業科技技術作為創作工具。近年作品入選威尼斯第15屆Arte Laguna Prize、C-LAB科技媒體實驗平台FUTURE VISION LAB計劃等，並連續於2020至2021獲選文化部科技藝術實驗創新及輔導推動計畫。', NULL, NULL),
(22, 'onformative', '一個致力挑戰藝術和科技疆界的數位藝術與設計工作室。從情感出發，尋找並實驗各式創意呈現的方法，挖掘知識和實踐間的可能性，叩問人類與技術的關係，力求在不斷嘗試的過程創造新思維，以有深度的作品激發跨學科的探索，重新審視概念化敘事，並為數位和模擬場域創造交集。因在意體驗過程，作品具有各種媒體形式，包括互動媒體裝置、動態視覺、數據化敘事。以跨域和共同實踐打造多變的視覺語言，藉觀者感知隨心定義。作品目前已在歐洲、美國、加拿大、澳洲、中國等地展出。', NULL, NULL),
(23, '拉爾夫・貝克爾 ', '拉爾夫‧貝克爾是一名將藝術、科學、技術融入作品中的藝術創作者，以藝術裝置、自動化機械、表演等方式，探索新媒體與科技未開發的領域。運用認識論的概念，提出在這世上顯得複雜卻基本的數位、科技、系統性等問題。他的作品試圖激發觀者對機械、人造、現實的全新想像。他運用激進的工程方法，將傳統嚴謹的機械思維連結替代技術觀點、新型態自定義材質的理解方式。', NULL, NULL),
(24, '施懿珊', '空中自體動力宣言創辦人。2019年開始，常態性參與由虛構研究者賴火旺發起的「 議題串連 」。目前「 議題串連 」的運作方式為：當代集合場域由各種議題標籤組成，當人們認同或關注某個議題，就會在其議題框架下產生連結，而集合場所即於當下成形；當議題解散，群體和空間也會相對解散。', NULL, NULL),
(25, '田子平', '田子平畢業於國立臺北藝術大學新媒體藝術學系。創作常見對科技產物與數位時代的反思，並從創作中試圖實現多方位的藝術作品。穿梭在展覽與劇場之間擔任影音技術、影像設計、新媒體裝置製作執行。', NULL, NULL),
(26, '麥藍提亞Mailantia舞團', '麥藍提亞Mailantia舞團以專業舞團概念為核心，融合東、西方傳統訓練，同時結合跨領域元素，涉入街頭文化，蘊含多元藝術技能，建立獨特的肢體語彙以及舞團風格。', NULL, NULL),
(27, '鍾緯正', '現居於香港，互動媒體藝術家及設計顧問，目前任教於香港浸會大學視覺藝術院，負責互動藝術、電腦圖像等科目。常以戲謔幽默的手法諷刺時弊，同時帶有對當代媒體發展的深意與反思。他為開源軟體「Processing」開發程式函式庫，並出版多媒體設計的教科書籍。2016年獲頒受香港兿術發展局媒體藝術年度藝術家大獎。', NULL, NULL),
(29, '比爾．波斯特 、丹尼爾．豪 ', '比爾．波斯特為研究員、作家和倡議者。專注於藝術領域研究和批判性實踐等主題。他的作品探討了公共空間和網路上的說服架構和權力關係，多為探討藝術和科學綜合領域的概念性、合成性、網路藝術和裝置作品。

丹尼爾．豪常駐於香港的美國藝術家和教育家。側重於編寫電腦演算法，以此作為審視當代生活的一種方法。探索隱私、監視、假訊息和符號表徵等問題，他的作品橫跨各種媒材，包括多媒體裝置、藝術書籍、錄音、軟體干預。', NULL, NULL),
(30, '劉承杰', '影像設計師、動畫導演，空集設計共同創辦人。作品多跨足於視覺概念設計及動態影像。', NULL, NULL),
(31, '吳秉聖', '臺北的藝術工作者，以聲音為創作思考的中心。目前於「噪咖藝術」擔任設計師與音樂統籌。
', NULL, NULL),
(32, '邱俊霖', '2020年成立「了然工作室」，以持續探索電子聲響在配樂中的可能性。', NULL, NULL),
(33, '蔡遵弘', '蔡遵弘，實踐大學媒體傳達設計學系專任助理教授、台灣數位藝術基金會暨在地實驗技術總監、曾任上海舜和數碼科技有限公司互動設計師、台北當代藝術館MIS。專業領域為電腦動畫、互動設計、擴增實境、虛擬實境與遊戲設計。', NULL, NULL),
(34, '葉廷皓', '新媒體藝術創作與教育者，擅長創意程式設計、實驗聲響與表演藝術。作品多聚焦於聲音與影像之間的關聯，企圖融合預製與即時發生的事件。並以錯誤美學為出發，企圖尋找屬於新媒體時代的諧擬與辯證。大量參與台灣實驗音像場景活動，如超響、失聲祭。除了個人創作之外，也策劃展覽、演出與工作坊活動，例如2018年在國美館數位藝術方舟的《聯覺共振》展覽，與C-Lab進駐計畫的《A/V衝刺班—實驗聲音影像推廣計畫》系列工作坊。2013起與姚仲涵組成Audio-Visual 團體HH。目前為實驗音像推廣團體「噪流」現任負責人，並在多所大學相關科系兼課。', NULL, NULL),
(35, '李亦凡', '畢業於國立台北藝術大學新媒體藝術學系碩士班，從事實驗動畫、影像創作。近年投入遊戲引擎研究，透過虛擬製作的方式探索數位影像生產的可能性。', NULL, NULL),
(36, '王連晟', '數位藝術創作者，作品跨足於互動裝置和聲音表演。裝置作品常以數量的方式以達到一種特異的身體感知。而聲音表演常搭配程式即時生成的影像，與即時運算的聲音演出。近年來致力於程式演算影像與聲音的契合，現任國立台北藝術大學專任講師。曾獲得台北美術獎首獎、台北數位藝術節互動裝置類首獎、台北數位藝術表演獎首獎、英國流明獎雕塑類首獎，並於奧地利林茲電子藝術節、西班牙現代影音藝術節、法國里昂國立音樂中心、德勒斯登國際當代藝術展、比利時新科技藝術獎等國際知名藝術節展出。', 'null', '<p>null</p>'),
(37, '李婉菁', '李婉菁 / 聲音藝術
台南西拉雅人，自幼與父親李茂松教授學習音樂。東吳大學音樂系畢業，主修管風琴，師事宋允鵬教授、陳湘瑜教授。美國約翰霍普金斯大學電腦音樂研究所畢業，師事Dr. Geoffrey Wright。音樂作品曾多次獲選呈現於國際電腦音樂研討會(ICMC)、美國紐約電子音樂節(NYCEMF)、德國漢堡聲音藝術節(kling gut!)、Internationales-musikinstitut Darmstadt、法國巴黎龐畢度中心(ManiFeste, IRCAM) 等。 從事廣告相關工作15年，近年來多方參與於牯嶺街小劇場音樂與聲響策展，亦擔任多部紀錄片、戲劇、舞蹈與電影配樂。曾為音樂劇《黑暗巴洛克》音樂總監，閃靈樂團《賽德克巴萊》專輯鍵盤手，探索頻道《迷樣島嶼》配樂、C-Lab 臺灣聲響實驗室(TSL) 節目《聲響窩嗑夏》主持人。有志於音樂創作之推廣與培訓，常於不同城市舉辦音樂創作工作坊，期許更多人享受音樂創作，加入音樂創作的行列。目前任教於輔仁大學音樂系。
', NULL, NULL),
(38, '王駝', '王駝 / 影像

大家好，我是王駝 a.k.a WonderGym 奇蹟体育館。 貓奴、M男、極度焦慮。患有色弱，每天都在懷疑自己。 使用田野調查的方法直接參與各個現場，蹲點去感受「發生」，採集影像並後製成素材。將自身對於作品的觀點及感受透過VJ技術物將再製後的光影投射於現實之上，邀請觀者一同修築連通展演現場虛實的橋樑。 


交通大學電腦音樂與科技創意研究所肄業，目前就讀台南藝術大學民族⾳樂學研究所。研究方向為科技與社會（STS），認為一項展演作品都是在場參與者與物件交織而成的結果，期待現場的各種發生與即時的互動。 各類影音演展演已累積七年經驗，包括李茉莉玩樂女笙（2014, 台新藝術獎提名）、混種現場藝術祭「聲響混種」閉幕派對 X 台北爵士大樂隊（2015）、西城⼤戲院3D互動光雕⾳樂秀 X 李英宏（2017）、巴賴Balai + gaga ⾦曲國際⾳樂會 （2017）、祈求吉慶 - 總統府古蹟建築光雕展演（2017）、EBB VOL.4 Audiovisualizer in da 空總（2019）、朗機工府城流水席 : 臺南藝術節開幕（2019）、物三88影音會｜李俊賢ｘ林強 x 林生祥 （2020）、貴人散步音樂季 with Go Go Machine Orchestra （2021）、高雄市立美術館 - 偏挺土地──南方HUE聲景影音會（2021）等。', NULL, NULL),
(39, '林晏均', '林晏均 / 太鼓

2019年6月赴日本「鬼太鼓座」研修，為首位台灣籍男性成員。
1990年生。2015年開始學習太鼓，師事馥蘭朵渡假酒店藝術總監羅桑席讓老師、莫比斯圓環創作公社藝術總監黃子翎老師、鼓魂鈦鼓團長李卓宇老師。曾任「義秀鼓團」行政總監兼團員、「鼓魂鈦鼓」團員、「莫比斯圓環創作公社」協演團員。2016年起帶領各校鼓隊奪得『全國鼓陣錦標賽』創意鼓藝組、太鼓組數次冠亞軍，『傳藝盃民俗體育運動錦標賽』擂鼓組國小組特優第一名、國中組特優第二名佳績。 

【重要演出經歷】： 
演出團隊：鬼太鼓座
2020 富知六所淺間神社 新春參拜活動 
    地點：日本靜岡縣富士市富知六所淺間神社 
2020越後妻有「雪之祭」 開幕演出 
地點：日本新潟縣 越後妻有里山現代美術館 


演出團隊：鬼太鼓座x鼓童
2019世界杯橄欖球賽RWC開幕表演 
  地點：東京都府中市東京體育場 

演出團隊： 鼓魂鈦鼓
2018、2019、2020 第十六、十七、十八屆 新光三越鼓舞節 地點：台北市信義區新光三越香提廣場 
2016 鼓魂鈦鼓 十週年製作《月光下的鼓手》
', NULL, NULL),
(40, '郭立威', '加拿大麥吉爾大學作曲學士，加拿大蒙特利爾音樂學院作曲碩士，是目前定居溫哥華的作曲家。
他曾在多數國際音樂節發表，包括荷蘭 Gaudeamus 現代音樂節（Gaudeamus Muziekweek）、奧地
利布盧登茨縣現代音樂節（Bludenzer Tage zeitgemäßer Musik）、加拿大溫尼伯 Cluster 現代音樂節
（Cluster New Music Festival）、法國 Royaumont 音樂節、法國ManiFeste音樂節。作品多次獲得肯
定，曾獲2018年荷蘭 Gaudeamus 國際作曲獎提名、加拿大GroundSwell作曲比賽首獎、加拿大
Serge Garant 作曲獎。他於2018年至2019年之間參加了法國 IRCAM 音樂協調和研究學院的 Cursus
電子音樂課程，同時駐村於 Cité international des arts 巴黎西帖國際藝術村。
近年來重要的合作者包括 TAK Ensemble、Ensemble Nikel、Quasar 薩克司風四重奏、Ensemble
Klang、Asko|Schönberg樂團、Ensemble Multilatérale、Le Nouvel Ensemble Moderne、Ensemble
InterContemporain 法國現代樂集、Ensemble Paramirabo、Orchestre Philharmonique de Radio France
法國廣播愛樂樂團、Heather Roche、Eva Zöllner、Juliet Fraser、Juliette Adam、 余林橞 (Karen Yu) 等。
', NULL, NULL),
(41, 'Tactical Tech', 'Tactical Tech是一個國際非政府組織，它與公民和民間社會組織協作，深入研究並試圖緩減科技對社會的影響。此組織的願景，是希望數位科技能帶來更加平等、民主和永續的世界，為了實現理念，他們調查了數位科技是如何影響社會和個人自主權，並透過調查結果，為人們和民間社會提供實用的解決方案，也支持合作夥伴持續創造對話機會，讓世界各地的社群都可以加入這場關於隱私、數據、科技影響力的全球性討論。', 'null', 'null'),
(42, 'C-LAB未來媒體藝術節 X 微波國際新媒體藝術節', '微波國際新媒體藝術節成立於1996年，為國際同類型藝術節先鋒之一，以藝術、科技、科學之跨域為主軸，將裝置、動畫、表演等不同模式的國際藝術項目引入香港。希望透過藝術探討時下全球命題，打造跨媒介合作平台，連結本地及國際藝術家、策展人與科硏人員，共同呈現媒體藝術的嶄新體驗。2021年是「微波」二十五周年，特別推出線上媒體考古項目《連點》，以線上文字錄像誌及線上展刻劃香港媒體藝術五十年來的發展版圖。', NULL, NULL),
(43, '安琪拉．戈歐', '安琪拉‧戈歐是一名舞蹈家和編舞家，於澳洲雪梨居住和工作。其作品為科技資本主義、行星和後人類世內的美學和狀態提供破壞和轉變可能性。作品曾在澳洲、歐洲、英國、美國和亞洲巡迴演出。', NULL, NULL),
(44, '李勇志', '畢業於國立臺北藝術大學新媒體藝術碩士班，李勇志從自身於工業區成長經歷的在地性、集體加工的身體記憶出發，思考臺灣在面臨國際化、現代化與個人品味化的對峙之下不可迴返的現狀，探討在此無可奈何的未來之中，藝術如何成為一種懷舊形式的假裝。近期展覽有印尼日惹雙年展、「秘密南方：典藏作品中的冷戰視角及全球南方」（臺北市立美術館，臺北，2020）、「未至之城─2021亞洲藝術雙年展」（國立臺灣美術館，臺中， 2021）。 2022年獲選C-LAB「CREATORS創作／研發支持計畫」並自行策劃各項公眾活動。', '臺灣', '<p>Null</p>'),
(45, '許芝瑜', '1990年出生於臺灣，畢業於京都市立藝術大學美術學院主修雕塑。許芝瑜從業餘的角度進行研究，對博物館展示物的歷史及其用途提出質疑。經常使用紙黏土、保麗龍、海綿等素材重新配置記憶中博物館的樣貌，企圖創造一個可以自由拼貼、想像，有如博物館般的空間，藉由失去功能的博物館場域，帶領觀眾重新觀看物件並隨之展開想像。個展包括「櫃子裡的排列方式」（夢露，臺南，2023）、「Spiral Maze 螺旋狀迷宮」（尖蚪，臺北，2022） 、「扁石與圓石」（shvetams，島根，2022），聯展包括日本山原藝術節、「ARTISTS'' FAIR 2021」等。', '臺灣', '<p>Null</p>'),
(46, '安德列．巴宏', '畢業於巴黎國立高等裝飾藝術學院。作品曾在世界各地展出，包括鹿特丹影展、愛馬仕基金會、愛丁堡國際電影節、紐約選集電影檔案館、洛杉磯電影論壇、多倫多影像藝術節、奧斯納貝克歐洲媒體藝術節、巴黎名媛舞會、斯圖加特藝術之家、法蘭琪－康堤省地區當代藝術基金會等，於2018年入圍東京宮之友大獎。', '哥倫比亞共和國', '<p>Null</p>'),
(47, '安德魯．諾曼．威爾森', '活躍於歐美的藝術家、導演，曾於日舞影展、紐約影展、鹿特丹影展放映作品。作品曾被紐約現代藝術博物館、惠特尼美國藝術博物館、龐畢度藝術中心等機構典藏。此外，作品亦曾於LUMA Arles 當代實驗藝術中心、紐約現代藝術博物館PS1分館、光州雙年展、柏林雙年展等地展出。曾於加州大學杉磯分校、芝加哥藝術學院及柯柏聯盟學院任教，牛津大學、劍橋大學、哈佛大學及耶魯大學講學。《藝術論壇》、 《藝術評論》、《BOMB》、《弗里茲》、《紐約客》及《連線》等期刊雜誌都曾以其作品發表專題。此外，也曾於《藝術論壇》、e-flux平台及《巴黎評論》等發表文章。', '美國', '<p>Null</p>'),
(48, '傑克・伯頓', '生於南威爾斯，現居布魯塞爾，人生經歷擺盪於兩地。2017年畢業於倫敦皇家藝術學院。近期的個展包括「Brico Jack」（10N，布魯賽爾，2023）、「展覽音樂第一輯」（The Gimp，柏林，2022）、「非得丟棄一切嗎？」（Cunst-link，布魯塞爾，2022）、「長途公路旅館」（MAUVE，維也納，2022）；聯展包括「新空間秀」（杰索藝術空間，維也納，2021）、線上展覽「歐洲與岩石」（芭芭拉．圖姆藝廊，柏林，2020）。', '英國', '<p>Null</p>'),
(49, '松本俊夫', '1932-2017，電影導演、錄像藝術家，為日本實驗電影界的重要先驅。東京大學畢業後進入「新理研映畫」紀錄片製作公司。執導的第一部影片《銀輪》（1956），「實驗工房」的成員均參與製作。1950年代晚期著手創作融合前衛與紀實元素的新類型紀錄片並陸續獲獎。與此同時，松本撰寫的電影理論書《電影的發現：前衛與紀實》（三一書房，1963），對日本電影運動產生深遠的影響。1960 年代晚期開始致力於創作實驗電影、擴延電影及商業電影，如體現同性戀文化和時代動盪的《薔薇的葬禮》（1969）。1970 年世界博覽會在日本大阪舉行，松本擔任紡織館總監發表大型多頻道電影《Ａ子空間投影》。松本隨後擴大其活動，製作出無數跨類型作品。', '日本', '<p>Null</p>'),
(50, '崔元準', '視覺藝術家、電影創作者，關注社會結構的轉變（例如政治與意識型態）如何影響人們的居住場所與認同。早期的作品透過攝影、影片、檔案揭示了隱藏在整個朝鮮半島的冷戰意識型態背景。2013年開始研究非洲與東亞的關係。近期作品包括《國際友誼》，探討北韓在非洲建立雕像與紀念碑的歷史事件；《我的烏托邦》是一齣關於赤道幾內亞第一任總統之女在北韓成長的紀錄劇場；《黑色首都》揭露美國駐南韓軍事基地周邊非洲社群的離散文化。曾參與展出的國際展覽包括台北雙年展、巴黎東京宮、首爾媒體城市雙年展、紐約新美術館三年展、盧邦巴希雙年展、雅加達雙年展等。', '韓國', '<p>Null</p>'),
(51, '波莉娜．卡尼斯', '生於1985年，畢業於莫斯科羅欽可藝術學院。使用錄像、裝置、表演、聲音等各種媒體進行創作，榮獲康丁斯基獎與謝爾蓋．古廖金獎。作品曾於個展、聯展、電影節及電影放映會展出，包括慕尼黑藝術之家個展、佛羅倫斯斯特羅齊宮的VISIO 計畫、第十屆歐洲宣言展平行計畫、烏拉爾當代藝術工業雙年展、車庫當代藝術博物館、第六屆莫斯科國際青年藝術雙年展、莫斯科國際實驗影展、漢堡國際短片影展等。作品典藏於布列塔尼當代藝術收藏基金會、羅馬藝術電影之間基金會、巴黎卡蒂斯特藝術基金會等。曾於荷蘭阿姆斯特丹帝國美術學院的藝術計畫與紐約ISCP 國際藝術工作室駐村。', '俄羅斯', '<p>Null</p>'),
(52, '芭貝絲・蒙迪尼－凡洛', '1948年生於荷蘭，媒體藝術家、電影製作人。於德國亞琛學習繪畫與設計，杜塞道夫研究表演與雕塑，以及舊金山藝術學院取得電影碩士。因與波伊斯合作電影而蜚聲國際，作品自1970年代起於德國卡塞爾文件展、紐約喬納斯．梅卡斯電影選集檔案館、紐約古根漢美術館、鹿特丹影展、阿姆斯特丹市立博物館及及博伊曼斯·范伯寧恩美術館等地展出。作品經常處理藝術、社會參與、靈性等議題，並於1980年成立電影藝術製作公司，也是BOS（西方世界第一間佛教電視台）的共同創始人暨節目編導。2005年發起歐洲國際佛教電影節並擔任總監。著有《藝術即生活、生活即藝術：從波伊斯到佛教》（輪迴出版社，2017）。', '荷蘭', '<p>Null</p>'),
(53, '廖烜榛& 黃奕捷', '畢業於國立臺北藝術大學美術學系，創作包含錄像、行為表演、空間裝置及紀錄片，曾在打開─當代藝術工作站、臺北當代藝術中心、立方計劃空間、海馬迴光畫館、絕對空間、臺北國際藝術村、關渡美術館、鳳甲美術館、臺北當代藝術館、國立臺灣美術館、韓國國立現代美術館高陽工作室及東京臺灣文化中心等地展出，也曾入選臺灣國際紀錄片影展、嘉義藝術紀錄影展、南方影展、法國馬賽影展及捷克伊赫拉瓦影展。作品曾獲第20屆台新藝術獎年度入圍、第15屆台新藝術獎年度入圍及桃源創作獎首獎。', '臺灣', '<p>Null</p>'),
(54, '李迪權', '綽號小雞，馬來西亞霹靂州玲瓏人，目前就讀於國立臺灣藝術大學當代視覺文化博士班，作品曾獲臺南新藝獎、桃源國際創作獎、中華民國版畫雙年展等創作獎項。', '馬來西亞', '<p>Null</p>'),
(57, '武田慎平', '使用攝影素材創作的日本藝術家。自2002年移居紐約後，便與作曲家和聲音藝術家共同創作錄像作品，於2014 年遷回日本，持續進行創作計畫。近年來，在觀念攝影中探索抽象美學。作品曾在各大展覽中展出，包括「鏡頭下的原子能」（安大略美術館，多倫多，2015）、「關於時間：變化瞬間的攝影」（現代藝術博物館，舊金山，2016）、「顯現：無相機攝影的藝術」（戈維特－布魯斯特美術館，新普利茅斯，2016）。作品曾被紐約國際攝影中心、舊金山現代藝術博物館、波士頓美術館、巴黎卡蒂斯特藝術基金會及東京都寫真美術館等機構納入永久館藏。', '日本', '<p>Null</p>'),
(58, 'AKI INOMATA', 'AKI INOMATA 與各式各樣的物種「協力」創造作品，聚焦於並非人類所獨有的「製作」行為。她探索動物與人類之間的關係，以及由此產生的創作。主要作品包括《何不給寄居蟹一個「庇護所」？》，試圖以3D 列印製作的殼作為寄居蟹的居所。另一件作品為《我和狗披上彼此的皮毛》，其中藝術家和她的狗穿著以各自的毛髮做成的披肩。近期展覽包括「破碎的自然」（現代藝術博物館，紐約，2021）、「AKI INOMATA：顯著的他者性」（十和田市現代美術館，青森，2019）、第22 屆米蘭三年展、泰國雙年展及「AKI INOMATA：何不給寄居蟹一個『庇護所』？」（南特美術館，南特， 2018）。', '日本', '<p>Null</p>'),
(59, '許哲瑜', '畢業於國立臺南藝術大學造形藝術研究所。曾於HISK 比利時高等藝術學院及Le Fresnoy 法國國立當代藝術工作室駐村。 2022 年起，參與Rijksakademie 阿姆斯特丹皇家視覺藝術學院兩年期的進駐計畫。作品形式多以動畫、錄像、裝置為主。作品關注媒介與記憶之間的關係，對創作者而言，無論是個人私密的或群體記憶，重要的並不只是透過媒介所能回溯的事件歷史，更是記憶如何被建構與被觀看的過程。參與展覽包括聖保羅雙年展、首爾媒體城市雙年展、Sonsbeek 公眾項目、Videonale 錄像藝術雙年展、上海雙年展、倫敦設計雙年展、亞洲藝術雙年展。', '臺灣', '<p>Null</p>'),
(60, '謝詠程', '謝詠程的創作關注身體感知的構成，透過材質、視覺語彙靠近感官，藉由重新書寫不同文本，探索言說框架中的身體感。在相異的途徑中，身體同樣被視為特定情境與脈絡下的產物，當自身的扮演與異質媒材的並置時，身體不再只是被描繪的對象，也被賦予形塑作品的主動性。藝術家透過圖像和文字在不同媒材（體裁）之間的轉換，尋找適度的鬆動，讓文字與身體的渠道通暢。在他的創作中，文本不只被演繹，也被用來建構「自我」，而作品始終是某個版本的自我與外在環境的斡旋。', '臺灣', '<p><font style="vertical-align: inherit;"><font style="vertical-align: inherit;">Null</font></font></p>'),
(61, '荒木悠', '1985年生於日本山形市，目前駐居日本京都，畢業於美國聖路易華盛頓大學山姆．福克斯設計與視覺藝術學院雕塑學士，東京藝術大學電影與新媒體碩士。近期展覽有東京都寫真美術館、大阪中之島美術館、成都當代美術館、杜伊斯堡DKM 美術館、首爾藝術善載中心等地舉行。作品也曾於許多國際影展中放映，如巴黎／柏林國際影像藝術節、馬賽國際影展、卡塞爾紀錄電影暨錄像展、伯威克電影與媒體藝術節等。曾入圍烏克蘭基輔維克托．平丘克基金會未來世代藝術獎，並榮獲鹿特丹影展金虎短片獎、橫濱藝術委員會U39藝術家獎助、日本東京惠比壽映像祭的特別獎。', '日本', '<p>Null</p>'),
(62, '謝素梅', '1973 年生於盧森堡，目前生活及工作於盧森堡及柏林，2000年於巴黎國立高等藝術學院獲得藝術碩士學位。近期個展包括臺北市立美術館、盧森堡當代藝術博物館、羅馬法蘭西學院、巴塞隆納米羅基金會美術館、麻省理工學院里斯特視覺藝術中心及紐約MoMA PS1美術館。曾參與多個大型國際展覽，包括雪梨雙年展、聖保羅雙年展等 。 2003 年，謝素梅代表盧森堡參加第50 屆威尼斯雙年展，獲得最佳國家館金獅獎。', '盧森堡', '<p>Null</p>'),
(63, '金川晋吾', '金川晋吾從神戶大學與東京藝術大學分別取得碩士與博士學位，個展包括「Nagaima」（橫濱市民美術館，神奈川，2018）、「父親 2009.04.10-」（176畫廊，大阪，2017）、「父親 2009.09-」（新宿Nikon 沙龍，東京，2016）與「長者之家」（銀座Nikon 沙龍，東京，2014），已出版的攝影書有《父親》（青幻舍， 2016）以及《與動物》（MUESUM，2009）。', '日本', '<p>Null</p>'),
(64, '傑瑞米．戴勒', '傑瑞米・戴勒於1966年生於倫敦，現於倫敦生活與工作，曾在科陶德藝術學院與薩塞克斯大學攻讀藝術史。自1990年代初期開始創作，經常在傳統藝術空間以外的地方展示其作品。2004年獲得透納獎，並於2013 年代表英國參加第55屆威尼斯雙年展。過去二十年間創作不輟，影響了當代藝術的傳統版圖。', '英國', '<p><font style="vertical-align: inherit;"><font style="vertical-align: inherit;"><font style="vertical-align: inherit;"><font style="vertical-align: inherit;">Null</font></font></font></font></p>'),
(65, '李漢強', '出生於臺灣臺北，駐居日本東京，東京造形大學碩士主修造形。李漢強自幼透過綜藝節目感受到日本文化的奇妙，於2007 年前往日本發展。作品題材來自於當代消費社會與生活的觀察，如「超級市場傳單系列」、「周刊雜誌系列」，又或是持續八年的「果汁自拍照」計畫至最近的「李點卡」計畫。2014年，以人數不斷增殖的偶像團體為主題，解剖當代社會大量反覆生產、消費現象的作品《少女偶像團體的神話故事》獲得日本「1_WALL」平面藝術大獎。曾獲選臺灣GQ MOTY 2022年度藝術家。', '臺灣', '<p>Null</p>'),
(66, 'Rutherford CHANG', '藝術家，駐居紐約，創作方法藉由重組文化產物，以檢視其內在意義。近期展覽有「我在這裡：家庭電影與日常傑作」（安大略美術館，多倫多，2022）、「無所見性⸺虛空／純白／沉默」（柏林藝術學院，柏林，2021）及「黑專輯／白立方」（鹿特丹藝術廳，鹿特丹，2020）。', '美國', '<p>Null</p>'),
(67, '斯萊特．布拉德利', '1975年生於舊金山，目前生活與工作於德國柏林。使用各種媒材進行創作，在一個原本沒有意義的世界中尋找意義與啟發。於2005年成為在紐約古根漢美術館舉辦個展最年輕的男性藝術家。自1999年第一次個展開始，至2023年已經舉辦過56場國際性個展。作品獲33個公共機構將其作品納入典藏。曾被加州橘郡美術館館長海蒂．祖克曼稱為「集體意識的先知」，《紐約客》則稱他「在某種程度上像是一位邪典英雄」。', '美國', '<p>Null</p>'),
(68, '郭哲希', '1994年生於臺灣，現居臺北公館一帶。畢業於國立臺灣大學資訊工程學系，現職為軟體工程師。創作以攝影為主，作品關注歷史與空間的關係，藉由尋找各地獨特的建築、景觀，整理出隱晦的歷史記憶。', '臺灣', '<p><font style="vertical-align: inherit;"><font style="vertical-align: inherit;">Null</font></font></p>'),
(69, 'dj sniff', 'dj sniff（水田拓郎）是實驗電子藝術、即興音樂領域的音樂家、策展人。作品以一種結合DJ表演、樂器設計、自由即興創作的獨特實踐為基礎。合作對象包括伊凡・派克、大友良英、馬丁・泰卓爾特、保羅・賀韋伯、塔里克．阿圖伊、Senyawa樂團。曾擔任阿姆斯特丹STEIM聲響實驗室藝術總監、香港城市大學創意媒體學院客座教授及京都精華大學副教授。目前定居洛杉磯，並擔任亞洲實驗音樂藝術節的聯合總監。他於2022年發行最新的黑膠唱片《平行的玉音軌》，處理日本在二戰尾聲時的歷史性廣播及其在臺灣的接收情況。', '日本', '<p>Null</p>'),
(70, '廖沛毅', '1987年香港出生，藝術電影創作者，電影、錄像裝置和擴延電影表演曾在全球各大影展和美術館展出，包括柏林國際影展、多倫多國際影展、紐約影展、日舞影展、新導演/新電影影展、紐約The Shed文化中心、M+博物館、大館當代美術館、波特蘭當代藝術中心，以及在紐約現代藝術博物館「現代星期一」的個人計畫等。其作品也成為M+博物館與紐約現代藝術博物館的永久館藏。現為柯柏聯盟藝術學院的教師，亦為Negativeland（由藝術家營運的影像實驗室）成員之一。目前正在剪輯第一部長片《斯塔福德郡寶藏》。', '香港', '<p>Null</p>'),
(71, '尼克．亞伯拉罕', '尼克．亞伯拉罕是一位心理治療師，也是一位居住在英國格拉斯哥的流行音樂影片、電影和紀錄片導演。同時他也是「流行尖端」與傑瑞米．戴勒的粉絲。', '英國', '<p>Null</p>');

INSERT INTO "public"."categories" ("category_id", "name_zh", "name_en", "created_at", "updated_at") VALUES
(2, '展覽作品', 'artworks', '2021-09-30 04:53:13.003171', '2021-12-22 03:55:42.43673'),
(3, 'Future Vision Lab', 'Future Vision Lab (FVL)', '2021-09-30 04:53:21.546524', '2021-09-30 12:53:06.036859');

INSERT INTO "public"."groups" ("group_id", "photo", "created_at", "updated_at", "group_en_id", "group_zh_id") VALUES
('06839dfd-a650-4e36-8146-87ed153fc578', 'group-photo/dW5kZWZpbmVkLTE2MzUyMTk4NjY4NjY=.jpeg', '2021-10-26 03:44:27.349793', '2021-10-26 03:44:27.349793', 46, 46),
('083121f3-aee2-4526-8331-e7b33e54cd66', 'group-photo/dW5kZWZpbmVkLTE2MzMxNjY1NzQyMDQ=.jpeg', '2021-10-02 09:22:58.39055', '2021-10-02 09:22:58.39055', 25, 25),
('0b0d8ff9-71e3-4691-94ee-9378840187be', 'group-photo/dW5kZWZpbmVkLTE2MzMxNTU1NTA2MDM=.jpeg', '2021-10-02 06:19:12.071497', '2021-10-02 06:19:12.071497', 6, 6),
('0d002f02-a8e1-4a76-ae51-2042b585bf5e', 'group-photo/dW5kZWZpbmVkLTE2MzMxNjk5MjE5MzE=.jpeg', '2021-10-02 10:18:42.540496', '2021-10-02 10:18:42.540496', 33, 33),
('1555cd2a-c00c-4da1-9891-2737f0c90905', 'group-photo/dW5kZWZpbmVkLTE2MzMxNjczNjk4MjU=.jpeg', '2021-10-02 09:36:10.948978', '2021-10-02 09:36:10.948978', 26, 26),
('1bb0d34d-8ea0-46da-945c-60be72b0793a', 'group-photo/dW5kZWZpbmVkLTE2MzUyMjE1MzY2NTQ=.jpeg', '2021-10-02 08:51:58.154868', '2021-10-26 04:12:18.205809', 19, 19),
('1faf45d2-463e-40a1-aa69-6d86398940b8', 'group-photo/dW5kZWZpbmVkLTE2MzMxNjE4MTAxMzA=.jpeg', '2021-10-02 08:03:33.107457', '2021-10-02 08:03:33.107457', 12, 12),
('29548e6e-3675-44f4-879c-16a681f2f42f', 'group-photo/dW5kZWZpbmVkLTE2MzQ3Nzk4NTU1NTA=.png', '2021-10-21 01:30:55.905628', '2021-10-21 01:30:55.905628', 40, 40),
('29cfd99f-0548-4411-b13a-4fa39b6eb511', 'group-photo/dW5kZWZpbmVkLTE2MzUyMTk5MDg1MDM=.jpeg', '2021-10-26 03:45:09.010403', '2021-10-26 03:45:09.010403', 47, 47),
('34044b95-e7cb-47b1-9c9f-946dc836396c', 'group-photo/dW5kZWZpbmVkLTE2MzMxNjgyMjk4Nzc=.jpeg', '2021-10-02 09:50:32.758606', '2021-10-02 09:50:32.758606', 28, 28),
('4395f654-edb7-4c39-896e-f6521284c569', 'group-photo/dW5kZWZpbmVkLTE2MzUyMjAxNDE2NjQ=.jpeg', '2021-10-26 03:49:02.327899', '2021-10-26 03:49:02.327899', 48, 48),
('447b0005-e27a-4578-bf72-dbc02a73ebd3', 'group-photo/dW5kZWZpbmVkLTE2MzUyMTg4MzQwNjQ=.jpeg', '2021-10-26 03:27:15.021386', '2021-10-26 03:27:15.021386', 44, 44),
('463d0ae2-d113-44b8-a4ac-84fa1310b849', 'group-photo/dW5kZWZpbmVkLTE2MzUzODgzNjk4Njc=.jpeg', '2021-09-30 05:26:29.118335', '2021-10-28 02:32:54.399185', 2, 2),
('47a4d39d-8367-4646-a24c-4442317e87a3', 'group-photo/dW5kZWZpbmVkLTE2MzMxNjMxNDQwNDg=.jpeg', '2021-10-02 08:25:44.800024', '2021-10-02 08:25:44.800024', 15, 15),
('51e67732-8cb5-4d9a-b185-26ee315fb309', 'group-photo/dW5kZWZpbmVkLTE2MzQ3MTAwMzYxMjA=.jpeg', '2021-10-02 08:30:35.654938', '2021-10-20 06:07:20.57411', 16, 16),
('53d08fbf-65a3-44da-9958-ab15727fcd1d', 'group-photo/dW5kZWZpbmVkLTE2MzQ3MTI0MzU3ODA=.jpeg', '2021-10-01 08:08:56.323737', '2021-10-20 06:47:17.316509', 4, 4),
('5c375e45-ca08-450e-b06c-f11b5d2d685d', 'group-photo/dW5kZWZpbmVkLTE2MzMxNjc3MjMwMDY=.jpeg', '2021-10-02 09:42:03.788314', '2021-10-02 09:42:03.788314', 27, 27),
('5d7ef75d-f381-4517-bda3-6c3e0bc30885', 'group-photo/dW5kZWZpbmVkLTE2NDE4NzU0NTUxMzE=.jpeg', '2021-10-02 09:04:33.326022', '2022-01-11 04:30:55.886801', 22, 22),
('6732d723-1e8f-43c2-99c0-8d64d5728cda', 'group-photo/dW5kZWZpbmVkLTE2MzQ0NjM5NjE4NDc=.jpeg', '2021-10-02 10:24:19.89288', '2021-10-17 09:46:03.085957', 34, 34),
('70578ed9-e529-4837-bcc9-1e2bd28ee937', 'group-photo/dW5kZWZpbmVkLTE2MzQ0NjM3OTYzMDk=.jpeg', '2021-10-02 10:12:56.128504', '2021-10-17 09:43:18.633103', 31, 31),
('71ccd9a6-cee7-4896-a402-274dae8b66ed', 'group-photo/dW5kZWZpbmVkLTE2MzUyMjExMzI4NzA=.jpeg', '2021-10-02 10:32:53.526047', '2021-10-26 04:05:33.824596', 36, 36),
('733f8b2b-5a8f-41e6-8cf6-c72adb58a3f2', 'group-photo/dW5kZWZpbmVkLTE2MzQ3ODMyMzI4NTc=.jpeg', '2021-10-21 02:27:14.26973', '2021-10-21 02:27:14.26973', 43, 43),
('7c968a39-51c5-44f2-a700-2d3dd2ccbb00', 'group-photo/dW5kZWZpbmVkLTE2MzMxNzA0NDI1OTc=.jpeg', '2021-10-02 10:27:23.287667', '2021-10-02 10:27:23.287667', 35, 35),
('7fbffa77-ebe5-4513-8767-565b17249a55', 'group-photo/dW5kZWZpbmVkLTE2MzMxNjYzODEyMjU=.jpeg', '2021-10-02 09:19:41.784948', '2021-10-02 09:19:41.784948', 24, 24),
('81c00ced-95bb-46ae-8d3a-bb8e14cf0d59', 'group-photo/dW5kZWZpbmVkLTE2MzMxNjkxNTI4NjI=.jpeg', '2021-10-02 10:05:53.304637', '2021-10-02 10:05:53.304637', 30, 30),
('8208bfbc-d771-4199-bad1-a3db7c9b73b2', 'group-photo/dW5kZWZpbmVkLTE2MzMxNjg0OTEzOTI=.jpeg', '2021-10-02 09:54:59.760276', '2021-10-02 09:54:59.760276', 29, 29),
('93dea970-2563-4c84-b4c8-6fd3bd1d064e', 'group-photo/dW5kZWZpbmVkLTE2MzMxNTc4Mzc2MjY=.jpeg', '2021-10-02 06:57:18.151043', '2021-10-02 06:57:18.151043', 9, 9),
('99d16e4e-591f-4abb-8591-e15db7a08cec', 'group-photo/dW5kZWZpbmVkLTE2MzMxNjQzMjM5MDQ=.jpeg', '2021-10-02 08:45:24.512149', '2021-10-02 08:45:24.512149', 18, 18),
('9fe951df-667b-4ff8-9bd7-0685b00ccbad', 'group-photo/dW5kZWZpbmVkLTE2MzMxNjU3MzA5Njg=.png', '2021-10-02 09:08:51.625225', '2021-10-02 09:08:51.625225', 23, 23),
('b1a20fc5-5698-4e9d-9011-b001987139eb', 'group-photo/dW5kZWZpbmVkLTE2MzMxNjUxODQ2NjQ=.jpeg', '2021-10-02 08:59:47.136567', '2021-10-02 08:59:47.136567', 21, 21),
('c7cd0509-1673-4d66-b1cf-d1fcc923c82f', 'group-photo/dW5kZWZpbmVkLTE2MzUyMTk1NTQ4NDE=.jpeg', '2021-10-26 03:39:15.195457', '2021-10-26 03:39:15.195457', 45, 45),
('d22521a2-91bc-4c64-9372-639e8d4e33b7', 'group-photo/dW5kZWZpbmVkLTE2MzMxNjIwOTc1Mjk=.jpeg', '2021-10-02 08:08:22.015793', '2021-10-02 08:08:22.015793', 13, 13),
('d44794f8-7b0a-433a-9604-807de20a74e3', 'group-photo/dW5kZWZpbmVkLTE2MzMxNTY0NjM5NjI=.jpeg', '2021-10-02 06:34:26.416958', '2021-10-02 06:34:26.416958', 7, 7),
('d6eaac29-055c-4764-bcf1-25a96f00fa6a', 'group-photo/dW5kZWZpbmVkLTE2MzMxNTcyOTc2Nzk=.jpeg', '2021-10-02 06:48:18.502666', '2021-10-02 06:48:18.502666', 8, 8),
('d97279d3-033d-4949-937d-4b272f054a0f', 'group-photo/dW5kZWZpbmVkLTE2MzMxNjA1MTI1ODE=.jpeg', '2021-10-02 07:41:53.022387', '2021-10-02 07:41:53.022387', 10, 10),
('dc47f962-0737-4562-b249-6fb049a36963', 'group-photo/dW5kZWZpbmVkLTE2MzUyMjAxOTk5NDg=.jpeg', '2021-10-26 03:50:00.817266', '2021-10-26 03:50:00.817266', 49, 49),
('ed349df5-901b-4a64-beea-c904d6225c77', 'group-photo/dW5kZWZpbmVkLTE2MzMxNzEwOTAwNzM=.jpeg', '2021-10-02 10:38:11.907844', '2021-10-02 10:38:11.907844', 37, 37),
('eff1085e-2465-44e6-9a26-e4d8bec44ca6', 'group-photo/dW5kZWZpbmVkLTE2NDE4OTE2MDA2NzE=.jpeg', '2021-10-02 07:59:13.112338', '2022-01-11 09:00:01.285715', 11, 11),
('f1759027-3f61-450b-949b-81bbf50199eb', 'group-photo/dW5kZWZpbmVkLTE2MzMxNjQ5OTY2NzA=.png', '2021-10-02 08:56:37.538208', '2021-10-02 08:56:37.538208', 20, 20),
('f4068842-839b-4b22-9859-83cfeac60c68', 'group-photo/dW5kZWZpbmVkLTE2MzUyMTg2OTc0NDk=.jpeg', '2021-10-01 06:13:51.462676', '2021-10-26 03:24:58.820977', 3, 3),
('f5e0e4fc-2257-4fe2-ab65-fe7cce38dc51', 'group-photo/dW5kZWZpbmVkLTE2MzMxNzEyNjM0Mzg=.jpeg', '2021-10-02 10:41:05.954711', '2021-10-02 10:41:05.954711', 38, 38),
('f694f6c3-ea44-4c4f-a550-93f2f1c8f713', 'group-photo/dW5kZWZpbmVkLTE2MzQ0NjQyNzcyODA=.png', '2021-10-02 10:15:37.872755', '2021-10-17 09:51:17.963895', 32, 32),
('f9d8458a-db76-4ea6-8b83-26847e05324a', 'group-photo/dW5kZWZpbmVkLTE2MzMxNTUyNDY1MTc=.jpeg', '2021-10-02 06:14:07.226656', '2021-10-02 06:14:07.226656', 5, 5);

INSERT INTO "public"."groups_artists_j" ("artist_id", "group_id", "order") VALUES
('050ba2c1-84f7-4f50-a007-87626436a162', '81c00ced-95bb-46ae-8d3a-bb8e14cf0d59', 0),
('0cbc36af-99c2-4331-a031-0d4034a5a16d', '447b0005-e27a-4578-bf72-dbc02a73ebd3', 0),
('0cbc36af-99c2-4331-a031-0d4034a5a16d', 'f4068842-839b-4b22-9859-83cfeac60c68', 0),
('1981e64f-48f3-4084-9f29-5716fc99693b', '70578ed9-e529-4837-bcc9-1e2bd28ee937', 0),
('1db08c7d-e88c-4bfa-97d3-ef7c4fab0268', '1bb0d34d-8ea0-46da-945c-60be72b0793a', 0),
('1db08c7d-e88c-4bfa-97d3-ef7c4fab0268', 'c7cd0509-1673-4d66-b1cf-d1fcc923c82f', 0),
('25f40394-f0c5-4ca0-bcba-0b11877e68ab', '1faf45d2-463e-40a1-aa69-6d86398940b8', 0),
('27ad5976-69b0-4253-b573-bf3b85d1f87c', '9fe951df-667b-4ff8-9bd7-0685b00ccbad', 0),
('38bc7337-622a-4f0b-85df-c26c4b7b3cd4', 'd6eaac29-055c-4764-bcf1-25a96f00fa6a', 0),
('3ec90513-c753-4029-9ef9-6d45a12d4e55', 'd97279d3-033d-4949-937d-4b272f054a0f', 0),
('4ba6f82f-0453-4936-b13f-51c63e256399', '70578ed9-e529-4837-bcc9-1e2bd28ee937', 0),
('50b681bc-d727-4877-898f-fccd833d30a4', '71ccd9a6-cee7-4896-a402-274dae8b66ed', 0),
('50b681bc-d727-4877-898f-fccd833d30a4', 'c7cd0509-1673-4d66-b1cf-d1fcc923c82f', 0),
('5211b6e2-7a7b-4062-bc2b-c7eef21573d3', '81c00ced-95bb-46ae-8d3a-bb8e14cf0d59', 0),
('5a4a8885-dc50-4105-ab4b-e564b9874635', '06839dfd-a650-4e36-8146-87ed153fc578', 0),
('5a4a8885-dc50-4105-ab4b-e564b9874635', '29548e6e-3675-44f4-879c-16a681f2f42f', 0),
('5a4a8885-dc50-4105-ab4b-e564b9874635', '29cfd99f-0548-4411-b13a-4fa39b6eb511', 0),
('5aaa88b9-087d-4e8d-a586-4e8d8147df5e', 'f9d8458a-db76-4ea6-8b83-26847e05324a', 0),
('5cde7b99-f07d-488f-9e28-a70f4dd1a47a', '93dea970-2563-4c84-b4c8-6fd3bd1d064e', 0),
('6fb8bddb-de45-4144-b5b7-067db418ba74', '81c00ced-95bb-46ae-8d3a-bb8e14cf0d59', 0),
('73dcc1cc-a6da-4cc3-9431-d1aabe0861e2', 'f1759027-3f61-450b-949b-81bbf50199eb', 0),
('82881109-d3ef-4aed-9c55-e4d3aa76a440', '733f8b2b-5a8f-41e6-8cf6-c72adb58a3f2', 0),
('82881109-d3ef-4aed-9c55-e4d3aa76a440', 'dc47f962-0737-4562-b249-6fb049a36963', 0),
('867c7b12-8cc9-4798-9c87-b50154cd683b', '463d0ae2-d113-44b8-a4ac-84fa1310b849', 0),
('902e6be0-014a-45b5-9d3a-7fb9886f5c00', '81c00ced-95bb-46ae-8d3a-bb8e14cf0d59', 0),
('92eef452-a4b3-4662-a2ef-68e90f74bd79', '733f8b2b-5a8f-41e6-8cf6-c72adb58a3f2', 0),
('92eef452-a4b3-4662-a2ef-68e90f74bd79', 'dc47f962-0737-4562-b249-6fb049a36963', 0),
('9cbced39-95dc-422d-8e63-76fc573ff29a', '47a4d39d-8367-4646-a24c-4442317e87a3', 0),
('9e11816e-c8ce-4b77-a29b-33db55c22b7c', '447b0005-e27a-4578-bf72-dbc02a73ebd3', 0),
('9e11816e-c8ce-4b77-a29b-33db55c22b7c', 'f4068842-839b-4b22-9859-83cfeac60c68', 0),
('a5b38ec1-c5a7-4b10-8136-0fea270e6a3c', 'b1a20fc5-5698-4e9d-9011-b001987139eb', 0),
('a857a68b-56df-4105-a5c6-627a916bed8b', '70578ed9-e529-4837-bcc9-1e2bd28ee937', 0),
('b197a51d-89d1-4c7a-9e86-722d39e61944', '06839dfd-a650-4e36-8146-87ed153fc578', 0),
('b197a51d-89d1-4c7a-9e86-722d39e61944', '29548e6e-3675-44f4-879c-16a681f2f42f', 0),
('b197a51d-89d1-4c7a-9e86-722d39e61944', '29cfd99f-0548-4411-b13a-4fa39b6eb511', 0),
('b46b0033-4a6a-4698-bb93-39642d20acfa', '51e67732-8cb5-4d9a-b185-26ee315fb309', 0),
('b79e1d0e-aa52-45e3-a6c7-caacadbb1565', '0b0d8ff9-71e3-4691-94ee-9378840187be', 0),
('b8dad051-1999-42ea-868d-fbe37dd00497', 'd44794f8-7b0a-433a-9604-807de20a74e3', 0),
('bd94578b-8729-4e45-8b4d-92a14f914f74', '4395f654-edb7-4c39-896e-f6521284c569', 0),
('bd94578b-8729-4e45-8b4d-92a14f914f74', '733f8b2b-5a8f-41e6-8cf6-c72adb58a3f2', 0),
('bd94578b-8729-4e45-8b4d-92a14f914f74', 'dc47f962-0737-4562-b249-6fb049a36963', 0),
('c05ccecc-7bee-4939-9e3d-70ef57de292b', '53d08fbf-65a3-44da-9958-ab15727fcd1d', 0),
('cdcbd28a-21ad-4cd2-b56a-66e61f7fedef', '99d16e4e-591f-4abb-8591-e15db7a08cec', 0),
('d412f18d-a745-4563-8795-a42becf52102', '1bb0d34d-8ea0-46da-945c-60be72b0793a', 0),
('f15b9f6b-13eb-4a55-bc2e-ba5ed5b9e88d', 'd22521a2-91bc-4c64-9372-639e8d4e33b7', 0),
('fe36f429-322b-4cc9-979d-2212dfd6f20d', 'eff1085e-2465-44e6-9a26-e4d8bec44ca6', 0),
('ff4162e1-7388-4d45-84f0-1d82366c1f0e', '06839dfd-a650-4e36-8146-87ed153fc578', 0),
('ff4162e1-7388-4d45-84f0-1d82366c1f0e', '29548e6e-3675-44f4-879c-16a681f2f42f', 0),
('ff4162e1-7388-4d45-84f0-1d82366c1f0e', '29cfd99f-0548-4411-b13a-4fa39b6eb511', 0);

INSERT INTO "public"."groups_categories_j" ("group_id", "category_id") VALUES
('06839dfd-a650-4e36-8146-87ed153fc578', 2),
('083121f3-aee2-4526-8331-e7b33e54cd66', 3),
('0b0d8ff9-71e3-4691-94ee-9378840187be', 2),
('0d002f02-a8e1-4a76-ae51-2042b585bf5e', 3),
('1555cd2a-c00c-4da1-9891-2737f0c90905', 3),
('1bb0d34d-8ea0-46da-945c-60be72b0793a', 2),
('1bb0d34d-8ea0-46da-945c-60be72b0793a', 3),
('1faf45d2-463e-40a1-aa69-6d86398940b8', 2),
('29548e6e-3675-44f4-879c-16a681f2f42f', 2),
('29cfd99f-0548-4411-b13a-4fa39b6eb511', 2),
('34044b95-e7cb-47b1-9c9f-946dc836396c', 3),
('4395f654-edb7-4c39-896e-f6521284c569', 2),
('447b0005-e27a-4578-bf72-dbc02a73ebd3', 2),
('463d0ae2-d113-44b8-a4ac-84fa1310b849', 2),
('47a4d39d-8367-4646-a24c-4442317e87a3', 2),
('51e67732-8cb5-4d9a-b185-26ee315fb309', 2),
('53d08fbf-65a3-44da-9958-ab15727fcd1d', 2),
('5c375e45-ca08-450e-b06c-f11b5d2d685d', 3),
('5d7ef75d-f381-4517-bda3-6c3e0bc30885', 2),
('6732d723-1e8f-43c2-99c0-8d64d5728cda', 3),
('70578ed9-e529-4837-bcc9-1e2bd28ee937', 3),
('71ccd9a6-cee7-4896-a402-274dae8b66ed', 3),
('733f8b2b-5a8f-41e6-8cf6-c72adb58a3f2', 2),
('7c968a39-51c5-44f2-a700-2d3dd2ccbb00', 3),
('7fbffa77-ebe5-4513-8767-565b17249a55', 3),
('81c00ced-95bb-46ae-8d3a-bb8e14cf0d59', 3),
('8208bfbc-d771-4199-bad1-a3db7c9b73b2', 3),
('93dea970-2563-4c84-b4c8-6fd3bd1d064e', 2),
('99d16e4e-591f-4abb-8591-e15db7a08cec', 2),
('9fe951df-667b-4ff8-9bd7-0685b00ccbad', 2),
('b1a20fc5-5698-4e9d-9011-b001987139eb', 2),
('c7cd0509-1673-4d66-b1cf-d1fcc923c82f', 2),
('d22521a2-91bc-4c64-9372-639e8d4e33b7', 2),
('d22521a2-91bc-4c64-9372-639e8d4e33b7', 3),
('d44794f8-7b0a-433a-9604-807de20a74e3', 2),
('d6eaac29-055c-4764-bcf1-25a96f00fa6a', 2),
('d97279d3-033d-4949-937d-4b272f054a0f', 2),
('dc47f962-0737-4562-b249-6fb049a36963', 2),
('ed349df5-901b-4a64-beea-c904d6225c77', 3),
('eff1085e-2465-44e6-9a26-e4d8bec44ca6', 2),
('f1759027-3f61-450b-949b-81bbf50199eb', 2),
('f4068842-839b-4b22-9859-83cfeac60c68', 2),
('f5e0e4fc-2257-4fe2-ab65-fe7cce38dc51', 3),
('f694f6c3-ea44-4c4f-a550-93f2f1c8f713', 3),
('f9d8458a-db76-4ea6-8b83-26847e05324a', 2);

INSERT INTO "public"."groups_en" ("group_en_id", "name", "description") VALUES
(2, 'Hsiangfu CHEN', 'Hsiangfu CHEN is a kinetic artist who works in Berlin and Taipei. Centering around spatiality, technology, and social phenomena, her works employ the artistic language of new media materiality to create kinetic installations. Engaged in experimental sound pieces, theatrical installations, and other cross-disciplinary team works, CHEN explores the space in digital geography through applying technology and relevant practices. '),
(3, 'SU Yu-Hsin', 'SU Yu-Hsin is a Taiwanese artist and filmmaker currently based in Berlin. In her film and video installations, her artistic research reflects on technology, ecology, and the critical infrastructure in which the human and non-human converge. Her analytical reading focuses on map-making, operational photography, and the technical production of geographical knowledge.'),
(4, 'Betty Apple', 'Betty Apple is an experimental avant-garde artist based in Taipei who belongs to the millennial generation. She has received her B.A. in Theater and M.A. in New Media Art at the Taipei National University of the Arts. Her artistic practice is deeply shaped by rave parties, subcultures, avant-garde theatre, new media films, and post-internet art. The core idea of “body politics” is manifested in many of her projects while she works as an electronic music creator, a sound performer, a live art practitioner, a DJ, and an event planner for art raves. Betty Apple is the 2021 feature artist in the “Summer Photography Series (série photo d''été)” of the French newspaper, Libération. Recent international activities as an invited artist include performances in Futuro Fantastico: Santarcangelo 2050 in Italy, CTM Festival for Adventurous Music and Art 2021 in Berlin, and Mona Foma 2021 in Australia.'),
(5, 'Battles', 'Battles is an American experimental rock group founded in 2002 in New York City, comprised of drummer John STANIER and guitarist/keyboardist Ian WILLIAMS.'),
(6, 'AES+F', 'First formed as AES Group in 1987 by Tatiana ARZAMASOVA, Lev EVZOVICH, and Evgeny SVYATSKY, the collective became AES+F when Vladimir FRIDKES joined in 1995. 

AES+F works at the intersection of traditional media, photography, video, and digital technologies. They define their practice as a “social psychoanalysis” through which they reveal and explore the values, vices, and conflicts of contemporary global culture. AES+F achieved worldwide critical acclaim in 1999 for their Islamic Project, which depicted various Western postcard city landscapes manipulated to appear colonized by Islam. AES+F cemented their reputation as a contemporary art powerhouse in the Russian Pavilion at the 52nd Biennale di Venezia in 2007 with their provocative Last Riot, the first of their now signature large-scale, multichannel video installations. The group has had hundreds of solo exhibitions at museums, exhibition spaces, and commercial galleries worldwide.'),
(7, 'Lawrence LEK', 'Lawrence LEK lives and works in London, a filmmaker, musician, and artist who unifies diverse practices—architecture, gaming, CGI, music, and fiction—into a continuously expanding cinematic universe. LEK composes soundtracks and conducts live audio-visual mixes of his films, often incorporating live playthroughs of his open-world video games. '),
(8, 'MOON Kyungwon & JEON Joonho', 'MOON Kyung-Won is based in Seoul and works as a professor at Ewha Womans University. JEON Joon-Ho lives and works in Busan and Seoul. The Ways of Folding Space & Flying was presented at the Korean Pavilion at Venice Biennale (2015). Their recent artistic endeavors center on News from Nowhere, a collaborative project that focuses on creating an interdisciplinary platform. Their site-specific collaborative platform was initially presented at Kassel dOCUMENTA 13 (2012) and since then, and it will be ongoing at the National Museum of Modern and Contemporary Art, Korea, Seoul (2021) and 21st Century Museum of Contemporary Art, Kanazawa (2022). '),
(9, 'CHANG Li-Ren', 'CHANG Li-Ren, who currently lives and works in Tainan, Taiwan, has graduated from the Graduate Institute of Plastic Arts at Tainan National University of the Arts. CHANG’s body of work mainly consists of video installations, conceptual pieces, and animations.
'),
(10, 'HUANG Yu-Hsiung', 'HUANG Yu-Hsiung is an educator and new media artist. He is currently a lecturer in the Department of New Media Art, National Taipei University of the Arts. His specialty is integrating transdisciplinary research between interactive technology and new media art, including transcribing cultural history through technology media and connecting interactive technology and the virtual world. His recent creations have focused on the conflicts and contradictions between media technology and humanities and art, using artificial intelligence, machine learning, programming languages, sensors, and more to interpret the relationship between humans and media technology.'),
(11, 'Kiel D. MUTSCHELKNAUS', 'Kiel D. MUTSCHELKNAUS is a designer and educator based in the DC-Baltimore area. Originally from South Dakota, he attended Cranbrook Academy of Art for his MFA in 2D Design. He currently works in the GD Department at Maryland Institute College of Art (MICA) in Baltimore as a full-time faculty and maintains an active freelance studio. His most recent project is the development and research of “spacetypegenerator.com”, an online motion and type generator. An open-source application, STG has inspired projects across the globe, including music videos, editorial illustrations, murals, flyers, brands, magazine covers, and a variety of other applications.'),
(12, 'Michael Burk & Ann-Katrin Krenz.', 'Both of them are interaction and media artists based in Berlin. Their works range from interactive installations, environments design, generative and critical design to the explorations of graphic
creativities with pixels, pens and paper.
'),
(13, 'NANONANO', 'NANONANO is an art group founded by artist HSU Hsun-Hsiang and material engineer HUANG Yin-Hao in 2019. Utilizing high-end industrial technology as creative tools, NANONANO’s work focuses on the present and future of living realities. Their projects have been selected to participate in Arte Laguna Prize 15, FUTURE VISION LAB, etc., and consecutively been selected to Creative Innovation Counseling Project from the Ministry of Culture of Taiwan from 2020 to 2021.'),
(15, 'onformative', 'A studio for digital art and design pursuing to challenge the boundaries of art and technology. They are guided by an emotional approach to search for experimental forms of creative expression. The studio explores the possibilities that lie between fields of knowledge and practice to question the relationship between humans and technology. This approach strives to create new ways of thinking through a diversity of methods and processes by creating meaningful works and inciting explorations for themselves and the public across disciplines. These process-driven curiosities examine conceptual narratives and mediate the intersection of digital and analog fields. By staying true to an experiential process, their pieces take on varying forms across media, including interactive media installations, dynamic visuals, and data-driven narratives. Through an interdisciplinary and collaborative practice, the visual language of onformative is variable and open to the perception of the individual. Works by onformative have been exhibited internationally across Europe, the United States, Canada, Australia, and China.'),
(16, 'Ralf Baecker', 'Ralf BAECKER works at the interface of art, science, and technology. Through installations, autonomous machines, and performances, he explores the underlying mechanisms of new media and technology. His objects are epistemological objects to pose fundamental questions about the digital, technology and complex systems, and their entanglements with the world. His projects seek to provoke new imaginaries of the machinic, the artificial and the real. A radical form of engineering that bridges traditionally discreet machine thinking with alternative technological perspectives and a new material understanding that makes use of self-organizing principles.'),
(18, 'SHIH Yi-Shan', 'SHIH Yi-Shan is the founder of the Declaration of Airborne Auto-Dynamic Power. She has regularly taken part in the “topic connecting” started by the “imaginary researcher” LAI Ho-Wan since 2019. The method of how “topic Connection” works is described as follows. Contemporary meeting places are made up of all kinds of topic labels, such as the hashtag concept. If one identifies with or pays attention to a specific topic, one will become a part of the topic’s framework. Thus, the meeting place is instantly formed. Accordingly, when the topic discussion reaches an end, the community and space dissolve along with it.'),
(19, 'TIAN Zi-Ping', 'TIAN Zi-Ping graduated from the New Media Art Department of Taipei National University of the Arts. TIAN primarily focuses on the reflection towards the technical production and media era and attempts to achieve multi-perspective artwork through the creative process. TIAN shifts between being an audiovisual technician, visual designer, and executive producer of new media devices at exhibitions and theatre. '),
(20, 'Bryan WC CHUNG', 'An interactive media artist and design consultant lives in Hong Kong. Currently, he is an Associate Professor at the Academy of Visual Arts, Hong Kong Baptist University, where he teaches subjects on interactive arts, computer graphics, and multimedia. He often satirizes the current malpractices with humor, and at the same time, carries a deep reflection on the development of contemporary media. He also develops software libraries for the popular open-source programming language Processing. In 2016, he was awarded the Media Artist by the Hong Kong Arts Development Council.'),
(21, 'C-LAB Future Media Arts Festival X Microwave International New Media Arts Festival ', 'Microwave International New Media Arts Festival began in 1996 as an annual video art festival. As technology progressed and became more accessible, video art slowly evolved to involve other media; thus, Microwave began to embrace the broader range of media art with the intersection of Art, Science, and Technology. As the first and only art festival in Hong Kong dedicated to new media and one of Asia''s pioneering media art festivals, Microwave has steadily grown into a well-established festival that brings cutting-edge projects to provoke thoughts every year. Microwave serves as a platform and gateway for Hong Kong artists to develop their artistic skills with international institutions, curators, experts for multi-disciplinary collaboration, and avidly supports the exchange and dialogue between artists, professionals, and the general public. In 2021, the 25th anniversary of Microwave, apart from the festival, an online Hong Kong media art archeology project has been launched entitled Connecting the Dots to bring in pictures and puzzles of Hong Kong Media Arts development through online video-zine, as well as an online exhibition.
http://www.microwavefest.net/connectingthedots/'),
(22, 'Tactical Tech', 'Tactical Tech is an international NGO that engages with citizens and civil-society organizations to explore and mitigate the impacts of technology on society. Their vision is a world where digital technologies can contribute to a more equitable, democratic, and sustainable society. To enable this change, they investigate how digital technologies impact society and individual autonomy, using our findings to create practical solutions for citizens and civil society actors. They support their partners in creating critical spaces where communities around the world can join the global discussion around privacy, data, and the impacts of technology on society.

The Glass Room is a public intervention that aims to demystify technology through immersive, thought-provoking, self-learning exhibitions. A growing need for public interventions and information about technology led Tactical Tech to design the Glass Room Community Edition – a lightweight, pop-up exhibition which is translated into over 15 local languages and can be shipped worldwide to community spaces, schools, libraries and festivals. We support our partners in creating critical spaces where communities around the world can join the global discussion around privacy, data and the impacts of technology on society.
'),
(23, 'Bill POSTERS ＆Daniel HOWE', 'Bill POSTERS is an artist-researcher, author, and activist interested in art as research and critical practice. His work interrogates persuasion architectures and power relations in public space and online. He works collaboratively across the arts and sciences on conceptual, synthetic, net art, and installation-based projects.

Daniel HOWE is an American artist and educator living in Hong Kong. His practice focuses on the writing of computer algorithms as a means to examine contemporary life. Exploring issues such as privacy, surveillance, disinformation, and representation, his work spans a range of media, including multimedia installations, artist books, sound recordings, and software interventions. '),
(24, 'Atsushi Tadokoro', 'Atsushi TADOKORO is a creative coder, Associate Professor at Maebashi Institute of Technology, and Adjunct Lecturer at Tokyo University of the Arts and Keio University. Born in 1972, he creates musical works by synthesizing sounds using algorithms and improvises with sounds and images using laptop computers. As a lecturer, he focuses on topics related to "creative coding," such as openFrameworks, Processing and p5.js.  His lecture materials are available online (https://yoppa.org/) and used by students and creators. He is also the author of Beyond Interaction: A Practical Guide to openFrameworks for Creative Coding, BNN 2020.'),
(25, 'Alex GUEVARA', 'Alex GUEVARA is a digital artist born in Lima, Peru in 1986 and currently living in Berlin. He works in a wide range of fields including digital art, data visualization, generative design, and real-time music visualization — combining art, science, and technology to create immersive experiences and digital landscapes. His works have been presented at international festivals and exhibited all over the world.'),
(26, 'Sandrine DEUMIERＸMyriam BLEAU', 'Sandrine DEUMIER is a pluridisciplinary artist working in the fields of performance, poetry, and video art who investigates post-futurist themes through the development of aesthetic forms related to digital imaginaries.

Myriam BLEAU is a composer, digital artist, and performer based in Montreal. Using music and sound as a point of departure, she creates gestural electronic music performances, audiovisual interfaces, installations, and interactive devices that articulate sound, light, movement, and symbols. Her works investigate performance, both as a codified cultural manifestation and as an embodied (re)enactment of symbolic systems through human and non-human agencies. They have been presented at Prix Ars Electronica (AT), Sónar (ES, HK), Mutek (MX, CA, AR, JP), ISEA (CA, KR), and Transmediale (DE).'),
(27, 'Nulls Design', 'Nulls Design is a creative agency and seeks ideas from all creative fields to generate the best solutions for business campaigns and working experiences.'),
(28, 'XTRUX', 'XTRUX was established in October 2020 by a group of creators focusing on new media art. They attempt to grow through artistic creations that incorporate computer games, sound, light, installation, rave, and audiovisual elements. XTRUX’s works mostly address the associations between "people and space" and "image and architecture," as they attempt to reshape relationships and positions through virtual and immersive media.'),
(29, 'Blaire KO', 'Blaire KO
Blaire KO is a Taiwanese musician who has won a Golden Melody Award for Best Hakka Album, a Golden Bell Award for Best Sound Effects, a Golden Indie Music Award for Best Hip-Hop Album, and a Diapason d''Or Award. He has also been nominated numerous awards. His musical work ranges from classical to experimental. He has contributed to concerts, television, movies, stage plays, Beijing Opera, Kunqu Opera, Taiwanese opera, and puppet shows. Blaire Ko continues to develop and experiment today. In recent years, he has devoted himself to the collection and reproduction of Taiwanese traditional music sung in Taiwan''s many languages, Eastern rituals, and operas.
'),
(30, 'TNUA DNMA  x USSD', 'Department of New Media Art, Taipei National University of the Arts
The Department of New Media Art of Taipei National University of the Arts is the first department of its kind in the country. It breaks through the conventional boundaries of humanities and the arts to integrate cutting-edge technology and serves as an important promoter of the integration of digital technology and art to cultivate forward-looking creative talent in future art domains such as technology, images, and transdisciplinary works.
Lecturers｜YEH Ting-Hao, LI Yi-Fan, WANG Lien-Cheng
Participants｜LIU CHANG Miao-Chi, SHI Kun-Fang, TSAI Shang-Teng
CHEN Pin-Chen, CHEN Cheng-Wei, CHEN Yen-Shan
KAO Ching-Hsuan, Daniel CHIANG, Charlotte HSIEH

Department of Communications Design, Shih Chien University
Design college of Shih Chien University has been ranked among the top 30 best design schools in the world by Businessweek Weekly and Ranker.com. The Department of Communications Design was established in 1997 and renamed in 2000. It became the first department in Taiwan to be named after the “Communications Design”. Beside the technical training, we dedicate and emphasize the training of design thinking and humanistic aesthetic in general.
Lecturer｜TSAI Tsun-Hung
Participant｜
HSU Yung-Hsin, CHEN Szu-Yu, CHEN Xiang-Hao, LIN Ming-Hong
KO Chung-An, LAN Ko-Yun, CHEN Jou-Min, CHEN Chia-Yin
Vice LEE, CHEN En-Hsuan, CHENG Jung-An, CAO Zhong
CHANG Hsiang-Hua, LI I-Chen, CHEN Shi-Yuan, CHOU Chia-Jen
TSAI Cheng-Ting, LEE Wan-Ru, D·ENNY
HO Sea, CHAO Yung-An, WU Cheng-Tse, HSU Ning-Ju'),
(31, 'Sandra TAVALIＸWonderGymＸLIN Yen-ChunＸCHEN Chih-Han', 'Sandra TAVALI, A member of the indigenous Siraya group in Taiwan, Sandra TAVALI’s musical works cross the genres of classical and fine art, film, and documentaries. Her composition Ban Shan was featured at the International Computer Music Conference-ICMC 2018 (Korea), New York City Electroacoustic Music Festival -NYCEMF 2017, and klingt gut! Symposium on Sound, Hamburg, Germany 2016.

WANG tuó, aka WonderGym, collects images and materials based on fieldwork to directly participate in and spot “what is happening.”

LIN Yen-Chun began studying Taiko with Rosan SIRAN, the artistic director of Volandourai Spring Spa & Resort; Zara HUANG, the artistic director of Möbius Strip Theatre; and LEE Cho-Yu, the head of Drum Soul – Taiko & Percussion Theatre. In June 2019, he went to Japan to join Ondekoza.

CHEN Chih-Han, as a popular music singer and songwriter, Chen Chih Han also enjoys working with cross-media performance'),
(32, 'Co-coism', 'Co-coism is a multi-creator collective founded in 2016 by three emerging theater directors, HUNG Chien-Han, CHANG Kang-Hua, and HUANG Ding-Yun. They not only develop theatrical productions individually, but also collectively, preferring to work in a cooperative/devised way than pursue lateral deliberation. Recently, our focuses have been on live exhibition, responsive creation, activism projects, and participatory projects. We collaborate with artists from different backgrounds to explore possibilities for the arts and culture.'),
(33, 'CHAO Pei-Yu', 'Born after 2000, CHAO Pei-Yu studies New Media Art at Taipei National University of the Arts. CHAO Pei-Yu’s recent projects have focused on the relationship between the Internet and the self.'),
(34, 'HUANG WeiＸCHENG Dao-YuanＸWONG Kuok-Pan', 'HUANG Wei specializes in audio-visual performances. His works are based on his observations of life. He emphasizes perception and sensory experiences, and is devoted to creating algorithm-based performances that combine images and sounds.

CHENG Dao-Yuan explores opposition and coexistence between self-state and essence with sound, visual and installation, and uses two distinct planes in a coherent form as the core concept in his works. He released his debut full-length album after his first overseas shows in Japan in 2019. In 2020, he made 7.1-channel surround sound design at NTMoFA. He is in residence of Hong Kong Community Radio and Currents.fm now.

Interactive design and development of new media is WONG Kuok-Pan’s main research field. He explores human sensory perception through different elements and presentation methods. He has participated in the 2021 Rewire Festival/2020 Unsound Festival (NAXS Corp.). '),
(35, 'CHAUNG Ho', 'CHUANG Ho’s art is rooted in natural, rough, and rugged hand drawn lines. His unwavering belief is that every frame that is hand drawn on paper produces value in terms of time and space, which is irreplaceable in the physical world. This value cannot be produced through digital drawings.'),
(36, 'William KUO', 'William KUO is a Taiwanese-Canadian composer working with instruments, electronics, and audio recordings. His works explore possibilities for perceiving overlapping sonic realities through a heightened awareness of listening contexts and have been presented at international festivals. He was a finalist for the Gaudeamus Award in 2018 and received a Master’s degree in Composition from the Conservatoire de musique de Montréal in 2015.'),
(37, 'LEE Hsu-Tai', 'LEE Hsu-Tai earned a doctoral degree in Astronomy and served as a postdoc in Academia Sinica’s Institute of Astronomy and Astrophysics and at the University of Illinois Urbana-Champaign. Now, he is an adjunct professor at National Chung Cheng University and translates National Geographic books and special issues.'),
(38, '9 Grid Design', 'CHEN Hsuan-Ming and Atz HUANG run 9 Grid Design, primarily producing works that are related to visual and spatial design/project management/cultural heritage. Their recent image works include post-production for music videos for Dwagie, Baby CHUNG’s “Initial Value,” and “Fantasy Together.” Their large-scale image works have been shown during WU Ching-Feng’s “Space Note” concert, the 2013 Taichung Prefectural Hall event, the Double Tenth National Day Celebration in front of the Presidential Office, the Taiwan Lantern Festival, the 2018 Taipei 101 New Year’s Eve Celebration, and the opening performance of the 29th Summer Universiade.'),
(40, 'Riverbed Theatre', 'Riverbed Theatre was founded in 1998 in Taipei, Taiwan. The company’s image-based, Total Theatre productions blur the boundaries between visual and performing arts. Critics have praised the organic, sculptural quality of Riverbed’s “subconscious” theatre, likening the performance to the best works of Samuel BECKETT and David LYNCH. Riverbed has participated in festivals and events including Avignon Off Theatre Festival (Avignon), Imaginale Figurentheater Festival (Mannheim, Stuttgart), Robert Wilson’s Watermill Center Inferno Benefit (New York), M1 Fringe Festival (Singapore), Alice Festival (Osaka, Tokyo), BeSeTo Festival (Gwangju, Korea), and Taiwan International Festival of Arts (Taipei).'),
(43, 'HSU Chia-Wei', 'HSU Chia-Wei (1983, Taichung) graduated from Le Fresnoy - Studio national des arts contemporains, France. As an artist, filmmaker, and curator whose work merges the language of contemporary art and film, HSU unearths the complex production mechanisms that are behind the process of image creation. Through his practice, HSU weaves together connections between humans, materials, and places that have been overlooked or omitted from conventional historical narratives.'),
(44, 'Angela GOH', 'Angela GOH, who lives and works in Sydney, is a dancer and choreographer. Her work poses possibilities for disruption and transformation inside the aesthetics and conditions of technocapitalism, planetarity, and the Post-Anthropocene. Her work has toured across Australia and internationally to Europe, the UK, the USA, and Asia.'),
(45, 'Mailantia Dance Company', 'Mailantia Dance Company embraces the idea of being a professional dance group and embodies the traditional training of both East and West. Further, they unite the interdisciplinary elements, street culture, and diverse artistic expertise to form their extraordinary body language and unique style.'),
(46, 'Craig QUINTERO', 'Craig QUINTERO is a PhD. in Performing Arts Studies from Northwestern University and Artistic Director of River Bed Theatre Company; he has written and directed over fifty original image-based performances. His works were showcased in the Theatre Mouffetard (Paris), Theatre Le Funambule and Theatre de la Condition des Soies (Avignon), and Taiwan’s National Experimental Theatre (Taipei). QUINTERO is also an installation artist and sculptor. His works have been exhibited in Asian Biennale, Kobe Biennale, and Taipei Biennale. He is currently an associate professor in the Department of Theatre and Dance at Grinnell College in the United States.'),
(47, 'Carl JOHNSON', 'Carl JOHNSON is an interdisciplinary artist, painter, sculptor, and stage designer who graduated from the Art Institute of Chicago with a Master of Fine Arts. JOHNSON’s work has been exhibited in Taipei Fine Arts Museum, National Taiwan Museum of Fine Arts, Museum of Contemporary Art Shanghai, and Hyde Park Art Center in Chicago. He has also extended what he has learned to professional stage design and scene painting, which toured in France, Japan, Singapore, and the United States. JOHNSON taught at Northwestern University’s Department of Theatre, Wisconsin State University''s Department of Art, and National Taiwan University’s Department of Drama.'),
(48, 'CHANG Ting-Tong', 'CHANG Ting-Tong (1982, Taipei) graduated with an MFA from Goldsmiths, University of London. He connected these knowledge fields—science, biology, and biodynamics, and applied them to the installations, paintings, performances, and videos, reflecting the relationship amongst humans, technology, and society.'),
(49, 'CHENG Hsien-Yu', 'CHENG Hsien-Yu (1984, Kaohsiung), as an artist and a software developer, CHENG’s working process expands into electronic installations, software, and experimental bio-electronic devices, with an aim to explore the relationships amongst human behavior, emotion, software, and machinery. In a humorous manner, he attempts to endow his works with vital signs and existential or empirical significance, to metaphorically embody his own experience and observation of the environment.');

INSERT INTO "public"."groups_works_j" ("group_id", "work_id") VALUES
('06839dfd-a650-4e36-8146-87ed153fc578', '3f60ae5a-cf8b-4eff-9762-5be00ee75c36'),
('083121f3-aee2-4526-8331-e7b33e54cd66', '03d26e3c-2e98-4d26-936a-e2f20d2beea0'),
('0b0d8ff9-71e3-4691-94ee-9378840187be', 'd9cb1939-fe73-4509-b5b8-f0d06a2b63b1'),
('0d002f02-a8e1-4a76-ae51-2042b585bf5e', '522a4664-be3d-4291-9c73-f29312a4764b'),
('1555cd2a-c00c-4da1-9891-2737f0c90905', '0ad5384a-b63b-45cb-a32b-383530bcf5f0'),
('1bb0d34d-8ea0-46da-945c-60be72b0793a', '1ae1a839-6db4-42f8-a6e3-831c59623ca7'),
('1bb0d34d-8ea0-46da-945c-60be72b0793a', 'a584078a-0db7-44af-a365-e94f8f11af30'),
('1faf45d2-463e-40a1-aa69-6d86398940b8', 'eeaa534c-a761-4e2e-83f5-2e09276df069'),
('29548e6e-3675-44f4-879c-16a681f2f42f', '3f60ae5a-cf8b-4eff-9762-5be00ee75c36'),
('29cfd99f-0548-4411-b13a-4fa39b6eb511', '3f60ae5a-cf8b-4eff-9762-5be00ee75c36'),
('34044b95-e7cb-47b1-9c9f-946dc836396c', '0d46014e-4453-4cac-a2de-de19633c5e0c'),
('4395f654-edb7-4c39-896e-f6521284c569', 'fc97911e-9b80-42cc-ae5b-fba4c6b6e174'),
('447b0005-e27a-4578-bf72-dbc02a73ebd3', '04fc0ae5-c2ad-4efb-be54-031eb6167484'),
('463d0ae2-d113-44b8-a4ac-84fa1310b849', '0b01d362-e3ae-43ef-98d5-7e94478d1fe8'),
('47a4d39d-8367-4646-a24c-4442317e87a3', '527c7177-a7f7-48a9-9936-6fc4e3560c92'),
('51e67732-8cb5-4d9a-b185-26ee315fb309', '65ea43a0-fdcf-494f-8f4c-f154c3157004'),
('53d08fbf-65a3-44da-9958-ab15727fcd1d', '5bc68d5b-960a-4a13-838d-f344c5ee2930'),
('5c375e45-ca08-450e-b06c-f11b5d2d685d', 'de0585cf-8c78-4212-bed0-15cdcc906579'),
('5d7ef75d-f381-4517-bda3-6c3e0bc30885', '1461cc69-123b-43e3-942b-b145706d0799'),
('6732d723-1e8f-43c2-99c0-8d64d5728cda', '7417b668-6e82-4329-88b3-34680756e8c1'),
('70578ed9-e529-4837-bcc9-1e2bd28ee937', 'a09ec314-2939-4b06-8fa1-178b5f5ea6ea'),
('71ccd9a6-cee7-4896-a402-274dae8b66ed', '1ae1a839-6db4-42f8-a6e3-831c59623ca7'),
('733f8b2b-5a8f-41e6-8cf6-c72adb58a3f2', '0f1cd1a3-02c5-4667-9de7-968f5830f00c'),
('7c968a39-51c5-44f2-a700-2d3dd2ccbb00', 'c466f454-5e67-4381-8270-849cbce0d32d'),
('7fbffa77-ebe5-4513-8767-565b17249a55', '4f45dc9e-e0a4-41d8-a010-d017a3f8f402'),
('81c00ced-95bb-46ae-8d3a-bb8e14cf0d59', 'a80d9658-dbf7-45be-bb50-9642899f6212'),
('8208bfbc-d771-4199-bad1-a3db7c9b73b2', '87db0364-e198-4abb-b4e9-d6c3c70ebd68'),
('93dea970-2563-4c84-b4c8-6fd3bd1d064e', '9fb4488d-f495-419a-b1c2-e7b9416db5db'),
('99d16e4e-591f-4abb-8591-e15db7a08cec', '3e41f2a9-6c5f-4a5d-b15d-100a93868e26'),
('9fe951df-667b-4ff8-9bd7-0685b00ccbad', '6034710e-bb63-4dd9-8ae5-6061008753a1'),
('b1a20fc5-5698-4e9d-9011-b001987139eb', '58d15c21-7348-4e16-9de9-61f2f9ce9b6a'),
('c7cd0509-1673-4d66-b1cf-d1fcc923c82f', 'a584078a-0db7-44af-a365-e94f8f11af30'),
('d22521a2-91bc-4c64-9372-639e8d4e33b7', '4b9ed60d-a673-4656-9f51-6afa40640604'),
('d22521a2-91bc-4c64-9372-639e8d4e33b7', '50b7bab1-0959-46f1-bc9b-c8f427b8a8c6'),
('d44794f8-7b0a-433a-9604-807de20a74e3', '72a9f399-be00-4a07-93ef-6ea2c9a0f685'),
('d44794f8-7b0a-433a-9604-807de20a74e3', 'a7ba19a2-c430-47bd-909e-474e9c07e90c'),
('d6eaac29-055c-4764-bcf1-25a96f00fa6a', '952e9883-fbbd-4e50-a582-15a34877ed0f'),
('d97279d3-033d-4949-937d-4b272f054a0f', '5a3c4cab-f3ec-46e5-982f-32e49ee9599e'),
('d97279d3-033d-4949-937d-4b272f054a0f', '82096081-d936-4366-9565-310bfd0bf5f6'),
('d97279d3-033d-4949-937d-4b272f054a0f', '984a9df0-c9b8-448f-bb1c-075220f05412'),
('d97279d3-033d-4949-937d-4b272f054a0f', '9bbabf75-437b-44ad-be1b-1b0ab6a99a5e'),
('d97279d3-033d-4949-937d-4b272f054a0f', 'd3239088-40a2-4963-a0e4-e1b39ff1dc84'),
('d97279d3-033d-4949-937d-4b272f054a0f', 'e47adbbf-c2ed-4e04-a2cb-6324869e7273'),
('d97279d3-033d-4949-937d-4b272f054a0f', 'f7bc1462-9507-411a-8215-f97d438ac223'),
('dc47f962-0737-4562-b249-6fb049a36963', '0f1cd1a3-02c5-4667-9de7-968f5830f00c'),
('ed349df5-901b-4a64-beea-c904d6225c77', '10bc58ce-4d41-403d-89a1-e14317573272'),
('eff1085e-2465-44e6-9a26-e4d8bec44ca6', '6419c162-e95d-4559-9fd5-44bba0c6ac43'),
('f1759027-3f61-450b-949b-81bbf50199eb', '5bccfe12-e463-43e0-81d8-f47f9e435300'),
('f4068842-839b-4b22-9859-83cfeac60c68', '04fc0ae5-c2ad-4efb-be54-031eb6167484'),
('f5e0e4fc-2257-4fe2-ab65-fe7cce38dc51', 'a1a593a6-c6ba-4c8f-8663-1ee9d72252d3'),
('f694f6c3-ea44-4c4f-a550-93f2f1c8f713', '8922314f-686a-45b8-8c52-3d337d43f28c'),
('f9d8458a-db76-4ea6-8b83-26847e05324a', '6ac46d5e-1b4f-4c24-9658-e42339c0d91d');

INSERT INTO "public"."groups_zh" ("group_zh_id", "name", "description") VALUES
(2, '陳湘馥', '工作於柏林和臺北，動力藝術家。作品議題涉及空間、科技和社會現象，將新媒體材料語言轉化為空間及動力裝置，參與實驗聲音、劇場裝置等各領域團隊創作，利用科技的應用與實踐，探索數位地理的空間。'),
(3, '蘇郁心', '蘇郁心是現居於德國柏林的臺灣藝術家。其散文電影、錄像裝置及藝術研究反映了技術、生態和人類與非人類交會的批判基礎設施的探究。她的批判檢視專注於製圖、操作性攝影和地理知識的技術生產。'),
(4, '倍帝愛波 ', '現居臺灣臺北，臺灣Ｙ世代前衛藝術家，國立臺北藝術大學戲劇學系、新媒體藝術研究所畢業 。創作受銳舞派對（Rave）、次文化、前衛劇場、新媒體電影、後網路藝術影響， 常見以電子音樂創作者、聲音藝術表演者、現場藝術（Live Art）、DJ、藝術RAVE策劃等身份，實現「身體政治」的創作理念。2021法國解放報攝影專題報導藝術家，近年受邀於義大利Santarcangelo 2050前衛表演藝術節、柏林2021 CTM新媒體藝術節、澳洲2021 MONA音樂節等演出。'),
(5, 'Battles', '成立於2002年，Battles是來自於美國紐約的實驗搖滾兩人樂團，目前由吉他手兼鍵盤手伊恩・威廉姆斯和鼓手兼鍵盤手約翰・斯坦尼爾所組成。'),
(6, 'AES+F', 'AES成立於1987年，初期由塔奇安娜．阿札瑪索娃（Tatiana ARZAMASOVA）、列夫．艾夫佐維奇（Lev EVZOVICH）、耶夫根尼．史瓦斯基（Evgeny SVYATSKY）三位藝術家所組成；1995年，弗拉基米爾．弗里德克斯（Vladimir FRIDKES）加入，團隊改名為AES+F。

AES+F致力於傳統媒體、攝影、影片和數位技術的交叉領域，並將自己的實踐定義為「社會心理分析」，以此揭露並探索當代全球文化的價值觀、罪惡、衝突。1999年，AES+F因《伊斯蘭計畫》獲得舉世好評，該作品描繪各個被型塑為伊斯蘭殖民地的西方知名景點。2007年，AES+F於第52屆威尼斯雙年展俄羅斯館上，憑藉極具挑釁意味的作品《最後叛亂》，鞏固他們作為當代藝術強國的聲譽，這是他們最具標誌性的作品，也是首個大型多頻道影像裝置。AES+F於全球博物館、展覽空間、商業畫廊已舉辦上百場個展。'),
(7, '陸明龍   ', '居住與工作於倫敦的電影創作者、音樂家、藝術家。他將多種相異的創意實踐，如將建築、遊戲、CGI、音樂、小說結合於不斷延展的電影宇宙中。陸明龍為他的電影創作配樂並執行即時的視聽混音，電影中也經常直播他的開放世界遊戲。'),
(8, '文敬媛 & 全濬晧', '文敬媛現居於韓國首爾，任教於梨花女子大學；全濬晧現居住、工作於韓國釜山及首爾。《折疊空間與飛行的方式》曾展出於威尼斯雙年展韓國館（2015）。他們的最新藝術創作為《烏有鄉消息》，是個專注於創造跨域平台的協作專案，最初展出於第13屆卡塞爾文件大展（2012），它也將在韓國國立現代美術館首爾館（2021）和金澤21世紀美術館（2022）展出。 
文敬媛和全濬晧的其他作品包括曾展於韓國國立現代美術館果川本館（2012）的《皈依之聲》，以及展出於倫敦斐列茲計畫和東京日本澡堂畫廊（2017）的《自由村》。'),
(9, '張立人', '現居住、工作、創作於臺灣臺南。國立臺南藝術大學造形研究所畢業。創作多為錄像裝置、觀念計劃及動畫。'),
(10, '黃裕雄', '現居住、工作於臺灣臺北，新媒體藝術教育工作者、藝術家。現為國立臺北藝術大學新媒體藝術學系講師。創作專注於互動科技與新媒體藝術之間的融合，包含透過科技媒體轉譯歷史文化，以及互動科技連結虛擬世界等跨學科研究。近年關注於媒體科技與人文藝術間的衝突與矛盾，透過人工智慧、機器學習、程式語言、感測器等媒介詮釋人類與媒體科技的關係。'),
(11, '基爾・丹格・穆茲克瑙 ', '現居於美國華盛頓特區巴爾的摩地區的設計師與教育家。曾於葛蘭布魯克藝術學院攻讀平面設計藝術創作碩士，目前任職於巴爾的摩的馬里蘭藝術學院（MICA）平面設計系，同時經營個人工作室。近期專注於開發、研究線上動態與字型產生器「Space Type Generato」。STG是一個開源應用程式，間接影響遍佈於全球的各類創作，包括音樂錄影帶、商業插畫、壁畫、傳單、品牌、雜誌封面等應用。'),
(12, '麥可・柏克 、安・卡特琳・可蘭茲        ', '常駐於柏林的互動設計師和媒體藝術家。他們的作品含括互動式裝置與環境設計、生成性和批判性設計，也常使用像素、筆紙探索平面創意的可能性。
'),
(13, 'NANONANO', 'NANONANO，2019年由新媒體藝術家許巽翔，以及材料工程師黃胤豪組成。其作品主要關注所處現實生活環境的現況及未來，並以頂尖工業科技技術作為創作工具。近年作品入選威尼斯第15屆Arte Laguna Prize、C-LAB科技媒體實驗平台FUTURE VISION LAB計劃等，並連續於2020至2021獲選文化部科技藝術實驗創新及輔導推動計畫。'),
(15, 'onformative', '一個致力挑戰藝術和科技疆界的數位藝術與設計工作室。從情感出發，尋找並實驗各式創意呈現的方法，挖掘知識和實踐間的可能性，叩問人類與技術的關係，力求在不斷嘗試的過程創造新思維，以有深度的作品激發跨學科的探索，重新審視概念化敘事，並為數位和模擬場域創造交集。因在意體驗過程，作品具有各種媒體形式，包括互動媒體裝置、動態視覺、數據化敘事。以跨域和共同實踐打造多變的視覺語言，藉觀者感知隨心定義。作品目前已在歐洲、美國、加拿大、澳洲、中國等地展出。'),
(16, '拉爾夫・貝克爾', '拉爾夫‧貝克爾是一名將藝術、科學、技術融入作品中的藝術創作者，以藝術裝置、自動化機械、表演等方式，探索新媒體與科技未開發的領域。運用認識論的概念，提出在這世上顯得複雜卻基本的數位、科技、系統性等問題。他的作品試圖激發觀者對機械、人造、現實的全新想像。他運用激進的工程方法，將傳統嚴謹的機械思維連結替代技術觀點、新型態自定義材質的理解方式。'),
(18, '施懿珊', '空中自體動力宣言創辦人。2019年開始，常態性參與由虛構研究者賴火旺發起的「 議題串連 」。目前「 議題串連 」的運作方式為：當代集合場域由各種議題標籤組成，當人們認同或關注某個議題，就會在其議題框架下產生連結，而集合場所即於當下成形；當議題解散，群體和空間也會相對解散。'),
(19, '田子平', '田子平畢業於國立臺北藝術大學新媒體藝術學系。創作常見對科技產物與數位時代的反思，並從創作中試圖實現多方位的藝術作品。穿梭在展覽與劇場之間擔任影音技術、影像設計、新媒體裝置製作執行。'),
(20, '鍾緯正  ', '現居於香港，互動媒體藝術家及設計顧問，目前任教於香港浸會大學視覺藝術院，負責互動藝術、電腦圖像等科目。常以戲謔幽默的手法諷刺時弊，同時帶有對當代媒體發展的深意與反思。他為開源軟體「Processing」開發程式函式庫，並出版多媒體設計的教科書籍。2016年獲頒受香港兿術發展局媒體藝術年度藝術家大獎。'),
(21, 'C-LAB未來媒體藝術節 X 香港微波國際新媒體藝術節', '微波國際新媒體藝術節成立於1996年，為國際同類型藝術節先鋒之一，以藝術、科技、科學之跨域為主軸，將裝置、動畫、表演等不同模式的國際藝術項目引入香港。希望透過藝術探討時下全球命題，打造跨媒介合作平台，連結本地及國際藝術家、策展人與科硏人員，共同呈現媒體藝術的嶄新體驗。2021年是「微波」二十五周年，特別推出線上媒體考古項目《連點》，以線上文字錄像誌及線上展刻劃香港媒體藝術五十年來的發展版圖。
http://www.microwavefest.net/connectingthedots/'),
(22, 'Tactical Tech', 'Tactical Tech是一個國際非政府組織，它與公民和民間社會組織協作，深入研究並試圖緩減科技對社會的影響。此組織的願景，是希望數位科技能帶來更加平等、民主和永續的世界，為了實現理念，他們調查了數位科技是如何影響社會和個人自主權，並透過調查結果，為人們和民間社會提供實用的解決方案，也支持合作夥伴持續創造對話機會，讓世界各地的社群都可以加入這場關於隱私、數據、科技影響力的全球性討論。'),
(23, '比爾．波斯特、丹尼爾．豪 ', '比爾．波斯特為研究員、作家和倡議者。專注於藝術領域研究和批判性實踐等主題。他的作品探討了公共空間和網路上的說服架構和權力關係，多為探討藝術和科學綜合領域的概念性、合成性、網路藝術和裝置作品。

丹尼爾．豪常駐於香港的美國藝術家和教育家。側重於編寫電腦演算法，以此作為審視當代生活的一種方法。探索隱私、監視、假訊息和符號表徵等問題，他的作品橫跨各種媒材，包括多媒體裝置、藝術書籍、錄音、軟體干預。'),
(24, '田所 淳', '擅長創意編碼，田所淳現為前橋工科大學副教授，東京藝術大學、慶應義塾大學兼任講師 ，教授課程內容包含openFrameworks、Processing和p5.js。其創作專注於演算法與即興創作的音樂和圖像，並於2020年出版《Beyond Interaction: A Practical Guide to openFrameworks for Creative Coding》。'),
(25, '艾力克斯・格瓦拉', '艾力克斯・格瓦拉，1986年出生於秘魯，現居於柏林的數位藝術家，其創作領域包含數位藝術、資料視覺化、生成設計和即時音樂視覺化，結合藝術、科學和科技，創造沉浸式體驗和數位地景。他的作品曾受邀至許多國際藝術節、展覽等展演/出。'),
(26, '桑德琳・德米耶Ｘ米莉雅姆・布魯', '桑德琳・德米耶是位跨域於表演藝術、詩學和錄像藝術的藝術家，其作品透過數位想像相關的美學形式發展，探討後未來主義之主題。

現居於蒙特羅，米莉雅姆・布魯是位作曲家、數位藝術家和表演者，擅長使用音樂和聲響創作，其形式包含姿態電子音樂、影音媒材、裝置，以及運用聲響 、燈光、動作和符號觸發的互動裝置。透過其作品探討表演，不僅是編碼的文化表現形式，透過人類和非人類的代理機構，也被視為是符號系統的重複體現。他的作品曾受邀於許多國際藝術節演出，如：奧地利電子藝術節等。'),
(27, '空集設計', '動態導演聯合工作室，成立於2017年。是由一群熱愛影像的創作者所組成的新銳創意團隊。致力於動態設計推廣與獨立影像創作，透過專業而敏銳的影像敘事及美感，來傳遞我們所在乎的價值。'),
(28, 'XTRUX', 'XTRUX成立於2020年10月，由多位關注於新媒體藝術的創作者組成，試圖以電腦遊戲、聲光、裝置、銳舞、音像等元素在藝術創作中發展，創作主要關注「人之於空間、影像之於建築」的關係,試圖在虛擬及沉浸式媒體的形式中重塑之間的關聯及位置。'),
(29, '柯智豪', '柯智豪
台灣音樂家，曾獲台灣金曲獎最佳客語專輯，金鐘獎最佳音效配樂，金音獎最佳嘻哈專輯製作人，法國金音叉獎，並多次提名入圍各種獎項。音樂作品涵蓋古典到實驗，演唱會到電視，電影，舞台劇，京崑，歌仔布袋戲等戲曲。 柯智豪持續在音樂創作與嘗試上不斷的往前推進，近年來致力於台灣傳統音樂，台灣多項語文，東方儀式與戲曲的採集與重製。
'),
(30, '國立臺北藝術大學新媒體藝術學系 x 實踐大學媒體傳達設計學系', '國立臺北藝術大學新媒體藝術學系
為全國首創，是一跨越人文藝術領域與尖端科技結合的未來學門。作為推動數位科技與藝術整合的重要推手，培育前瞻性的「新媒體科技」、「新媒體影像」與「新媒體跨域」等藝術創意人才。
講師｜葉廷皓、李亦凡、王連晟
參與者｜劉張妙齊、施坤芳、蔡尚騰
陳品蓁、陳政維、陳妍姍
高靚亘、江紹綸、謝昕亞

實踐大學媒體傳達設計學系
實踐大學設計學院曾為美國Businessweek週刊與Ranker.com認定排名為全球前30名之優良設計學院。於2000年改名，成為全台灣第一所以「媒體傳達設計」命名的學系，致力於設計思考、人文厚度與美學的訓練。
講師｜蔡遵弘 
參與者｜
​​許詠欣、陳思宇、陳庠豪、林明鴻
柯仲安、籃可芸、陳柔潣、陳嘉吟
李艷琳、陳恩暄、鄭容安、曹仲
張翔華、李翊甄、陳仕原、周家任
蔡政廷、李宛儒、葉宸豪
何熙、趙詠安、吳澄澤、徐寜孺 '),
(31, '李婉菁Ｘ王駝Ｘ林晏均Ｘ陳智涵', '李婉菁，台南西拉雅人，自幼與父親李茂松教授學習音樂。音樂作品曾多次獲選呈現於國際電腦音樂研討會、美國紐約電子音樂節、德國漢堡聲音藝術節等。
王駝 a.k.a WonderGym 奇跡体育館。使用田野調查的方法直接參與各個現場，蹲點去感受「發生」，採集影像並後製成素材。

林晏均，為首位台籍男性成員赴日本「鬼太鼓座」研修，曾師事馥蘭朵渡假酒店藝術總監羅桑席讓老師、莫比斯圓環創作公社藝術總監黃子翎老師、鼓魂鈦鼓團長李卓宇老師。

陳智涵，喜歡創作、唱歌。主要從事流行音樂的詞曲創作及表演。'),
(32, '明日和合製作所', '表演藝術領域的新銳編導洪千涵、張剛華、黃鼎云為核心成員，以團體形式尋找創作上的可能，並同處「作者」的位置，以水平式生產進行藝術創作。以「現場展/演」、「回應式創作」、「參與式計畫」為現階段發展的核心觀念；不侷限特定媒材/媒體的表現形式，重視生產過程與社會、環境、科技、歷史等其他領域之折衝。'),
(33, '趙珮妤', '00後世代，網路原生居民。目前就讀於國立臺北藝術大學新媒體藝術學系，近期創作聚焦於探討網路與自身的關係，嘗試在其中尋找閃閃發光的數位靈感。'),
(34, '黃偉Ｘ鄭道元Ｘ黃國斌', '黃偉，擅長音像演出，互動影像設計與空間裝置，創作圍繞在生活的觀察並透過物件的直觀想像，將非日常的畫面帶入日常中，關注的焦點為如何藉由影像跟聲音去強調現實的身體感與既視感，致力於電腦演算影像與聲響組合演出。

鄭道元，以聲響、影像及裝置等形式探尋自我狀態與存在本質的相對與共存，將一體兩面作為核心概念貫穿於作品中。2019年日本演出後發行首張實體專輯，2020年於國立臺灣美術館製作7.1聲道聲音設計。 現為英國Currents.fm及香港聯合電台常駐主持。

黃國斌，以新媒體互動設計與開發作為主要研究領域，透過不同的元素與呈現方式探討人類的感官知覺形態，可視為一項不斷尋找共同意識的持續性創作計劃。曾參與展演及製作包括 2021 Rewire Festival / 2020 Unsound Festival（NAXS Corp.）等。'),
(35, '莊禾', '莊禾，畢業於國立臺北藝術大學新媒體藝術研究所，創作以手繪動畫、動畫裝置為主，創作核心集中在逐格動畫本身感知的語意及其隱喻。逐格手繪動畫的過程帶有孤獨、苦行的意味；影幀作為人類理解時間的一種方式，重組來自不同當下繪製的短碎片，透過連續播放重現，產生出新的時間、地點，在這個角度欣賞動畫錯覺的語意，同時與繪圖當下的真實對照，產生虛實相互拉扯的空間感，靜謐流動的詩意。
'),
(36, '郭立威', '郭立威是加拿大蒙特利爾音樂學院作曲碩士，現定居於加拿大的作曲家。曾在許多國際音樂節發表，並於2018年獲得荷蘭 Gaudeamus 國際作曲獎提名、加拿大GroundSwell作曲比賽首獎、加拿大Serge Garant 作曲獎。'),
(37, '李昫岱', '李昫岱，中央大學天文所博士，先後服務於中央研究院天文所、美國伊利諾大學厄巴納-香檳分校。目前從事寫作、天文教育推廣、翻譯及教學等工作。著有《天文很有事》（五南出版社，2021年）。經營「屋頂上的天文學家」臉書與部落格。中正大學兼任助理教授，翻譯多本國家地理書籍與特刊。'),
(38, '玖格設計', '由陳宣名與黃瑞⺠兩位設計師共同主持，以視覺、空間設計／專案管理／文化資產為主要發展。近年影像作品包含多首藝人大支MV 後製 ;「鍾興⺠-本我」演奏會、「一起幻想」，參與的大型影像如「吳⻘峰-太空備忘記」演唱會、2013 臺中州廳、總統府雙十國慶、臺灣燈會、2018 臺北 101 跨年與「第 29 屆世大運」開幕演出等。'),
(40, '河床劇團', '河床劇團於1998年成立，為財團法人國家文化藝術基金會Taiwan Top團隊。以「意象劇場」的創作理念，跨越了視覺藝術與表演藝術之間的界線。評論家曾讚賞河床劇團這些有機、深具雕塑性的「潛意識」劇場作品，可與山繆‧貝克特及大衛‧林區最精湛的作品相比。其近年參與的藝術節包括：韓國BeSeTo戲劇節、法國亞維儂off戲劇節、德國想像國際偶劇節、TIFA臺灣國際藝術節等。'),
(43, '許家維', '許家維（1983，臺中），2016年畢業於法國國立當代藝術工作室，作為藝術家、導演和策展人，他的作品融合了當代藝術和電影語彙，發掘圖像創作過程背後的複雜生產機制。在藝術實踐的方式上，特別著力於影像創作背後的行動性，並透過建立鏡頭以外的事件，連結正規歷史描述所未及的人、物質與地方的關係。'),
(44, '安琪拉．戈歐 ', '安琪拉‧戈歐是一名舞蹈家和編舞家，於澳洲雪梨居住和工作。其作品為科技資本主義、行星和後人類世內的美學和狀態提供破壞和轉變可能性。作品曾在澳洲、歐洲、英國、美國和亞洲巡迴演出。'),
(45, '麥藍提亞Mailantia舞團', '麥藍提亞Mailantia舞團以專業舞團概念為核心，融合東、西方傳統訓練，同時結合跨領域元素，涉入街頭文化，蘊含多元藝術技能，建立獨特的肢體語彙以及舞團風格。'),
(46, '郭文泰    ', '西北大學表演藝術研究博士，河床劇團藝術總監，編導超過五十部原創意象劇場作品，演出足跡包含巴黎穆浮塔劇院、亞維儂絲品劇院及國家戲劇院實驗劇場等。他也是裝置藝術家及雕塑家，作品曾於亞洲藝術雙年展、日本神戶雙年展、臺北雙年展等地展出。目前亦擔任美國格林奈爾學院劇場舞蹈系副教授。'),
(47, '江克文', '跨領域藝術家、畫家、雕塑家及舞台設計家，芝加哥藝術學院視覺藝術碩士。展出經歷包括臺北市立美術館、國立臺灣美術館、上海當代藝術館及芝加哥海德公園藝術中心等。其舞台設計及繪景相關作品曾赴法國、日本、新加坡及美國等地巡演。曾任教於美國西北大學戲劇系、威斯康辛州立大學藝術系及臺灣大學戲劇系等。'),
(48, '張碩尹', '張碩尹（1982，臺北），倫敦大學金匠學院（Goldsmiths, University of London）藝術碩士畢，為旅英台灣藝術家。其創作媒材跨及裝置、繪畫、表演與錄像，並結合科學、生物學、生物動力學等不同知識領域，反應人與科技、社會的關係。'),
(49, '鄭先喻  ', '鄭先喻（1984，高雄），現職藝術家、軟體與機械開發人員。創作以電子裝置、軟體、生物能源實驗裝置為主，內容多在探討人類行為、情感、軟體與機械之間的關係，試圖以詼諧的方式去賦予作品某種生命象徵或是存在意義，藉此隱喻自身對於周遭環境的體會。');

INSERT INTO "public"."migrations" ("id", "timestamp", "name") VALUES
(23, 1667357491376, 'AddWorkIndexColumn1667357491376'),
(24, 1667382650269, 'CreateScheduleTable1667382650269'),
(25, 1667975345444, 'CreateParticipantTable1667975345444'),
(26, 1668002775447, 'CreateParticipantRecordTable1668002775447'),
(27, 1668475430716, 'AddActivityQuestionColumn1668475430716'),
(28, 1668521020397, 'UpdateUserRoleColumn1668521020397'),
(29, 1668646897289, 'RemoveArtistScheduleTable1668646897289'),
(31, 1670159335229, 'AddParticipantRecordResourcesColumn1670159335229'),
(32, 1670316901279, 'UpdateParticipantAgeAndGenderColumn1670316901279'),
(33, 1670557935016, 'UpdateParticipantRecordActivityRelation1670557935016');

INSERT INTO "public"."participant_records" ("participant_record_id", "attend", "answer_1", "answer_2", "answer_3", "created_at", "updated_at", "activity_id", "participant_id", "resources") VALUES
(2, 't', 'hahaha', '', '', '2022-12-04 17:01:23.443689', '2022-12-04 17:01:23.443689', '64f0b1b0-1aef-47db-85e2-46e3828803fb', 2, '["其他：123", "剛好路過"]'),
(3, 't', '', '', '', '2022-12-04 17:08:03.453858', '2022-12-04 17:08:03.453858', 'ad8972e4-46f8-4a35-b200-b374c6b142d7', 2, '["UNZIP C-LAB", "CLABO+雙月刊"]'),
(4, 't', 'hahaha123', '', '', '2022-12-04 17:58:12.386367', '2022-12-04 17:58:12.386367', '7f147c69-697e-4276-89a8-53dc47a56fec', 2, '["網路媒體", "C-LAB Instagram"]'),
(5, 't', '', '', '', '2022-12-04 18:12:49.440409', '2022-12-04 18:12:49.440409', 'b3d61f7d-cadd-44b3-a858-21d8f82a3a30', 2, '["C-LAB Instagram", "C-LAB官網"]'),
(6, 't', '', '', '', '2022-12-06 10:37:42.584143', '2022-12-06 10:37:42.584143', '45d4701c-1ae4-4970-9902-6774fdb4c45b', 2, '["C-LAB官網", "UNZIP C-LAB"]'),
(10, 't', '', '', '', '2022-12-09 01:33:58.552242', '2022-12-09 01:33:58.552242', '6cde97f5-fce8-427c-84ce-72825ff61d4e', 2, '["網路媒體", "CLABO+雙月刊"]'),
(11, 't', '', '', '', '2022-12-09 02:40:13.869079', '2022-12-09 02:40:13.869079', '70ab908f-ba0c-42e2-ada9-ea5f45933fef', 1, '["C-LAB官網", "UNZIP C-LAB"]'),
(23, 't', '', '', '', '2022-12-09 03:57:55.776252', '2022-12-09 03:57:55.776252', '64f0b1b0-1aef-47db-85e2-46e3828803fb', 1, '["C-LAB官網"]'),
(24, 'f', '', '', '', '2022-12-09 05:24:13.072799', '2023-04-25 10:57:10.253', '64f0b1b0-1aef-47db-85e2-46e3828803fb', 5, '["網路媒體", "剛好路過"]'),
(25, 't', '葷食', '', '', '2023-04-25 10:13:38.692511', '2023-04-27 08:19:49.759', '8d157b66-ebd6-4177-8805-4315eea62759', 5, '["C-LAB官網", "報章雜誌"]'),
(28, 't', '', '', '', '2023-04-27 08:05:12.155094', '2023-04-27 08:19:47.684', '8d157b66-ebd6-4177-8805-4315eea62759', 8, '["C-LAB Instagram", "C-LAB官網"]'),
(29, 't', '', '', '', '2023-04-28 12:45:49.816242', '2023-04-28 12:45:49.816242', '8d157b66-ebd6-4177-8805-4315eea62759', 2, '["C-LAB官網"]'),
(30, 'f', '', '', '', '2023-05-05 06:04:11.961946', '2023-05-05 06:04:11.961946', 'df7c8878-6b12-4dd4-bc16-e1b795988cf2', 11, '["C-LAB官網", "C-LAB Instagram"]'),
(31, 'f', '', '', '', '2023-05-05 08:45:51.524544', '2023-05-05 08:45:51.524544', 'df7c8878-6b12-4dd4-bc16-e1b795988cf2', 8, '["剛好路過"]');

INSERT INTO "public"."participants" ("participant_id", "username", "password", "name", "login_type", "job", "phone", "address", "note", "created_at", "updated_at", "gender", "age") VALUES
(1, 'powen@monoame.com', NULL, 'Po Wen Chen (墨雨工程師)', 'google', '資訊科技業', '0912123456', '台北市其他區域', '', '2022-11-16 11:44:46.630559', '2022-12-09 02:52:24.757948', 'male', '25-34歲'),
(2, 'kayahino@gmail.com', NULL, 'YUURI', 'google', '學生', '0988888888', '台北市大安區', NULL, '2022-12-02 08:46:02.358046', '2023-04-28 12:45:49.697744', 'female', '19-24歲'),
(3, 'eva7190114@gmail.com', NULL, '曾怡文', 'google', NULL, NULL, NULL, NULL, '2022-12-06 05:35:55.292141', '2022-12-06 05:35:55.292141', 'other', NULL),
(4, 'cheyu.wu@monoame.com', NULL, 'Che Yu Wu', 'google', NULL, NULL, NULL, NULL, '2022-12-06 07:20:51.54202', '2022-12-06 07:20:51.54202', 'other', NULL),
(5, 'warrick.tsai@gmail.com', NULL, 'Warrick Tsai', 'google', '資訊科技業', '0912123123', '新北市', NULL, '2022-12-08 14:25:23.30309', '2023-04-25 10:13:38.587859', 'male', '25-34歲'),
(6, 'kevin73911@gmail.com', NULL, 'Po Wen Chen (Mayvis)', 'google', NULL, NULL, NULL, NULL, '2022-12-09 03:37:09.109438', '2022-12-09 03:37:09.109438', 'other', NULL),
(7, 'maostable@gmail.com', NULL, 'Lana Mao', 'google', NULL, NULL, NULL, NULL, '2023-02-10 01:47:13.874203', '2023-02-10 01:47:13.874203', 'other', NULL),
(8, 'windydodo@gmail.com', NULL, 'Warrick Tsai', 'google', '學生', '0912123123', '台北市大安區', NULL, '2023-04-25 10:33:32.473619', '2023-05-05 08:45:51.418185', 'male', '19-24歲'),
(9, 'shaoyun.kuo@monoame.com', NULL, 'Shao Yun Kuo', 'google', NULL, NULL, NULL, NULL, '2023-04-28 12:34:11.238197', '2023-04-28 12:34:11.238197', 'other', NULL),
(10, 'cleo.syu@gmail.com', NULL, 'Cleo Syu', 'google', NULL, NULL, NULL, NULL, '2023-04-28 12:34:45.450094', '2023-04-28 12:34:45.450094', 'other', NULL),
(11, 'monsieuruncafesilvousplait@gmail.com', NULL, 'Yung Chen Sun', 'google', '藝文相關產業', '0989130032', '新北市', NULL, '2023-05-05 05:48:48.77315', '2023-05-05 06:04:11.810055', 'female', '25-34歲');

INSERT INTO "public"."schedule_activities_j" ("schedule_id", "activity_id") VALUES
(1, '0708f61d-85d2-405c-afe4-642b1e59b227'),
(1, '31c62614-9d10-4045-b201-32b5c73591c9'),
(1, '3d332cd1-c49d-4358-a516-383995b69b1b'),
(1, '439a233a-8b87-487d-9610-dc96ba6ee8ba'),
(1, '443e7a5e-6d51-4d39-9bc0-fd71e579da09'),
(1, '45d4701c-1ae4-4970-9902-6774fdb4c45b'),
(1, '4b81337f-fde0-4d34-b184-813fef705d3a'),
(1, '62f3fd16-fb82-4a2c-a411-f3071467384d'),
(1, '64f0b1b0-1aef-47db-85e2-46e3828803fb'),
(1, '6cde97f5-fce8-427c-84ce-72825ff61d4e'),
(1, '70ab908f-ba0c-42e2-ada9-ea5f45933fef'),
(1, '7a8f2ede-d9cc-49fb-aa0a-5c206fd43db1'),
(1, '7f147c69-697e-4276-89a8-53dc47a56fec'),
(1, '811b2aa9-f437-4c2d-b354-cd6f01d38ce0'),
(1, '93cbe058-fd38-4a18-a65e-cb7a9c18fab8'),
(1, '94effd89-0389-4b0c-8529-ccb541aa744a'),
(1, 'a09637b4-87c9-4e41-a12d-aab44d349a9b'),
(1, 'a0e521fc-cb9c-4088-824a-fa2695dace25'),
(1, 'ad8972e4-46f8-4a35-b200-b374c6b142d7'),
(1, 'b3d61f7d-cadd-44b3-a858-21d8f82a3a30'),
(1, 'b72ec6d2-5d61-4f48-8ae9-2584b0d897fd'),
(1, 'b85eb601-d22e-4065-b1bb-6fbabf9b11a3'),
(1, 'bf5de477-cb5d-495e-9db2-f27fca5a7e49'),
(1, 'c047bb98-8469-489c-ad44-aa0aa5df9962'),
(1, 'dcda8de1-97c2-4a30-9c4a-ea8e3b54a51b'),
(1, 'ddc6489e-8951-4e17-83ef-c714846bcdea'),
(1, 'e449ce1e-a0c5-4d55-83e0-ad0f77c22cdc'),
(1, 'edc0795b-24af-4879-be18-3d28217a88fa'),
(1, 'fb1588ac-3270-45b8-9d9c-770bb00a3214'),
(4, '0baa638b-be7f-4b0a-b9e1-9b6bcaba11a7'),
(4, '5da9929a-3937-402e-9892-ecc28cf262b9'),
(4, '5f8e825b-53f5-4541-9e52-2daada092fbf'),
(4, '7775e5b4-b219-4612-85f6-887938c1c2ce'),
(4, 'b396c929-ed43-40bc-a7bd-5e450a53e86c'),
(4, 'bc5c197f-34e9-4f88-9c1f-91697a3180a8'),
(4, 'e0596065-523d-4ef1-ba03-c067d286dc2a'),
(4, 'e64899fc-9919-4a06-aafa-6591d09c8ef0'),
(4, 'ef13dc76-ce5f-4a8a-8198-0c84ad3b1ec3');

INSERT INTO "public"."schedule_artists_j" ("schedule_id", "artist_id") VALUES
(1, '00cd6d5c-330b-470d-adf9-67d615d6bae7'),
(1, '0cbc36af-99c2-4331-a031-0d4034a5a16d'),
(1, '1db08c7d-e88c-4bfa-97d3-ef7c4fab0268'),
(1, '25f40394-f0c5-4ca0-bcba-0b11877e68ab'),
(1, '27ad5976-69b0-4253-b573-bf3b85d1f87c'),
(1, '38bc7337-622a-4f0b-85df-c26c4b7b3cd4'),
(1, '3ec90513-c753-4029-9ef9-6d45a12d4e55'),
(1, '50b681bc-d727-4877-898f-fccd833d30a4'),
(1, '5a4a8885-dc50-4105-ab4b-e564b9874635'),
(1, '5aaa88b9-087d-4e8d-a586-4e8d8147df5e'),
(1, '5cde7b99-f07d-488f-9e28-a70f4dd1a47a'),
(1, '82881109-d3ef-4aed-9c55-e4d3aa76a440'),
(1, '867c7b12-8cc9-4798-9c87-b50154cd683b'),
(1, '92eef452-a4b3-4662-a2ef-68e90f74bd79'),
(1, '9cbced39-95dc-422d-8e63-76fc573ff29a'),
(1, '9e11816e-c8ce-4b77-a29b-33db55c22b7c'),
(1, 'a5b38ec1-c5a7-4b10-8136-0fea270e6a3c'),
(1, 'b197a51d-89d1-4c7a-9e86-722d39e61944'),
(1, 'b46b0033-4a6a-4698-bb93-39642d20acfa'),
(1, 'b79e1d0e-aa52-45e3-a6c7-caacadbb1565'),
(1, 'b8dad051-1999-42ea-868d-fbe37dd00497'),
(1, 'bd94578b-8729-4e45-8b4d-92a14f914f74'),
(1, 'c05ccecc-7bee-4939-9e3d-70ef57de292b'),
(1, 'cdcbd28a-21ad-4cd2-b56a-66e61f7fedef'),
(1, 'f15b9f6b-13eb-4a55-bc2e-ba5ed5b9e88d'),
(1, 'fe36f429-322b-4cc9-979d-2212dfd6f20d'),
(1, 'ff4162e1-7388-4d45-84f0-1d82366c1f0e'),
(2, '1981e64f-48f3-4084-9f29-5716fc99693b'),
(2, '50b681bc-d727-4877-898f-fccd833d30a4'),
(4, '03103815-1b3e-461a-a58f-b5b48344b693'),
(4, '041ab4ec-b688-4116-a7d4-01c9faa100cb'),
(4, '1615d2e5-29b1-457c-8ab3-976009a13e3f'),
(4, '1de85ae6-52be-4f2c-b5ee-cd8315f89e9a'),
(4, '1e9a11e7-353c-4e0d-8ce8-23b02e682a58'),
(4, '3f3cc381-50d9-468d-a1fe-690ba08ce0b2'),
(4, '48130566-48b5-424a-8626-62755e7b2833'),
(4, '4bffee78-5e39-4432-afe5-844bd70f6360'),
(4, '52c91ebc-460c-4ce0-9f83-338eb4235e64'),
(4, '5845d1b8-ddb4-4953-af61-fb50c7b9abb8'),
(4, '5d3c0829-4dc0-4a55-b03c-62d3a93131cc'),
(4, '5f115a36-a594-4bf8-a3f0-dc30eb536ee0'),
(4, '6430a79f-6d16-4781-8fd1-01ec9320fa08'),
(4, '7f888676-6db0-4dd0-821b-e21952d54c04'),
(4, '81860631-7cbf-485e-a4bb-fec0ac2b1184'),
(4, '82c5f758-338e-4b57-9299-3bc3615281f9'),
(4, '8bb505cd-93ee-4d6c-b933-633532078ac5'),
(4, '912306b2-3750-4d5b-a22d-281896fc4796'),
(4, '9d94b0a8-ecdd-433c-9f45-a2f7a620bcdc'),
(4, 'c6d63c99-37a8-4ab4-a9d9-7dc083ca2180'),
(4, 'd546afa7-89ca-45eb-9c0a-447533f60681'),
(4, 'd65090ea-04cf-470c-a738-c165476792d0'),
(4, 'd965639d-53ee-4a21-99a5-cf661c1ef0a2'),
(4, 'ddee208b-c2d7-4b67-b9ca-d60e137cda59'),
(4, 'eb32a027-6fd2-45f5-abfc-9453e939fb2a'),
(4, 'f7157b2c-ca51-42ea-a6ef-9b8743f8e14d');

INSERT INTO "public"."schedule_works_j" ("schedule_id", "work_id") VALUES
(1, '04fc0ae5-c2ad-4efb-be54-031eb6167484'),
(1, '0b01d362-e3ae-43ef-98d5-7e94478d1fe8'),
(1, '0f1cd1a3-02c5-4667-9de7-968f5830f00c'),
(1, '1461cc69-123b-43e3-942b-b145706d0799'),
(1, '3e41f2a9-6c5f-4a5d-b15d-100a93868e26'),
(1, '3f60ae5a-cf8b-4eff-9762-5be00ee75c36'),
(1, '50b7bab1-0959-46f1-bc9b-c8f427b8a8c6'),
(1, '527c7177-a7f7-48a9-9936-6fc4e3560c92'),
(1, '58d15c21-7348-4e16-9de9-61f2f9ce9b6a'),
(1, '5bc68d5b-960a-4a13-838d-f344c5ee2930'),
(1, '5bccfe12-e463-43e0-81d8-f47f9e435300'),
(1, '6034710e-bb63-4dd9-8ae5-6061008753a1'),
(1, '6419c162-e95d-4559-9fd5-44bba0c6ac43'),
(1, '65ea43a0-fdcf-494f-8f4c-f154c3157004'),
(1, '6ac46d5e-1b4f-4c24-9658-e42339c0d91d'),
(1, '72a9f399-be00-4a07-93ef-6ea2c9a0f685'),
(1, '952e9883-fbbd-4e50-a582-15a34877ed0f'),
(1, '984a9df0-c9b8-448f-bb1c-075220f05412'),
(1, '9bbabf75-437b-44ad-be1b-1b0ab6a99a5e'),
(1, '9fb4488d-f495-419a-b1c2-e7b9416db5db'),
(1, 'a584078a-0db7-44af-a365-e94f8f11af30'),
(1, 'a7ba19a2-c430-47bd-909e-474e9c07e90c'),
(1, 'd9cb1939-fe73-4509-b5b8-f0d06a2b63b1'),
(1, 'e47adbbf-c2ed-4e04-a2cb-6324869e7273'),
(1, 'eeaa534c-a761-4e2e-83f5-2e09276df069'),
(1, 'fc97911e-9b80-42cc-ae5b-fba4c6b6e174'),
(2, '03d26e3c-2e98-4d26-936a-e2f20d2beea0'),
(2, '0ad5384a-b63b-45cb-a32b-383530bcf5f0'),
(2, '0d46014e-4453-4cac-a2de-de19633c5e0c'),
(2, '10bc58ce-4d41-403d-89a1-e14317573272'),
(2, '1ae1a839-6db4-42f8-a6e3-831c59623ca7'),
(2, '4b9ed60d-a673-4656-9f51-6afa40640604'),
(2, '4f45dc9e-e0a4-41d8-a010-d017a3f8f402'),
(2, '522a4664-be3d-4291-9c73-f29312a4764b'),
(2, '7417b668-6e82-4329-88b3-34680756e8c1'),
(2, '87db0364-e198-4abb-b4e9-d6c3c70ebd68'),
(2, '8922314f-686a-45b8-8c52-3d337d43f28c'),
(2, 'a09ec314-2939-4b06-8fa1-178b5f5ea6ea'),
(2, 'a1a593a6-c6ba-4c8f-8663-1ee9d72252d3'),
(2, 'a80d9658-dbf7-45be-bb50-9642899f6212'),
(2, 'c466f454-5e67-4381-8270-849cbce0d32d'),
(2, 'de0585cf-8c78-4212-bed0-15cdcc906579'),
(3, 'f51cb4d7-f548-4ab6-b014-ad85a37e571a'),
(4, '02522253-13b3-4304-a838-2476986fcf89'),
(4, '04d9eaac-20a9-4c30-8555-a4e62c29f992'),
(4, '070a05f9-f323-4dfe-abcc-4ca54f801316'),
(4, '11c2dbd5-f165-4776-8719-465a81def50a'),
(4, '19e0236d-35ef-430e-8de2-4e472009d542'),
(4, '1f07b90e-1ea6-49d9-823b-c5eafc0d4312'),
(4, '202df326-fcf6-4020-89a2-cfd41410ee3a'),
(4, '283de1e0-bfcc-4341-8832-b9c1ea139bc8'),
(4, '32e25a27-641a-4fe5-9abd-fa21ce98cf26'),
(4, '3aa18f1f-17cb-4728-9a84-223be3c56c9b'),
(4, '52fed5b3-30c8-4e96-ad3a-60edf79eba6e'),
(4, '6162e143-f315-4a45-a9b4-830c8b3d8704'),
(4, '65c79dad-0b3e-4d01-9b56-34006387dc7a'),
(4, '730e8814-1bec-46ea-806f-da40569200d9'),
(4, '73f7873a-fbbc-4edc-9f7a-48cc553cf5b3'),
(4, '75e6568d-3267-40e2-bd82-92749a9aaf98'),
(4, '814e1151-4ad3-4847-b8ba-7aa5d7083318'),
(4, 'a191f550-3feb-457e-bf95-1b46666baecc'),
(4, 'a43e4634-e70d-4bb3-8da2-4c90e85fbdfc'),
(4, 'aaa5c05f-169c-4dca-a4d3-23ffea0fc948'),
(4, 'b03f868a-3059-410f-b558-8e6e88c51cfe'),
(4, 'b2d5e23a-cf1c-4216-99c7-48d828b69a0d'),
(4, 'b8396e5e-4f00-4668-9e0a-9471063ac483'),
(4, 'be1d26f4-50e5-4935-bbba-de0cd4b76926'),
(4, 'c57ab05d-4b4b-44af-bedd-77610317946c'),
(4, 'c5ce269e-1b71-471c-b17b-45a715658007'),
(4, 'c7514988-0f1b-4487-8fb9-4757284433ea'),
(4, 'ce7e614c-ea28-487f-902e-4b82bb2c0e86'),
(4, 'e50125f5-d25f-47f4-92b3-5130c6810d6f'),
(4, 'f789f6c7-5400-46de-8694-f5291b430445');

INSERT INTO "public"."schedules" ("schedule_id", "name_zh", "name_en", "start_date", "end_date", "note", "active", "created_at", "updated_at") VALUES
(1, '2021 C-LAB 未來媒體藝術節', '2021 C-LAB Future Media Arts Festival', '2021-10-07 16:00:00', '2021-11-27 16:02:00', '', 't', '2022-11-09 05:01:40.780952', '2023-04-13 09:21:38.988'),
(2, 'FUTURE VISION LAB 2021', 'FUTURE VISION LAB 2021', '2021-10-07 16:00:00', '2021-11-27 16:00:00', '', 't', '2023-04-13 08:37:01.925728', '2023-04-13 09:19:59.675'),
(3, 'FUTURE VISION LAB 2024', 'FUTURE VISION LAB 2024', '2024-02-29 16:00:00', '2024-04-13 16:00:00', '', 't', '2023-04-13 08:47:51.924184', '2023-04-14 06:56:58.234'),
(4, '崩塌記憶之宮', 'Memory Palace In Ruins', '2023-06-09 04:00:00', '2023-08-13 12:00:00', '', 't', '2023-04-25 09:30:08.513732', '2023-04-26 12:17:56.551');

INSERT INTO "public"."users" ("user_id", "username", "password", "name", "phone", "active", "created_at", "updated_at", "role") VALUES
('23a53911-c5d5-4694-93ec-edafd371fa57', 'admin@mail.com', '$2b$12$BVTPrwtM3XXhUyHZg2uY/.MtLxR6eIhpa9kve7SDU7lOsOQfPza5.', 'admin', '0987654321', 't', '2021-09-29 10:23:40.164142', '2022-10-27 10:00:27.906773', 'admin'),
('44d5a27b-343e-4324-95a4-3a6fe102a977', 'yungchen@clab.org.tw', '$2b$12$dmoTDIj50JEDe04Zf.meQuqNaT.tbBAQEnUIrAyD.LZ3pbWalGMg.', '孫永貞', '', 't', '2023-04-25 09:24:08.61788', '2023-04-27 10:07:00.182172', 'activity-manager'),
('78b09d5d-6b74-443a-b5dd-772cf7618195', 'warrick@clab.org.tw', '$2b$12$bL8.mR20ZabC9eicERbEL.G4laFBYQ.1pTl.2hEfujXbyXYYL43Ti', '蔡奇宏', '', 't', '2023-04-25 10:28:50.39333', '2023-04-27 10:12:06.153421', 'admin'),
('7c5d1648-9173-4ade-95a8-153687f7da35', 'kevin@qoo.com', '$2b$12$jjNcCtZ/RhUAiDYRXAvZueh/HyjumFELJf4NGWc6o4Y9FSV4HNC5G', '運維工程師', '', 'f', '2021-10-13 06:21:39.838082', '2022-10-27 10:03:31.274938', 'admin'),
('82c2cd31-de66-4395-a762-6d4575354d29', 'casper@clab.org.tw', '$2b$12$RHndYk9DCjV.6DBbqpaiqOV.uBec/M4VxnJo5Z6C.5GSgZRdqeDH.', '陳志芳', '', 't', '2023-04-27 10:08:33.048763', '2023-05-19 04:43:39.913064', 'work-manager'),
('d2671f37-2a1e-4282-9ee4-ef07fb0916d5', 'clab-admin@mail.com', '$2b$12$pJax6Q5M54mSRJQQaSnwSOEVmLWDFebT57EnF1VcKl6vQFgcIUYEi', 'CLAB', '', 't', '2021-10-01 07:19:09.022047', '2021-10-01 07:19:09.022047', 'admin');

INSERT INTO "public"."works" ("work_id", "year", "type", "session", "photo_1", "photo_2", "photo_3", "photo_4", "photo_5", "file", "created_at", "updated_at", "category_id", "location_id", "work_en_id", "work_zh_id", "file_url", "active", "index") VALUES
('02522253-13b3-4304-a838-2476986fcf89', '2008-12-31 16:00:00', '', '[{"end": "", "start": ""}]', 'work-photo/02522253-13b3-4304-a838-2476986fcf89/RmxvYXRpbmctTWVtb3JpZXNfSU1HXzA5NTMuanBnLTE2ODQyMjgwNDQ3NDYtNTIz.jpeg', NULL, NULL, NULL, NULL, NULL, '2023-05-15 06:50:31.177356', '2023-05-30 03:03:13.851431', 2, 4, 94, 94, '', 't', 65),
('03d26e3c-2e98-4d26-936a-e2f20d2beea0', '2020-12-31 16:00:00', '360video', '[{"end": "2021-10-08T11:45:00.000Z", "start": "2021-10-08T11:00:00.000Z"}, {"end": "2021-10-09T11:45:00.000Z", "start": "2021-10-09T11:00:00.000Z"}, {"end": "2021-10-10T11:45:00.000Z", "start": "2021-10-10T11:00:00.000Z"}, {"end": "2021-10-11T11:45:00.000Z", "start": "2021-10-11T11:00:00.000Z"}, {"end": "2021-11-07T12:45:00.000Z", "start": "2021-11-07T12:00:00.000Z"}]', 'work-photo/03d26e3c-2e98-4d26-936a-e2f20d2beea0/QWxleF9HdWV2YXJhX1RyYW5zaWVudF8wMy5qcGVnLTE2MzMxNjY1MzU4OTctNTI4OQ==.jpeg', 'work-photo/03d26e3c-2e98-4d26-936a-e2f20d2beea0/QWxleF9HdWV2YXJhX1RyYW5zaWVudF8wNS5qcGVnLTE2MzMxNjY1MzYxNzEtMTY5NA==.jpeg', 'work-photo/03d26e3c-2e98-4d26-936a-e2f20d2beea0/QWxleF9HdWV2YXJhX1RyYW5zaWVudF9wcmV2XzAzLnBuZy0xNjM0NDYyODkyNzc5LTk5NDY=.png', 'work-photo/03d26e3c-2e98-4d26-936a-e2f20d2beea0/QWxleF9HdWV2YXJhX1RyYW5zaWVudF9wcmV2XzAyLnBuZy0xNjMzMTY2NTM3NzIxLTI4MDc=.png', NULL, NULL, '2021-10-02 09:22:15.2051', '2021-10-17 14:21:11.496084', 3, 5, 46, 46, NULL, 't', 24),
('04d9eaac-20a9-4c30-8555-a4e62c29f992', '1967-12-31 16:00:00', '', '[{"end": "", "start": ""}]', 'work-photo/04d9eaac-20a9-4c30-8555-a4e62c29f992/cnl0MS5qcGctMTY4NTExMDk3Mzk1My0zOTUw.jpeg', 'work-photo/04d9eaac-20a9-4c30-8555-a4e62c29f992/cnl0Mi5qcGctMTY4NTExMDk3NDEyOS00MTUz.jpeg', NULL, NULL, NULL, NULL, '2023-05-11 10:38:24.649989', '2023-05-26 14:22:54.710419', 2, 4, 84, 84, '', 't', 55),
('04fc0ae5-c2ad-4efb-be54-031eb6167484', '2020-12-31 16:00:00', 'video', '[{"end": "", "start": ""}]', 'work-photo/04fc0ae5-c2ad-4efb-be54-031eb6167484/5LiL6LyJICgyKS5wbmctMTYzNDU1NDkxNjY5NS04MDA=.png', 'work-photo/04fc0ae5-c2ad-4efb-be54-031eb6167484/5LiL6LyJICgzKS5wbmctMTYzNDU1NDkxOTk2MS0zMzUz.png', 'work-photo/04fc0ae5-c2ad-4efb-be54-031eb6167484/5LiL6LyJLnBuZy0xNjM0NTU0OTIwMDM4LTM5MDQ=.png', 'work-photo/04fc0ae5-c2ad-4efb-be54-031eb6167484/MjAyMTEwMjItRk1BRi1zMTM2LmpwZy0xNjQwMjQ1NjA4MjUzLTQzMjY=.jpeg', 'work-photo/04fc0ae5-c2ad-4efb-be54-031eb6167484/MjAyMTEwMjItRk1BRi1zMTM4LmpwZy0xNjM1MjMyNDQ2ODYzLTM1Njk=.jpeg', NULL, '2021-10-01 06:07:42.543136', '2021-12-29 02:21:52.169754', 2, 3, 7, 7, 'https://youtu.be/R7rf-YrcvAA', 't', 4),
('070a05f9-f323-4dfe-abcc-4ca54f801316', '2012-12-31 16:00:00', '', '[{"end": "", "start": ""}]', 'work-photo/070a05f9-f323-4dfe-abcc-4ca54f801316/cG9zdGVyLmpwZy0xNjg0MjIzMTIyOTYxLTYyMTA=.jpeg', 'work-photo/070a05f9-f323-4dfe-abcc-4ca54f801316/ZnJvbnQuanBnLTE2ODQyMjMxNTMyODUtMzA5.jpeg', NULL, NULL, NULL, NULL, '2023-05-15 07:09:29.933566', '2023-05-30 03:01:32.415113', 2, 4, 99, 99, '', 't', 70),
('0ad5384a-b63b-45cb-a32b-383530bcf5f0', '2019-12-31 16:00:00', '360video', '[{"end": "2021-10-08T12:30:00.000Z", "start": "2021-10-08T12:00:00.000Z"}, {"end": "2021-10-09T12:30:00.000Z", "start": "2021-10-09T12:00:00.000Z"}, {"end": "2021-10-10T12:30:00.000Z", "start": "2021-10-10T12:00:00.000Z"}, {"end": "2021-10-11T12:30:00.000Z", "start": "2021-10-11T12:00:00.000Z"}, {"end": "2021-10-29T11:35:00.000Z", "start": "2021-10-29T11:00:00.000Z"}, {"end": "2021-10-29T12:35:00.000Z", "start": "2021-10-29T12:00:00.000Z"}, {"end": "2021-10-30T11:35:00.000Z", "start": "2021-10-30T11:00:00.000Z"}, {"end": "2021-10-30T12:35:00.000Z", "start": "2021-10-30T12:00:00.000Z"}]', 'work-photo/0ad5384a-b63b-45cb-a32b-383530bcf5f0/TF9hbHRlci1Nb25kZV8wMS5qcGctMTYzMzE2NzMyMDM5Ni03Njc2.jpeg', 'work-photo/0ad5384a-b63b-45cb-a32b-383530bcf5f0/TF9hbHRlci1Nb25kZV8wNC5qcGctMTYzMzE2NzMyMTE0MS00ODQw.jpeg', 'work-photo/0ad5384a-b63b-45cb-a32b-383530bcf5f0/TF9hbHRlci1Nb25kZV8wNS5qcGctMTYzMzE2NzMyMjIzMS02MTEx.jpeg', 'work-photo/0ad5384a-b63b-45cb-a32b-383530bcf5f0/TF9hbHRlci1Nb25kZV8wOC5qcGctMTYzMzE2NzMyMjYyMi02NzI3.jpeg', 'work-photo/0ad5384a-b63b-45cb-a32b-383530bcf5f0/TF9hbHRlci1Nb25kZV8wOS5qcGctMTYzMzE2NzMyMzExNC0yNzE0.jpeg', NULL, '2021-10-02 09:35:19.687556', '2021-10-17 09:24:57.105362', 3, 5, 47, 47, NULL, 't', 25),
('0b01d362-e3ae-43ef-98d5-7e94478d1fe8', '2020-12-31 16:00:00', 'video', '[{"end": "", "start": ""}]', 'work-photo/0b01d362-e3ae-43ef-98d5-7e94478d1fe8/MjAyMTEwMjItRk1BRi1zMTMwLmpwZy0xNjQwMjMwMTU3NTQ5LTM4Mw==.jpeg', 'work-photo/0b01d362-e3ae-43ef-98d5-7e94478d1fe8/5bm75aKD5Ymv5pysMi5qcGctMTYzMjk3OTMyNTE0NC0yMzIx.jpeg', 'work-photo/0b01d362-e3ae-43ef-98d5-7e94478d1fe8/5bm75aKD5Ymv5pysMy5qcGctMTYzMjk3OTMyNjAzOC03MzEx.jpeg', 'work-photo/0b01d362-e3ae-43ef-98d5-7e94478d1fe8/MjAyMTEwMjItRk1BRi1zMTI1LmpwZy0xNjQwMjMwMTU3OTAyLTQwMzY=.jpeg', 'work-photo/0b01d362-e3ae-43ef-98d5-7e94478d1fe8/MjAyMTEwMjItRk1BRi1zMTE5LmpwZy0xNjQwNzQ0NDU2NjgyLTUyMTU=.jpeg', NULL, '2021-09-30 05:22:02.66155', '2021-12-29 02:20:57.993875', 2, 3, 6, 6, 'https://youtu.be/vJ8pA1ofdbk', 't', 3),
('0d46014e-4453-4cac-a2de-de19633c5e0c', '2020-12-31 16:00:00', '360video', '[{"end": "2021-10-15T11:40:00.000Z", "start": "2021-10-15T11:00:00.000Z"}, {"end": "2021-10-15T12:40:00.000Z", "start": "2021-10-15T12:00:00.000Z"}, {"end": "2021-10-16T11:40:00.000Z", "start": "2021-10-16T11:00:00.000Z"}, {"end": "2021-10-16T12:40:00.000Z", "start": "2021-10-16T12:00:00.000Z"}, {"end": "2021-11-07T11:40:00.000Z", "start": "2021-11-07T11:00:00.000Z"}]', 'work-photo/0d46014e-4453-4cac-a2de-de19633c5e0c/MS5qcGctMTYzMzE2ODE3OTY2MC01OTAw.jpeg', 'work-photo/0d46014e-4453-4cac-a2de-de19633c5e0c/Mi5qcGctMTYzMzE2ODE4MzI1Mi04NzYw.jpeg', 'work-photo/0d46014e-4453-4cac-a2de-de19633c5e0c/My5qcGctMTYzMzE2ODE4NTg0OS0yODUy.jpeg', 'work-photo/0d46014e-4453-4cac-a2de-de19633c5e0c/NC5qcGctMTYzMzE2ODE4NzMzMy01Njg1.jpeg', NULL, NULL, '2021-10-02 09:49:38.972495', '2021-10-17 14:20:44.02397', 3, 5, 49, 49, NULL, 't', 27),
('0f1cd1a3-02c5-4667-9de7-968f5830f00c', '2020-12-31 16:00:00', '360video', '[{"end": null, "start": null}]', 'work-photo/0f1cd1a3-02c5-4667-9de7-968f5830f00c/MjAyMTEwMjItRk1BRi0wNDAuanBnLTE2MzUyMzA1MDg3MjYtNzQwMQ==.jpeg', 'work-photo/0f1cd1a3-02c5-4667-9de7-968f5830f00c/MjAyMTEwMjItRk1BRi0wMjEuanBnLTE2MzUyMzA1MDg5MjctNjc1MQ==.jpeg', 'work-photo/0f1cd1a3-02c5-4667-9de7-968f5830f00c/MjAyMTEwMjItRk1BRi0wNDguanBnLTE2MzUyMzAzNjMxNTUtMjYwMA==.jpeg', 'work-photo/0f1cd1a3-02c5-4667-9de7-968f5830f00c/MjAyMTEwMjItRk1BRi0wNTIuanBnLTE2MzUyMzAzNjMxNjUtMzkxNg==.jpeg', 'work-photo/0f1cd1a3-02c5-4667-9de7-968f5830f00c/MjAyMTEwMjItRk1BRi0wNTUuanBnLTE2MzUyMzAzNjMzMDAtODkwNQ==.jpeg', NULL, '2021-09-30 04:59:11.812124', '2021-12-13 06:27:00.728382', 2, 2, 2, 2, 'https://youtu.be/n2AGioUxK3A,https://youtu.be/ISPgBLcew9c,https://youtu.be/Uw_BzmlA-aU,https://youtu.be/2aOGF1tZ3PM,https://youtu.be/9qJecHnH-To,https://youtu.be/QnwPpD9ePCg', 't', 1),
('10bc58ce-4d41-403d-89a1-e14317573272', '2020-12-31 16:00:00', '360video', '[{"end": "2021-10-31T11:45:00.000Z", "start": "2021-10-31T11:00:00.000Z"}, {"end": "2021-10-31T12:45:00.000Z", "start": "2021-10-31T12:00:00.000Z"}]', 'work-photo/10bc58ce-4d41-403d-89a1-e14317573272/MDI0Ny5qcGctMTYzNDQ1OTg0NzgyMi05Mjc4.jpeg', 'work-photo/10bc58ce-4d41-403d-89a1-e14317573272/MDI5Ny5qcGctMTYzNDQ1OTg0ODMwOC00NTY3.jpeg', NULL, NULL, NULL, NULL, '2021-10-02 10:35:55.826688', '2021-10-17 14:18:32.348955', 3, 5, 60, 60, NULL, 't', 37),
('11c2dbd5-f165-4776-8719-465a81def50a', '1978-12-31 16:00:00', '', '[{"end": "", "start": ""}]', 'work-photo/11c2dbd5-f165-4776-8719-465a81def50a/MS4xLjE3XzEuMS4xNy5qcGctMTY4NDIyMjcyMDE5NC01ODM5.jpeg', 'work-photo/11c2dbd5-f165-4776-8719-465a81def50a/MS4xLjZfMS4xLjYuanBnLTE2ODQyMjI3MjAyNTItNDc1MA==.jpeg', 'work-photo/11c2dbd5-f165-4776-8719-465a81def50a/MS4xLjIzXzEuMS4yMy5qcGctMTY4NDIyMjcyMDMxMC02Mjcz.jpeg', 'work-photo/11c2dbd5-f165-4776-8719-465a81def50a/MS4xLjI1XzEuMS4yNS5qcGctMTY4NDIyMjcyMDMxMy04MzM=.jpeg', 'work-photo/11c2dbd5-f165-4776-8719-465a81def50a/MS4xLjMyXzEuMS4zMi5qcGctMTY4NDIyMjcyMDM2OC01OTM3.jpeg', NULL, '2023-05-15 09:05:33.530921', '2023-05-16 07:38:41.99234', 2, 2, 105, 105, '', 't', 76),
('1461cc69-123b-43e3-942b-b145706d0799', '2019-12-31 16:00:00', 'video', '[{"end": "", "start": ""}]', 'work-photo/1461cc69-123b-43e3-942b-b145706d0799/MjAyMTEwMjItRk1BRi1zMjQ0LmpwZy0xNjQxODkyMDQwOTc3LTM5NTI=.jpeg', 'work-photo/1461cc69-123b-43e3-942b-b145706d0799/MjAyMTEwMjItRk1BRi1zMjQ4LmpwZy0xNjQxODkyMDQxMjQ3LTcwMDQ=.jpeg', 'work-photo/1461cc69-123b-43e3-942b-b145706d0799/MjAyMTEwMjItRk1BRi1zMjU4LmpwZy0xNjQxODkyMDQxMzY2LTk0Njc=.jpeg', 'work-photo/1461cc69-123b-43e3-942b-b145706d0799/TWlzaW5mb18wNy5qcGctMTYzMzE2NTQyMzE3My03NDc5.jpeg', 'work-photo/1461cc69-123b-43e3-942b-b145706d0799/MjAyMTEwMjItRk1BRi1zMjUyLmpwZy0xNjQwMzE0NjY0MDgwLTg3MDg=.jpeg', NULL, '2021-10-02 09:03:40.621472', '2022-01-11 09:07:23.463304', 2, 4, 43, 43, NULL, 't', 21),
('19e0236d-35ef-430e-8de2-4e472009d542', '2022-12-31 16:00:00', '', '[{"end": "", "start": ""}]', 'work-photo/19e0236d-35ef-430e-8de2-4e472009d542/5YWJ5b2xXzEuanBnLTE2ODQyMjM5MzM1MTYtMjgw.jpeg', 'work-photo/19e0236d-35ef-430e-8de2-4e472009d542/5YWo5pmvXzEuanBnLTE2ODQyMjM5MzM1ODEtOTY3NQ==.jpeg', 'work-photo/19e0236d-35ef-430e-8de2-4e472009d542/5bGA6YOoXzMuanBnLTE2ODQyMjM5MzM2NDgtODk1OA==.jpeg', 'work-photo/19e0236d-35ef-430e-8de2-4e472009d542/5bGA6YOoXzYuanBnLTE2ODQyMjM5MzM3MTMtMTA1Ng==.jpeg', 'work-photo/19e0236d-35ef-430e-8de2-4e472009d542/5bGA6YOoXzguanBnLTE2ODQyMjM5MzM3MTQtMjYzNA==.jpeg', NULL, '2023-05-15 06:41:36.305204', '2023-05-30 03:04:42.729406', 2, 3, 92, 92, '', 't', 63),
('1ae1a839-6db4-42f8-a6e3-831c59623ca7', '2020-12-31 16:00:00', '360video', '[{"end": "2021-11-26T12:30:00.000Z", "start": "2021-11-26T12:00:00.000Z"}, {"end": "2021-11-27T12:30:00.000Z", "start": "2021-11-27T12:00:00.000Z"}]', 'work-photo/1ae1a839-6db4-42f8-a6e3-831c59623ca7/MDIuU19fMjQxNjY0MTEuanBnLTE2MzMxNzA4MDYzNDgtMzU4Mw==.jpeg', 'work-photo/1ae1a839-6db4-42f8-a6e3-831c59623ca7/MDMuU19fMjQxNjY0MjQuanBnLTE2MzMxNzA4MDY0MTctNTc1Nw==.jpeg', NULL, NULL, NULL, NULL, '2021-10-02 10:29:49.505893', '2021-10-19 00:10:06.452682', 3, 5, 59, 59, NULL, 't', 36),
('1f07b90e-1ea6-49d9-823b-c5eafc0d4312', '2022-12-31 16:00:00', '', '[{"end": "", "start": ""}]', 'work-photo/1f07b90e-1ea6-49d9-823b-c5eafc0d4312/57SZ5bu656+JIFBhcGVyIEFyY2hpdGVjdHVyZV8wNC5qcGctMTY4NTUwNjI2OTk3MS0yNDk=.jpeg', 'work-photo/1f07b90e-1ea6-49d9-823b-c5eafc0d4312/57SZ5bu656+JLVBhcGVyLUFyY2hpdGVjdHVyZV8wMi5qcGctMTY4NDIyMjYzMTc5Ni05ODAx.jpeg', 'work-photo/1f07b90e-1ea6-49d9-823b-c5eafc0d4312/57SZ5bu656+JLVBhcGVyLUFyY2hpdGVjdHVyZV8wMy5qcGctMTY4NDIyMjYzMTg2Ni0zMjA1.jpeg', 'work-photo/1f07b90e-1ea6-49d9-823b-c5eafc0d4312/57SZ5bu656+JIFBhcGVyIEFyY2hpdGVjdHVyZV8wMS5qcGctMTY4NTUwNjI3MTEzMy0yNzk2.jpeg', 'work-photo/1f07b90e-1ea6-49d9-823b-c5eafc0d4312/57SZ5bu656+JLVBhcGVyLUFyY2hpdGVjdHVyZV8wNS5qcGctMTY4NDIyMjYzMTkzNC04NzEy.jpeg', NULL, '2023-05-15 09:10:24.743176', '2023-05-31 04:11:20.434145', 2, 3, 106, 106, '', 't', 77),
('202df326-fcf6-4020-89a2-cfd41410ee3a', '2002-12-31 16:00:00', '', '[{"end": "", "start": ""}]', 'work-photo/202df326-fcf6-4020-89a2-cfd41410ee3a/U0JCXzAzXzIzX0ktTG92ZS1NeXNlbGYtQW5kLVdhbnQtVG8tTGl2ZV9vcmlnaW5hbF9Db3VydGVzeS1vZi10aGUtYXJ0aXN0LmpwZy0xNjg1MTA1MTY3OTQyLTgyNzc=.jpeg', NULL, NULL, NULL, NULL, NULL, '2023-05-15 07:38:02.263117', '2023-05-30 03:00:40.769214', 2, 4, 101, 101, '', 't', 72),
('283de1e0-bfcc-4341-8832-b9c1ea139bc8', '2021-12-31 16:00:00', '', '[{"end": "", "start": ""}]', 'work-photo/283de1e0-bfcc-4341-8832-b9c1ea139bc8/5p2O5ryi5by355qERFZELmpwZy0xNjg0MjIzMjE3MTExLTIyNDE=.jpeg', 'work-photo/283de1e0-bfcc-4341-8832-b9c1ea139bc8/5aSa5aqS6auU6Jed6KGTX1gtZmxpZXMuanBnLTE2ODQyMjMyMTczMTItODM0Ng==.jpeg', 'work-photo/283de1e0-bfcc-4341-8832-b9c1ea139bc8/bmZ0LTAwOC5qcGctMTY4NDIyMzIxNzMxNC0zODgy.jpeg', 'work-photo/283de1e0-bfcc-4341-8832-b9c1ea139bc8/am9obndpY2sxMjM0LSgxKS5qcGctMTY4NDIyMzIxNzM3Ny05OTY5.jpeg', NULL, NULL, '2023-05-15 07:06:39.883594', '2023-05-31 05:10:25.536871', 2, 4, 98, 98, '', 't', 69),
('32e25a27-641a-4fe5-9abd-fa21ce98cf26', '2011-12-31 16:00:00', '', '[{"end": "", "start": ""}]', 'work-photo/32e25a27-641a-4fe5-9abd-fa21ce98cf26/VHJhY2UtIzE2LC1MYWtlLUhheWFtYS0oTWFuby1EYW0pLmpwZy0xNjg1MTc4NzYxMjU0LTYwNjI=.jpeg', 'work-photo/32e25a27-641a-4fe5-9abd-fa21ce98cf26/dDIuanBnLTE2ODUxNzg1OTMyNzctNjc4OQ==.jpeg', 'work-photo/32e25a27-641a-4fe5-9abd-fa21ce98cf26/dDMuanBnLTE2ODUxNzg1OTMzNDItOTgx.jpeg', 'work-photo/32e25a27-641a-4fe5-9abd-fa21ce98cf26/VHJhY2UtIzcsLU5paG9ubWF0c3UtQ2FzdGxlLmpwZy0xNjg1MTc4NzYxMzEzLTMzMDc=.jpeg', 'work-photo/32e25a27-641a-4fe5-9abd-fa21ce98cf26/dDUuanBnLTE2ODUxNzg1OTM0MTItMzg4NQ==.jpeg', NULL, '2023-05-15 06:00:34.620032', '2023-05-30 03:05:26.82189', 2, 3, 89, 89, '', 't', 60),
('3aa18f1f-17cb-4728-9a84-223be3c56c9b', '2013-12-31 16:00:00', '', '[{"end": "", "start": ""}]', 'work-photo/3aa18f1f-17cb-4728-9a84-223be3c56c9b/RlAxLmpwZy0xNjg1MTA5MTgzNTk5LTM5NjI=.jpeg', 'work-photo/3aa18f1f-17cb-4728-9a84-223be3c56c9b/RlAyLmpwZy0xNjg1MTA5MTgzNzg2LTIz.jpeg', 'work-photo/3aa18f1f-17cb-4728-9a84-223be3c56c9b/RlAzLmpwZy0xNjg1MTA5MTgzODUwLTI2OTQ=.jpeg', 'work-photo/3aa18f1f-17cb-4728-9a84-223be3c56c9b/RlA0LmpwZy0xNjg1MTA5MTgzODg4LTM0ODM=.jpeg', 'work-photo/3aa18f1f-17cb-4728-9a84-223be3c56c9b/RlA1LmpwZy0xNjg1MTA5MTgzOTE3LTcxNQ==.jpeg', NULL, '2023-05-12 13:53:27.054528', '2023-05-26 13:53:04.81138', 2, 3, 87, 87, '', 't', 58),
('3e41f2a9-6c5f-4a5d-b15d-100a93868e26', '2019-12-31 16:00:00', 'website', '[{"end": "", "start": ""}]', 'work-photo/3e41f2a9-6c5f-4a5d-b15d-100a93868e26/MjAyMTEwMjItRk1BRi1zMjgzLmpwZy0xNjM1MjM2OTE1ODMzLTE0MQ==.jpeg', 'work-photo/3e41f2a9-6c5f-4a5d-b15d-100a93868e26/6KiY5oa25oiw54it56S65oSP5ZyW77yIIDIg77yJLmpwZy0xNjM0Njk5NTUyOTM2LTk5MTk=.jpeg', 'work-photo/3e41f2a9-6c5f-4a5d-b15d-100a93868e26/6KiY5oa25oiw54it56S65oSP5ZyW77yIIDMg77yJLmpwZy0xNjM0Njk5NTUzNjA1LTQ4ODU=.jpeg', 'work-photo/3e41f2a9-6c5f-4a5d-b15d-100a93868e26/6KiY5oa25oiw54it56S65oSP5ZyW77yIIDQg77yJLmpwZy0xNjM0Njk5NTU0NDU5LTc0Mzk=.jpeg', 'work-photo/3e41f2a9-6c5f-4a5d-b15d-100a93868e26/6KiY5oa25oiw54it56S65oSP5ZyW77yIIDUg77yJLmpwZy0xNjM0Njk5NTU1MTM5LTc5ODg=.jpeg', NULL, '2021-10-02 09:07:21.532567', '2021-10-26 08:28:36.521422', 2, 4, 44, 44, NULL, 't', 22),
('3f60ae5a-cf8b-4eff-9762-5be00ee75c36', '2020-12-31 16:00:00', 'video', '[{"end": "", "start": ""}]', 'work-photo/3f60ae5a-cf8b-4eff-9762-5be00ee75c36/MTAgd2VpZ2h0IFBlcnNldmVyZW5jZSBQMTAwMDAwNi4wMF8yN18xMF8wMC5TdGlsbDAyNy5qcGctMTYzNTE1NDA1OTc4Ny01NDc5.jpeg', 'work-photo/3f60ae5a-cf8b-4eff-9762-5be00ee75c36/MiBXZWlnaHQgUGVyc2V2ZXJlbmNlIGZsaXAgUDEwMDAwMDYuMDBfMjNfMTVfMTUuU3RpbGwwMTAuanBnLTE2MzUxNTQwNjA2OTAtNDg4Mg==.jpeg', 'work-photo/3f60ae5a-cf8b-4eff-9762-5be00ee75c36/NCBXZWlnaHQgUGVyc2V2ZXJlbmNlIFAxMDAwMDA2LjAwXzE2XzM1XzE2LlN0aWxsMDA1LmpwZy0xNjM0NzA1NTgzNTc3LTg3MzA=.jpeg', 'work-photo/3f60ae5a-cf8b-4eff-9762-5be00ee75c36/MjAyMTEwMjItRk1BRi1zMDY1LmpwZy0xNjQwNzQ2MDI0MTYzLTM2NjE=.jpeg', 'work-photo/3f60ae5a-cf8b-4eff-9762-5be00ee75c36/MjAyMTEwMjItRk1BRi1zMDg3LmpwZy0xNjM1MjMxNTY4MzU5LTM0MDA=.jpeg', NULL, '2021-10-01 07:08:35.18871', '2021-12-29 02:47:05.490316', 2, 2, 8, 8, 'https://youtu.be/v79UnUDfMyY', 't', 5),
('4b9ed60d-a673-4656-9f51-6afa40640604', '2020-12-31 16:00:00', '360video', '[{"end": "2021-11-12T12:30:00.000Z", "start": "2021-11-12T12:00:00.000Z"}, {"end": "2021-11-12T13:30:00.000Z", "start": "2021-11-12T13:00:00.000Z"}, {"end": "2021-11-13T12:30:00.000Z", "start": "2021-11-13T12:00:00.000Z"}, {"end": "2021-11-13T13:30:00.000Z", "start": "2021-11-13T13:00:00.000Z"}, {"end": "2021-11-14T12:30:00.000Z", "start": "2021-11-14T12:00:00.000Z"}, {"end": "2021-11-14T13:30:00.000Z", "start": "2021-11-14T13:00:00.000Z"}]', 'work-photo/4b9ed60d-a673-4656-9f51-6afa40640604/RzFfMDA1LmpwZWctMTYzMzE3MDA2MTMwMC01NjEy.jpeg', 'work-photo/4b9ed60d-a673-4656-9f51-6afa40640604/RzFfMDA3LmpwZWctMTYzMzE3MDA2MzIwNy03MTMx.jpeg', 'work-photo/4b9ed60d-a673-4656-9f51-6afa40640604/RzFfMDA5LmpwZWctMTYzMzE3MDA2Mzc5MS03NDIz.jpeg', 'work-photo/4b9ed60d-a673-4656-9f51-6afa40640604/UjMtUkUtMV8wMDIuanBlZy0xNjMzMTcwMDY0NDAwLTUxMQ==.jpeg', 'work-photo/4b9ed60d-a673-4656-9f51-6afa40640604/UjMtUkUtMV8wMDQuanBlZy0xNjMzMTcwMDY1NDM3LTIyNg==.jpeg', NULL, '2021-10-02 10:21:00.622459', '2021-10-17 14:19:36.354975', 3, 5, 56, 56, NULL, 't', 33),
('4f45dc9e-e0a4-41d8-a010-d017a3f8f402', '2020-12-31 16:00:00', '360video', '[{"end": "2021-10-08T11:45:00.000Z", "start": "2021-10-08T11:00:00.000Z"}, {"end": "2021-10-09T11:45:00.000Z", "start": "2021-10-09T11:00:00.000Z"}, {"end": "2021-10-10T11:45:00.000Z", "start": "2021-10-10T11:00:00.000Z"}, {"end": "2021-10-11T11:45:00.000Z", "start": "2021-10-11T11:00:00.000Z"}, {"end": "2021-11-07T12:45:00.000Z", "start": "2021-11-07T12:00:00.000Z"}]', 'work-photo/4f45dc9e-e0a4-41d8-a010-d017a3f8f402/U2NyZWVuc2hvdCAyMDIxLTA4LTEyIDE5NTM1NS5qcGctMTYzMzE2NjE5MjAxMC01NDE4.jpeg', 'work-photo/4f45dc9e-e0a4-41d8-a010-d017a3f8f402/ZG9tZTgucG5nLTE2MzMxNjYxOTIyNjUtODMzNQ==.png', 'work-photo/4f45dc9e-e0a4-41d8-a010-d017a3f8f402/MjQxNTQ5NDcxXzEwMjE1ODMxOTUxNTkyMjEyXzQ3NjkwMzI1MzQxMDM3ODAzNl9uLmpwZy0xNjMzMTY2MTk3NjEwLTg5MTA=.jpeg', 'work-photo/4f45dc9e-e0a4-41d8-a010-d017a3f8f402/U2NyZWVuc2hvdCAyMDIxLTA5LTE0IDEwMjcxMS5qcGctMTYzMzE2NjE5NzY2My03MzE0.jpeg', 'work-photo/4f45dc9e-e0a4-41d8-a010-d017a3f8f402/ZG9tZTMucG5nLTE2MzMxNjYxOTgwMjUtNTUxMw==.png', NULL, '2021-10-02 09:16:31.316188', '2021-10-17 14:21:21.060526', 3, 5, 45, 45, NULL, 't', 23),
('50b7bab1-0959-46f1-bc9b-c8f427b8a8c6', '2020-12-31 16:00:00', 'video', '[{"end": "", "start": ""}]', 'work-photo/50b7bab1-0959-46f1-bc9b-c8f427b8a8c6/KDIpQTFfMDA1LmpwZWctMTYzMzE2MjAxNzE5My0zMzA5.jpeg', 'work-photo/50b7bab1-0959-46f1-bc9b-c8f427b8a8c6/MjAyMTEwMjItRk1BRi1zMjc0LmpwZy0xNjQwNzQ1NDk4OTQ2LTgwNjE=.jpeg', 'work-photo/50b7bab1-0959-46f1-bc9b-c8f427b8a8c6/MjAyMTEwMjItRk1BRi1zMjc2LmpwZy0xNjQwNzQ1NDk5MjcwLTY5OTE=.jpeg', 'work-photo/50b7bab1-0959-46f1-bc9b-c8f427b8a8c6/UzRfMDAxLmpwZWctMTYzMzE2MjAyMTQ5Ny02NTQ0.jpeg', 'work-photo/50b7bab1-0959-46f1-bc9b-c8f427b8a8c6/KDIpQTFfMDA4LmpwZWctMTYzMzE2MjAyMzM5Mi0zMzcx.jpeg', NULL, '2021-10-02 08:06:56.514558', '2021-12-29 02:38:20.725052', 2, 4, 33, 33, NULL, 't', 14),
('522a4664-be3d-4291-9c73-f29312a4764b', '2020-12-31 16:00:00', '360video', '[{"end": "2021-11-12T12:30:00.000Z", "start": "2021-11-12T12:00:00.000Z"}, {"end": "2021-11-12T13:30:00.000Z", "start": "2021-11-12T13:00:00.000Z"}, {"end": "2021-11-13T12:30:00.000Z", "start": "2021-11-13T12:00:00.000Z"}, {"end": "2021-11-13T13:30:00.000Z", "start": "2021-11-13T13:00:00.000Z"}, {"end": "2021-11-14T12:30:00.000Z", "start": "2021-11-14T12:00:00.000Z"}, {"end": "2021-11-14T13:30:00.000Z", "start": "2021-11-14T13:00:00.000Z"}]', 'work-photo/522a4664-be3d-4291-9c73-f29312a4764b/5L2c5ZOB5qaC5b+154Wn54mH5LmL5LiALmpwZy0xNjMzMTY5ODgyNzYzLTY3MjQ=.jpeg', 'work-photo/522a4664-be3d-4291-9c73-f29312a4764b/5L2c5ZOB5qaC5b+154Wn54mH5LmL5LqMLmpwZy0xNjMzMTY5ODgzNDQyLTMwNTY=.jpeg', 'work-photo/522a4664-be3d-4291-9c73-f29312a4764b/5L2c5ZOB5qaC5b+154Wn54mH5LmL5LiJLmpwZy0xNjMzMTY5ODg0MDM3LTgwNzI=.jpeg', NULL, NULL, NULL, '2021-10-02 10:18:02.070862', '2021-10-17 14:19:45.835478', 3, 5, 55, 55, NULL, 't', 32),
('527c7177-a7f7-48a9-9936-6fc4e3560c92', '2017-12-31 16:00:00', 'video', '[{"end": "", "start": ""}]', 'work-photo/527c7177-a7f7-48a9-9936-6fc4e3560c92/MjAyMTEwMjItRk1BRi1zMTk1LmpwZy0xNjM1MjMzOTI0OTEyLTExMDI=.jpeg', 'work-photo/527c7177-a7f7-48a9-9936-6fc4e3560c92/MjAyMTEwMjItRk1BRi1zMTk0LmpwZy0xNjM1MjMzOTI1MjUyLTI3MDU=.jpeg', 'work-photo/527c7177-a7f7-48a9-9936-6fc4e3560c92/MjAyMTEwMjItRk1BRi1zMTk5LmpwZy0xNjM1MjMzOTI1MzI3LTg0ODQ=.jpeg', 'work-photo/527c7177-a7f7-48a9-9936-6fc4e3560c92/MjAyMTEwMjItRk1BRi1zMTk2LmpwZy0xNjM1MjMzOTI1NDAyLTY2ODk=.jpeg', 'work-photo/527c7177-a7f7-48a9-9936-6fc4e3560c92/bWVhbmRlcmluZ1JpdmVyX0Z1bmtoYXVzMDkuanBnLTE2MzMxNjI2NDE0MzItMzM4Nw==.jpeg', NULL, '2021-10-02 08:17:20.203228', '2021-10-26 07:38:45.866119', 2, 4, 34, 34, 'https://youtu.be/4MOiO3obI4s', 't', 15),
('52fed5b3-30c8-4e96-ad3a-60edf79eba6e', '2022-12-31 16:00:00', '', '[{"end": "", "start": ""}]', 'work-photo/52fed5b3-30c8-4e96-ad3a-60edf79eba6e/SU1HXzIxODEuanBnLTE2ODU4NjU3MTI2NjAtODY5OQ==.jpeg', 'work-photo/52fed5b3-30c8-4e96-ad3a-60edf79eba6e/dGh1bWJuYWlsX0RTQzAxMTQwYmJiLmpwZy0xNjg1MTA2NDQ2NTkxLTE0MDE=.jpeg', 'work-photo/52fed5b3-30c8-4e96-ad3a-60edf79eba6e/dGh1bWJuYWlsX0RTQzAxMTE3LmpwZy0xNjg1ODY1NzEzMjM2LTE1NjI=.jpeg', NULL, NULL, NULL, '2023-05-15 07:45:48.300608', '2023-06-04 08:01:55.706842', 2, 44, 103, 103, '', 't', 74),
('58d15c21-7348-4e16-9de9-61f2f9ce9b6a', '2020-12-31 16:00:00', 'video', '[{"end": "", "start": ""}]', 'work-photo/58d15c21-7348-4e16-9de9-61f2f9ce9b6a/MjAyMTEwMjItRk1BRi1zMjI3LmpwZy0xNjM1MjM2MzYwMDM4LTg0ODM=.jpeg', 'work-photo/58d15c21-7348-4e16-9de9-61f2f9ce9b6a/MjAyMTEwMjItRk1BRi1zMjI5LmpwZy0xNjM1MjM2MzYwMzgxLTg0NDE=.jpeg', 'work-photo/58d15c21-7348-4e16-9de9-61f2f9ce9b6a/MjAyMTEwMjItRk1BRi1zMjI2LmpwZy0xNjM1MjM2MzYwNTc3LTkxMDI=.jpeg', 'work-photo/58d15c21-7348-4e16-9de9-61f2f9ce9b6a/VEZOIOeVq+mdoi5wbmctMTYzNTIzNjM2MDY3Mi04OTkx.png', NULL, NULL, '2021-10-02 08:58:50.329455', '2021-11-04 10:51:21.807872', 2, 4, 42, 42, 'https://youtu.be/Ou0hHeQtwAY', 't', 20),
('5a3c4cab-f3ec-46e5-982f-32e49ee9599e', '2020-12-31 16:00:00', 'video', '[{"end": "", "start": ""}]', 'work-photo/5a3c4cab-f3ec-46e5-982f-32e49ee9599e/MjAyMTEwMjItRk1BRi1zMTQ4LmpwZy0xNjQwNzQwMDMzODQ5LTY2ODI=.jpeg', 'work-photo/5a3c4cab-f3ec-46e5-982f-32e49ee9599e/MjAyMTEwMjItRk1BRi1zMTUzLmpwZy0xNjM1MjMzNTE0MDE5LTk0OTk=.jpeg', 'work-photo/5a3c4cab-f3ec-46e5-982f-32e49ee9599e/MjAyMTEwMjItRk1BRi1zMTYxLmpwZy0xNjM1MjMzNTE0MzI1LTc3NjU=.jpeg', 'work-photo/5a3c4cab-f3ec-46e5-982f-32e49ee9599e/MjAyMTEwMjItRk1BRi1zMTQzLmpwZy0xNjQwNzQ0Nzk1MDcxLTQ2NDA=.jpeg', NULL, NULL, '2021-10-20 04:00:06.008034', '2021-12-29 02:26:36.378433', 2, 3, 63, 63, NULL, 't', 39),
('5bc68d5b-960a-4a13-838d-f344c5ee2930', '2020-12-31 16:00:00', 'video', '[{"end": "", "start": ""}]', 'work-photo/5bc68d5b-960a-4a13-838d-f344c5ee2930/MjAyMTEwMjItRk1BRi1zMDk5LmpwZy0xNjQwNzQ0MjE2MzM2LTM2MTE=.jpeg', 'work-photo/5bc68d5b-960a-4a13-838d-f344c5ee2930/6K6T5oiR5L+u5aW95L2gLm1wNF9zbmFwc2hvdF8wMS4wOF9bMjAyMS4wOS4xNF8wOS4wMi4wN10ucG5nLTE2MzQ3MTk4ODU5OTEtMzEwNA==.png', 'work-photo/5bc68d5b-960a-4a13-838d-f344c5ee2930/6K6T5oiR5L+u5aW95L2gLm1wNF9zbmFwc2hvdF8wMi4xOV9bMjAyMS4wOS4xNF8wOS4wNC4zOV0ucG5nLTE2MzQ3MTk4ODYzNzUtMjAy.png', 'work-photo/5bc68d5b-960a-4a13-838d-f344c5ee2930/MjAyMTEwMjItRk1BRi1zMDk3LmpwZy0xNjQwNzQ0MjE2NjY4LTM2NzI=.jpeg', 'work-photo/5bc68d5b-960a-4a13-838d-f344c5ee2930/MjAyMTEwMjItRk1BRi1zMDk4LmpwZy0xNjM1MjMxODA3MzEzLTEwOTU=.jpeg', NULL, '2021-09-30 05:09:12.808449', '2021-12-29 02:16:58.108601', 2, 2, 5, 5, 'https://youtu.be/dxN6X7ha-9I,https://youtu.be/vpAolLqf-6Q', 't', 2),
('5bccfe12-e463-43e0-81d8-f47f9e435300', '2020-12-31 16:00:00', 'video', '[{"end": "", "start": ""}]', 'work-photo/5bccfe12-e463-43e0-81d8-f47f9e435300/SW5zdGFsbGF0aW9uIHZpZXcgMS5wbmctMTYzMzE2NDkxNDYwOC02Mjg=.png', 'work-photo/5bccfe12-e463-43e0-81d8-f47f9e435300/SW5zdGFsbGF0aW9uIHZpZXcgY2xvc2V1cC5wbmctMTYzMzE2NDkxNTMzNi00ODc3.png', 'work-photo/5bccfe12-e463-43e0-81d8-f47f9e435300/SW5zdGFsbGF0aW9uIHZpZXcgd2l0aCBwYXJ0aWNwYW50LnBuZy0xNjMzMTY0OTE2NjIzLTkzOA==.png', 'work-photo/5bccfe12-e463-43e0-81d8-f47f9e435300/MjAyMTEwMjItRk1BRi1zMjAwLmpwZy0xNjQwMzEzOTMyNTU3LTYzMTY=.jpeg', 'work-photo/5bccfe12-e463-43e0-81d8-f47f9e435300/VGVzdGluZyBkaXNwbGF5IHNjcmVlbi5wbmctMTYzMzE2NDkxNzI5My01MTY0.png', NULL, '2021-10-02 08:55:13.894657', '2021-12-24 02:45:34.080529', 2, 4, 41, 41, 'https://youtu.be/JYk29WwmtSw', 't', 19),
('6034710e-bb63-4dd9-8ae5-6061008753a1', '2019-12-31 16:00:00', 'video', '[{"end": "", "start": ""}]', 'work-photo/6034710e-bb63-4dd9-8ae5-6061008753a1/MjAyMTEwMjItRk1BRi1zMjYyLmpwZy0xNjM1MjM2ODA5MzM1LTIzMDY=.jpeg', 'work-photo/6034710e-bb63-4dd9-8ae5-6061008753a1/VGhlRHJ1bS5wbmctMTYzNTE1MzQ0ODU1Mi03NTU1.png', 'work-photo/6034710e-bb63-4dd9-8ae5-6061008753a1/MjAyMTEwMjItRk1BRi1zMjYxLmpwZy0xNjQwNzQ1MjM0MjE0LTQxNTM=.jpeg', 'work-photo/6034710e-bb63-4dd9-8ae5-6061008753a1/YmlnLWRhZGEta2ltLnBuZy0xNjM1MTUzNDQ4ODQzLTg0MTk=.png', 'work-photo/6034710e-bb63-4dd9-8ae5-6061008753a1/MjAyMTEwMjItRk1BRi1zMjY0LmpwZy0xNjQwNzQ1MjM0NTUzLTQxMDg=.jpeg', NULL, '2021-10-20 09:37:08.962143', '2021-12-29 02:33:55.981297', 2, 4, 64, 64, NULL, 't', 40),
('6162e143-f315-4a45-a9b4-830c8b3d8704', '2022-12-31 16:00:00', '', '[{"end": "", "start": ""}]', 'work-photo/6162e143-f315-4a45-a9b4-830c8b3d8704/5pyq5ZG95ZCNLTEuanBnLTE2ODQyMjUyMDE2NzItMjM0Ng==.jpeg', 'work-photo/6162e143-f315-4a45-a9b4-830c8b3d8704/5pyq5ZG95ZCNLTIuanBnLTE2ODQyMjUyNjU5MzgtMzI5Nw==.jpeg', 'work-photo/6162e143-f315-4a45-a9b4-830c8b3d8704/5pyq5ZG95ZCNLTMuanBnLTE2ODQyMjUyNjU5OTQtOTkyMw==.jpeg', NULL, NULL, NULL, '2023-05-15 09:18:14.014309', '2023-06-30 05:40:50.094192', 2, 43, 107, 107, '', 't', 78),
('6419c162-e95d-4559-9fd5-44bba0c6ac43', '2020-12-31 16:00:00', 'p5.js', '[{"end": "", "start": ""}]', 'work-photo/6419c162-e95d-4559-9fd5-44bba0c6ac43/c3RnX2V4YW1wbGU1LTAucG5nLTE2MzMxNjEzOTAzMzMtODg2Mw==.png', 'work-photo/6419c162-e95d-4559-9fd5-44bba0c6ac43/c3RnX2V4YW1wbGUyLTAucG5nLTE2MzMxNjE0MTY5NzktOTM5Mw==.png', 'work-photo/6419c162-e95d-4559-9fd5-44bba0c6ac43/MjAyMTEwMjItRk1BRi1zMjM0LmpwZy0xNjM1MjM2NTc5MDg4LTY3NDI=.jpeg', 'work-photo/6419c162-e95d-4559-9fd5-44bba0c6ac43/c3RnX2V4YW1wbGUzLTEucG5nLTE2MzMxNjE0MzY2MjYtNTM5Mg==.png', 'work-photo/6419c162-e95d-4559-9fd5-44bba0c6ac43/MjAyMTEwMjItRk1BRi1zMjM3LmpwZy0xNjM1MjM2NTc5Mzk5LTk1Mjg=.jpeg', 'work-file/6419c162-e95d-4559-9fd5-44bba0c6ac43/210914_kielm_cLab/index.html', '2021-10-02 07:56:29.576738', '2021-12-09 08:03:01.234097', 2, 4, 31, 31, 'https://youtu.be/TRFf5dDBeas', 't', 12),
('65c79dad-0b3e-4d01-9b56-34006387dc7a', '2022-12-31 16:00:00', '', '[{"end": "", "start": ""}]', 'work-photo/65c79dad-0b3e-4d01-9b56-34006387dc7a/Y2hlaHNpXzEtKDEpLmpwZy0xNjg0MjIyOTI1NzkxLTY2MDk=.jpeg', 'work-photo/65c79dad-0b3e-4d01-9b56-34006387dc7a/Y2hlaHNpXzEtKDIpLmpwZy0xNjg0MjIyOTI1OTY3LTIzMjM=.jpeg', 'work-photo/65c79dad-0b3e-4d01-9b56-34006387dc7a/Y2hlaHNpXzEtKDMpLmpwZy0xNjg0MjIyOTI2MDI1LTU0Mjg=.jpeg', 'work-photo/65c79dad-0b3e-4d01-9b56-34006387dc7a/Y2hlaHNpXzEtKDQpLmpwZy0xNjg0MjIyOTI2MDMyLTQyMw==.jpeg', 'work-photo/65c79dad-0b3e-4d01-9b56-34006387dc7a/Y2hlaHNpXzEtKDUpLmpwZy0xNjg0MjIyOTI2MTQ0LTM5NzQ=.jpeg', NULL, '2023-05-15 07:42:41.337828', '2023-05-30 03:01:44.984209', 2, 44, 102, 102, '', 't', 73),
('65ea43a0-fdcf-494f-8f4c-f154c3157004', '2020-12-31 16:00:00', 'video', '[{"end": "", "start": ""}]', 'work-photo/65ea43a0-fdcf-494f-8f4c-f154c3157004/MjAyMTEwMjItRk1BRi1zMjI0LmpwZy0xNjM1MjM0NzY5MTc1LTQ4NDI=.jpeg', 'work-photo/65ea43a0-fdcf-494f-8f4c-f154c3157004/MjAyMTEwMjItRk1BRi1zMjE5LmpwZy0xNjM1MjM0NzY5NTY3LTQ4Njc=.jpeg', 'work-photo/65ea43a0-fdcf-494f-8f4c-f154c3157004/MjAyMTEwMjItRk1BRi1zMjIwLmpwZy0xNjM1MjM0NzA5MzI1LTY3MDI=.jpeg', 'work-photo/65ea43a0-fdcf-494f-8f4c-f154c3157004/YW5ob25fc29mdG1hY2hpbmVfcGVyZm9ybWFuY2UtMDIuanBnLTE2MzMxNjMzMzMzMDUtOTg3Mw==.jpeg', 'work-photo/65ea43a0-fdcf-494f-8f4c-f154c3157004/YW5ob25fc29mdG1hY2hpbmVfcGVyZm9ybWFuY2UtMDcuanBnLTE2MzMxNjMzMzgxMDMtNTg5Mw==.jpeg', NULL, '2021-10-02 08:28:48.681578', '2021-11-04 10:59:08.819912', 2, 4, 35, 35, 'https://youtu.be/elWGMaPZnC4', 't', 16),
('6ac46d5e-1b4f-4c24-9658-e42339c0d91d', '2019-12-31 16:00:00', 'video', '[{"end": "", "start": ""}]', 'work-photo/6ac46d5e-1b4f-4c24-9658-e42339c0d91d/QmF0dGxlcyAgU3VnYXIgRm9vdCAoNSkucG5nLTE2MzMxNTUzMjYzNzYtNjc=.png', 'work-photo/6ac46d5e-1b4f-4c24-9658-e42339c0d91d/QmF0dGxlcyAgU3VnYXIgRm9vdCAoNikucG5nLTE2MzMxNTUzMjY4MjAtOTk0NA==.png', 'work-photo/6ac46d5e-1b4f-4c24-9658-e42339c0d91d/QmF0dGxlcyAgU3VnYXIgRm9vdCAoMSkucG5nLTE2MzMxNTUzMjgxMjYtOTg4Nw==.png', 'work-photo/6ac46d5e-1b4f-4c24-9658-e42339c0d91d/MjAyMTEwMjItRk1BRi1zMTA1LmpwZy0xNjQwMjQ2MTA5Njc1LTk2ODE=.jpeg', 'work-photo/6ac46d5e-1b4f-4c24-9658-e42339c0d91d/MjAyMTEwMjItRk1BRi1zMTA4LmpwZy0xNjM1MjMxOTYxNjAxLTIxOTc=.jpeg', NULL, '2021-10-02 06:15:25.674894', '2021-12-23 07:55:11.173462', 2, 2, 13, 13, 'https://youtu.be/mTLY7kggsTw', 't', 6),
('72a9f399-be00-4a07-93ef-6ea2c9a0f685', '2018-12-31 16:00:00', 'video', '[{"end": "", "start": ""}]', 'work-photo/72a9f399-be00-4a07-93ef-6ea2c9a0f685/QUlET0xfUE9TVEVSX1NRVUFSRV80MDk2eDQwOTZfaGlnaF9xdWFsaXR5LmpwZWctMTYzMzE1NjYyNDY3MS05ODA0.jpeg', 'work-photo/72a9f399-be00-4a07-93ef-6ea2c9a0f685/QUlET0xfUE9TVEVSLUxBTkRTQ0FQRS1DUkVESVRTXzRrX2hpZ2hfcXVhbGl0eS5qcGVnLTE2MzMxNTY2MjY2NzMtMzE0Nw==.jpeg', 'work-photo/72a9f399-be00-4a07-93ef-6ea2c9a0f685/QUlET0wtU2NyZWVuc2hvdF8wMl9MTF80a19oaWdoX3F1YWxpdHkuanBlZy0xNjMzMTU2NjI3NjA0LTU1ODM=.jpeg', 'work-photo/72a9f399-be00-4a07-93ef-6ea2c9a0f685/QUlET0wtU2NyZWVuc2hvdF8wMl9MTF9oaWdoX3F1YWxpdHkuanBlZy0xNjMzMTU2NjI4NTA0LTkxODE=.jpeg', 'work-photo/72a9f399-be00-4a07-93ef-6ea2c9a0f685/MjAyMTEwMjItRk1BRi1zMTEzLmpwZy0xNjQwMjQ3NTgyMTE0LTk0ODg=.jpeg', NULL, '2021-10-02 06:37:03.96929', '2021-12-23 08:19:43.786701', 2, 3, 15, 15, 'https://youtu.be/Xmc5uC-Ehxc', 't', 8),
('730e8814-1bec-46ea-806f-da40569200d9', '2019-12-31 16:00:00', '', '[{"end": "", "start": ""}]', 'work-photo/730e8814-1bec-46ea-806f-da40569200d9/aHYxLmpwZy0xNjg1MTc1MzIzNjk1LTEwOTk=.jpeg', 'work-photo/730e8814-1bec-46ea-806f-da40569200d9/aHYyLmpwZy0xNjg1MTc1MzIzODIzLTU2MDE=.jpeg', 'work-photo/730e8814-1bec-46ea-806f-da40569200d9/aHYzLmpwZy0xNjg1MTc1MzIzODg4LTQ4MTk=.jpeg', 'work-photo/730e8814-1bec-46ea-806f-da40569200d9/aHY0LmpwZy0xNjg1MTc1MzIzOTUwLTQ1Nzk=.jpeg', 'work-photo/730e8814-1bec-46ea-806f-da40569200d9/aHY1LmpwZy0xNjg1MTc1MzI0MDE4LTcyNjg=.jpeg', NULL, '2023-05-15 07:47:26.296814', '2023-05-30 02:59:58.53955', 2, 44, 104, 104, '', 't', 75),
('73f7873a-fbbc-4edc-9f7a-48cc553cf5b3', '2022-12-31 16:00:00', '', '[{"end": "", "start": ""}]', 'work-photo/73f7873a-fbbc-4edc-9f7a-48cc553cf5b3/Y3kxLmpwZy0xNjg1MTc4MDg4NzcwLTU0OTg=.jpeg', 'work-photo/73f7873a-fbbc-4edc-9f7a-48cc553cf5b3/Y3kyLmpwZy0xNjg1MTc4MDg4ODg1LTIwNTI=.jpeg', 'work-photo/73f7873a-fbbc-4edc-9f7a-48cc553cf5b3/Y3kzLmpwZy0xNjg1MTc4MDg4OTQ0LTE1ODY=.jpeg', 'work-photo/73f7873a-fbbc-4edc-9f7a-48cc553cf5b3/NS5qcGctMTY4NTE3ODE3MTQ4Ni02NjEx.jpeg', 'work-photo/73f7873a-fbbc-4edc-9f7a-48cc553cf5b3/Ni5qcGctMTY4NTE3ODE3MTY0NC0yOTk1.jpeg', NULL, '2023-05-11 03:08:10.200641', '2023-05-27 09:02:52.829929', 2, 2, 79, 79, '', 't', 50),
('7417b668-6e82-4329-88b3-34680756e8c1', '2020-12-31 16:00:00', '360video', '[{"end": "2021-11-19T11:30:00.000Z", "start": "2021-11-19T11:00:00.000Z"}, {"end": "2021-11-19T12:30:00.000Z", "start": "2021-11-19T12:00:00.000Z"}, {"end": "2021-11-20T11:30:00.000Z", "start": "2021-11-20T11:00:00.000Z"}, {"end": "2021-11-20T12:30:00.000Z", "start": "2021-11-20T12:00:00.000Z"}]', 'work-photo/7417b668-6e82-4329-88b3-34680756e8c1/SU5ORVJTVEFSIDAxIF8gUmVkZGVuaW5nLTEucG5nLTE2MzMxNzAyMDk3MjUtNTkzMQ==.png', 'work-photo/7417b668-6e82-4329-88b3-34680756e8c1/SU5ORVJTVEFSIDAxIF8gUmVkZGVuaW5nLTIucG5nLTE2MzMxNzAyMTI3MTQtNjUyOA==.png', NULL, NULL, NULL, NULL, '2021-10-02 10:23:29.036797', '2021-10-17 14:19:25.061757', 3, 5, 57, 57, NULL, 't', 34),
('75e6568d-3267-40e2-bd82-92749a9aaf98', '2009-12-31 16:00:00', '', '[{"end": "", "start": ""}]', 'work-photo/75e6568d-3267-40e2-bd82-92749a9aaf98/ZGMxLmpwZy0xNjg1MTA5NzQyOTAwLTY3MzA=.jpeg', 'work-photo/75e6568d-3267-40e2-bd82-92749a9aaf98/ZGMyLmpwZy0xNjg1MTA5NzQzMDkxLTIyMzM=.jpeg', 'work-photo/75e6568d-3267-40e2-bd82-92749a9aaf98/ZGMzLmpwZy0xNjg1MTA5NzQzMTUyLTcwNjI=.jpeg', NULL, NULL, NULL, '2023-05-15 06:53:06.839895', '2023-05-30 03:02:41.613151', 2, 4, 95, 95, '', 't', 66),
('814e1151-4ad3-4847-b8ba-7aa5d7083318', '2008-12-31 16:00:00', '', '[{"end": "", "start": ""}]', 'work-photo/814e1151-4ad3-4847-b8ba-7aa5d7083318/ZmF0aGVyLTAzMi5qcGctMTY4NDIyMzM1Njc4NS01OTky.jpeg', 'work-photo/814e1151-4ad3-4847-b8ba-7aa5d7083318/ZmF0aGVyLTAzMWIuanBnLTE2ODUxMDY4NjQxNzEtOTA2Mg==.jpeg', 'work-photo/814e1151-4ad3-4847-b8ba-7aa5d7083318/ZmF0aGVyLTAyNy5qcGctMTY4NDIyMzM1Njg5OS03OTM4.jpeg', 'work-photo/814e1151-4ad3-4847-b8ba-7aa5d7083318/ZmF0aGVyLTAyMmIuanBnLTE2ODUxMDY4NjQyODUtMTk4MQ==.jpeg', 'work-photo/814e1151-4ad3-4847-b8ba-7aa5d7083318/ZmF0aGVyLTAwMmIuanBnLTE2ODUxMDY4NjQzNDAtNzcwMg==.jpeg', NULL, '2023-05-15 06:56:25.920442', '2023-05-30 03:02:28.430916', 2, 4, 96, 96, '', 't', 67),
('82096081-d936-4366-9565-310bfd0bf5f6', '2019-12-31 16:00:00', 'video', '[{"end": "", "start": ""}]', 'work-photo/82096081-d936-4366-9565-310bfd0bf5f6/MkxfRHJpZnRpbmdDaXR5X1NjcmVlbnNob3RfMy5qcGctMTYzNTEyOTY5NzE0MC01Nzg1.jpeg', 'work-photo/82096081-d936-4366-9565-310bfd0bf5f6/MkxfRHJpZnRpbmdDaXR5X1NjcmVlbnNob3RfNC5qcGctMTYzNTEyOTY5NzUzNS00Mzg0.jpeg', 'work-photo/82096081-d936-4366-9565-310bfd0bf5f6/M19EcmlmdGluZ0NpdHlfaW5zdGFsbGF0aW9uXzIuanBnLTE2MzUxMjk2OTc2NzUtNzgzMA==.jpeg', 'work-photo/82096081-d936-4366-9565-310bfd0bf5f6/M19EcmlmdGluZ0NpdHlfaW5zdGFsbGF0aW9uXzEuanBnLTE2MzUxMjk2OTc5OTUtOTgxNQ==.jpeg', NULL, NULL, '2021-10-25 02:41:36.432683', '2022-01-10 03:18:26.572529', 2, 3, 73, 73, '', 't', 44),
('87db0364-e198-4abb-b4e9-d6c3c70ebd68', '2020-12-31 16:00:00', '360video', '[{"end": "2021-10-22T13:00:00.000Z", "start": "2021-10-22T11:00:00.000Z"}, {"end": "2021-10-23T13:00:00.000Z", "start": "2021-10-23T11:00:00.000Z"}]', 'work-photo/87db0364-e198-4abb-b4e9-d6c3c70ebd68/X+WEquWFiOS9v+eUqOmAmeW8tV9GVkwtMDEuanBnLTE2MzMxNjg0NDM0MTYtNjkxOQ==.jpeg', 'work-photo/87db0364-e198-4abb-b4e9-d6c3c70ebd68/RFNDXzMyNjQuanBlZy0xNjMzMTY4NDQzNzYwLTY5NjE=.jpeg', 'work-photo/87db0364-e198-4abb-b4e9-d6c3c70ebd68/RFNDXzMzMjcuanBlZy0xNjMzMTY4NDUwMzYwLTE4NTA=.jpeg', NULL, NULL, NULL, '2021-10-02 09:54:02.731178', '2021-10-17 14:20:25.748065', 3, 5, 51, 51, NULL, 't', 28),
('8922314f-686a-45b8-8c52-3d337d43f28c', '2020-12-31 16:00:00', '360video', '[{"end": "2021-11-05T13:00:00.000Z", "start": "2021-11-05T11:00:00.000Z"}, {"end": "2021-11-06T13:00:00.000Z", "start": "2021-11-06T11:00:00.000Z"}]', 'work-photo/8922314f-686a-45b8-8c52-3d337d43f28c/Zmxlc2hfZ29kc190aGVtZS1uZXctMDEuanBnLTE2MzMxNjk3MDc5MjUtNzgxMQ==.jpeg', NULL, NULL, NULL, NULL, NULL, '2021-10-02 10:15:07.206469', '2021-10-17 14:19:53.695261', 3, 5, 54, 54, NULL, 't', 31),
('952e9883-fbbd-4e50-a582-15a34877ed0f', '2014-12-31 16:00:00', 'video', '[{"end": "", "start": ""}]', 'work-photo/952e9883-fbbd-4e50-a582-15a34877ed0f/VGhlIFdheXMgb2YgRm9sZGluZyBTcGFjZSBhbmQgRmx5aW5nLiAyMDE1LiBEdXJhdGlvbiAxNW1pbiAzMCBzZWMuIEhEIEZpbG0gSW5zdGFsbGF0aW9uIHdpdGggc291bmQuIMKpIE1PT04gS3l1bmd3b24gXyBKRU9OIEpvb25obygxKS5qcGctMTYzMzE1ODI2MDA2Ni0xNDg2.jpeg', 'work-photo/952e9883-fbbd-4e50-a582-15a34877ed0f/VGhlIFdheXMgb2YgRm9sZGluZyBTcGFjZSBhbmQgRmx5aW5nLiAyMDE1LiBEdXJhdGlvbiAxNW1pbiAzMCBzZWMuIEhEIEZpbG0gSW5zdGFsbGF0aW9uIHdpdGggc291bmQuIMKpIE1PT04gS3l1bmd3b24gXyBKRU9OIEpvb25obygyKS5qcGctMTYzMzE1ODI2NzkyMS04OTM1.jpeg', 'work-photo/952e9883-fbbd-4e50-a582-15a34877ed0f/VGhlIFdheXMgb2YgRm9sZGluZyBTcGFjZSBhbmQgRmx5aW5nLiAyMDE1LiBEdXJhdGlvbiAxNW1pbiAzMCBzZWMuIEhEIEZpbG0gSW5zdGFsbGF0aW9uIHdpdGggc291bmQuIMKpIE1PT04gS3l1bmd3b24gXyBKRU9OIEpvb25obygzKS5qcGctMTYzMzE1ODMwODM5Mi0zMjYx.jpeg', 'work-photo/952e9883-fbbd-4e50-a582-15a34877ed0f/VGhlIFdheXMgb2YgRm9sZGluZyBTcGFjZSBhbmQgRmx5aW5nLiAyMDE1LiBEdXJhdGlvbiAxNW1pbiAzMCBzZWMuIEhEIEZpbG0gSW5zdGFsbGF0aW9uIHdpdGggc291bmQuIMKpIE1PT04gS3l1bmd3b24gXyBKRU9OIEpvb25obyg0KS5qcGctMTYzMzE1ODMxNjk4Mi05OTUw.jpeg', 'work-photo/952e9883-fbbd-4e50-a582-15a34877ed0f/MjAyMTEwMjItRk1BRi1zMTg4LmpwZy0xNjM1MjMzMTgyMjIzLTkxMTU=.jpeg', NULL, '2021-10-02 06:46:01.552492', '2021-10-26 07:26:22.90802', 2, 3, 17, 17, 'https://youtu.be/9lQHemdy7lo', 't', 10),
('984a9df0-c9b8-448f-bb1c-075220f05412', '2020-12-31 16:00:00', 'video', '[{"end": "", "start": ""}]', 'work-photo/984a9df0-c9b8-448f-bb1c-075220f05412/MV9NaXN0eUlzbGFuZF8zLmpwZy0xNjM1MTMwNjkwMzgxLTI2NDU=.jpeg', 'work-photo/984a9df0-c9b8-448f-bb1c-075220f05412/MV9NaXN0eUlzbGFuZF8xLmpwZy0xNjM1MTMwNjkwODE0LTM2Njc=.jpeg', 'work-photo/984a9df0-c9b8-448f-bb1c-075220f05412/MV9NaXN0eUlzbGFuZF8yLmpwZy0xNjM1MTMwNjkxMDA3LTk3ODE=.jpeg', 'work-photo/984a9df0-c9b8-448f-bb1c-075220f05412/MjAyMTEwMjItRk1BRi1zMTQ3LmpwZy0xNjQwNzQ1MDM2NTAxLTQ0NDA=.jpeg', NULL, NULL, '2021-10-25 02:58:09.708677', '2022-01-10 03:17:54.645088', 2, 3, 75, 75, '', 't', 46),
('9bbabf75-437b-44ad-be1b-1b0ab6a99a5e', '2019-12-31 16:00:00', 'video', '[{"end": "", "start": ""}]', 'work-photo/9bbabf75-437b-44ad-be1b-1b0ab6a99a5e/MF9MZXRNZVRlbGxVYVN0b3J5X2RldGFpbHNfMy5qcGctMTYzNTEyNzcxMDUzNC02NTMz.jpeg', 'work-photo/9bbabf75-437b-44ad-be1b-1b0ab6a99a5e/MF9MZXRNZVRlbGxVYVN0b3J5X2luc3RhbGxhdGlvbl8wLmpwZy0xNjM1MTI3NzExNzE3LTcxNzk=.jpeg', 'work-photo/9bbabf75-437b-44ad-be1b-1b0ab6a99a5e/MF9MZXRNZVRlbGxVYVN0b3J5X2luc3RhbGxhdGlvbl8xLmpwZy0xNjM1MTI3NzExODU0LTM0MjM=.jpeg', NULL, NULL, 'work-file/9bbabf75-437b-44ad-be1b-1b0ab6a99a5e/CLab測試0831_我跟你說一個故事/index.html', '2021-10-22 08:54:00.703443', '2021-10-30 08:38:36.020815', 2, 3, 65, 65, NULL, 't', 41),
('9fb4488d-f495-419a-b1c2-e7b9416db5db', '2020-12-31 16:00:00', '360video', '[{"end": "", "start": ""}]', 'work-photo/9fb4488d-f495-419a-b1c2-e7b9416db5db/MjAyMTEwMjItRk1BRi1zMTY4LmpwZy0xNjM1MjMyOTk2NDk4LTk1OTg=.jpeg', 'work-photo/9fb4488d-f495-419a-b1c2-e7b9416db5db/MjAyMTEwMjItRk1BRi1zMTcwLmpwZy0xNjQwMjQ4NTYzMjUzLTg5NjM=.jpeg', 'work-photo/9fb4488d-f495-419a-b1c2-e7b9416db5db/MjAyMTEwMjItRk1BRi1zMTcxLmpwZy0xNjM1MjMyOTk2OTMyLTMyMzI=.jpeg', 'work-photo/9fb4488d-f495-419a-b1c2-e7b9416db5db/MjAyMTEwMjItRk1BRi1zMTc3LmpwZy0xNjQwMjQ4NTYzNjIzLTc1NTI=.jpeg', 'work-photo/9fb4488d-f495-419a-b1c2-e7b9416db5db/MjAyMTEwMjItRk1BRi1zMTc1LmpwZy0xNjQwMjQ4NTYzNzE2LTU0Mjg=.jpeg', NULL, '2021-10-02 06:53:36.062335', '2021-12-23 08:36:05.853788', 2, 3, 19, 19, 'https://youtu.be/rQmEoQutXb4', 't', 11),
('a09ec314-2939-4b06-8fa1-178b5f5ea6ea', '2020-12-31 16:00:00', '360video', '[{"end": "2021-10-29T11:35:00.000Z", "start": "2021-10-29T11:00:00.000Z"}, {"end": "2021-10-29T12:35:00.000Z", "start": "2021-10-29T12:00:00.000Z"}, {"end": "2021-10-30T11:35:00.000Z", "start": "2021-10-30T11:00:00.000Z"}, {"end": "2021-10-30T12:35:00.000Z", "start": "2021-10-30T12:00:00.000Z"}]', 'work-photo/a09ec314-2939-4b06-8fa1-178b5f5ea6ea/QkFOU0hBTjEucG5nLTE2MzQ0NjIxNzEyMTgtOTM0Mw==.png', 'work-photo/a09ec314-2939-4b06-8fa1-178b5f5ea6ea/QkFOU0hBTjIucG5nLTE2MzQ0NjE5MDE5ODgtMTU4Ng==.png', 'work-photo/a09ec314-2939-4b06-8fa1-178b5f5ea6ea/QkFOU0hBTjMucG5nLTE2MzQ0NjE5MDI1NzItODMyMw==.png', NULL, NULL, NULL, '2021-10-02 10:08:33.694575', '2021-10-17 14:20:06.322764', 3, 5, 53, 53, NULL, 't', 30),
('a191f550-3feb-457e-bf95-1b46666baecc', '2022-12-31 16:00:00', '', '[{"end": "", "start": ""}]', 'work-photo/a191f550-3feb-457e-bf95-1b46666baecc/RFNDXzYwNDYuanBnLTE2ODU1MzQwNjE0ODEtMTc2Mg==.jpeg', 'work-photo/a191f550-3feb-457e-bf95-1b46666baecc/54WZ6Zyn5LitNDMucG5nLTE2ODU1MzM4NTM0MTgtMjk5Mg==.png', 'work-photo/a191f550-3feb-457e-bf95-1b46666baecc/54WZ6Zyn5LitNi5wbmctMTY4NTUzMzg1Mzg4OC05NTA1.png', 'work-photo/a191f550-3feb-457e-bf95-1b46666baecc/RFNDXzYwNDYuanBnLTE2ODU1MzM4NTQzNDgtNTcyOA==.jpeg', 'work-photo/a191f550-3feb-457e-bf95-1b46666baecc/5ZyN5Z+OLnBuZy0xNjg1NTM0MDYyNTA4LTQ2NTg=.png', NULL, '2023-05-15 05:54:28.589795', '2023-05-31 11:54:29.486664', 2, 3, 88, 88, '', 't', 59),
('a1a593a6-c6ba-4c8f-8663-1ee9d72252d3', '2020-12-31 16:00:00', '360video', '[{"end": "", "start": ""}]', 'work-photo/a1a593a6-c6ba-4c8f-8663-1ee9d72252d3/Q29weSBvZiBEb21lX0EuanBnLTE2MzMxNzEyMDA3MDctMzE0Mw==.jpeg', 'work-photo/a1a593a6-c6ba-4c8f-8663-1ee9d72252d3/Q29weSBvZiBEb21lX0IuanBnLTE2MzMxNzEyMDI4NjEtNzg3Nw==.jpeg', 'work-photo/a1a593a6-c6ba-4c8f-8663-1ee9d72252d3/Q29weSBvZiBEb21lX0MuanBnLTE2MzMxNzEyMDQzMjEtNjQxMA==.jpeg', 'work-photo/a1a593a6-c6ba-4c8f-8663-1ee9d72252d3/Q29weSBvZiBEb21lX0QuanBnLTE2MzMxNzEyMDUyNDItMzk0NQ==.jpeg', NULL, NULL, '2021-10-02 10:39:59.782793', '2021-10-20 03:25:49.205329', 3, 5, 62, 62, NULL, 't', 38),
('a43e4634-e70d-4bb3-8da2-4c90e85fbdfc', '1986-12-31 16:00:00', '', '[{"end": "", "start": ""}]', 'work-photo/a43e4634-e70d-4bb3-8da2-4c90e85fbdfc/RW5ncmFtMmJiYi5qcGctMTY4NTEwNjY1NjkyMC03ODM0.jpeg', 'work-photo/a43e4634-e70d-4bb3-8da2-4c90e85fbdfc/RW5ncmFtMWJiLmpwZy0xNjg1MTA2NjU3MTExLTk3MzI=.jpeg', NULL, NULL, NULL, NULL, '2023-05-11 10:41:32.807885', '2023-05-26 13:10:57.655969', 2, 4, 85, 85, '', 't', 56),
('a584078a-0db7-44af-a365-e94f8f11af30', '2020-12-31 16:00:00', 'video', '[{"end": "", "start": ""}]', 'work-photo/a584078a-0db7-44af-a365-e94f8f11af30/MjAyMTEwMjItRk1BRi1zMzAyLmpwZy0xNjQxODkxODQyNDIwLTMwNzk=.jpeg', 'work-photo/a584078a-0db7-44af-a365-e94f8f11af30/MjAyMTEwMjItRk1BRi1zMzEwLmpwZy0xNjM1MjM3MDI2NTk5LTc2MzY=.jpeg', 'work-photo/a584078a-0db7-44af-a365-e94f8f11af30/MjAyMTEwMjItRk1BRi1zMjk5LmpwZy0xNjQwNzQ1MzcwODgwLTMwNTY=.jpeg', 'work-photo/a584078a-0db7-44af-a365-e94f8f11af30/MDRf5ZiX6Kmm5Lul5LiN5ZCM55u45L2N5LqS5YuVLmpwZy0xNjM0Njk5ODA4OTM0LTg4NzI=.jpeg', 'work-photo/a584078a-0db7-44af-a365-e94f8f11af30/MDVf5Zyo5ray5pm26J6i5bmV5LiK55qE6IKJ5pCPLmpwZy0xNjM0Njk5ODA5NDYwLTgxMzM=.jpeg', NULL, '2021-10-02 08:40:25.873682', '2022-01-11 09:04:03.994461', 2, 4, 37, 37, 'https://youtu.be/ExZiWlAff2U', 't', 18),
('a7ba19a2-c430-47bd-909e-474e9c07e90c', '2015-12-31 16:00:00', 'website', '[{"end": "", "start": ""}]', 'work-photo/a7ba19a2-c430-47bd-909e-474e9c07e90c/U2lub2Z1dHVyaXNtLTE4MzktMjA0NkFELUxhd3JlbmNlTGVrLVN0aWxsMDEtMzg0MHgyMTYwX0NvdXJ0ZXN5LW9mLVNhZGllLUNvbGVzLUhRLmpwZy0xNjMzMTU2ODQwMTY3LTUyOTk=.jpeg', 'work-photo/a7ba19a2-c430-47bd-909e-474e9c07e90c/U2lub2Z1dHVyaXNtLTE4MzktMjA0NkFELUxhd3JlbmNlTGVrLVN0aWxsMDMtMzg0MHgyMTYwX0NvdXJ0ZXN5LW9mLVNhZGllLUNvbGVzLUhRLmpwZy0xNjMzMTU2ODQxODAyLTI2NDM=.jpeg', 'work-photo/a7ba19a2-c430-47bd-909e-474e9c07e90c/U2lub2Z1dHVyaXNtLTE4MzktMjA0NkFELUxhd3JlbmNlTGVrLVN0aWxsMDQtMzg0MHgyMTYwX0NvdXJ0ZXN5LW9mLVNhZGllLUNvbGVzLUhRLmpwZy0xNjMzMTU2ODQyMjU4LTk4NzE=.jpeg', 'work-photo/a7ba19a2-c430-47bd-909e-474e9c07e90c/MjAyMTEwMjItRk1BRi1zMTExLmpwZy0xNjQwMjQ3ODgwMzE1LTI3Nw==.jpeg', 'work-photo/a7ba19a2-c430-47bd-909e-474e9c07e90c/MjAyMTEwMjItRk1BRi1zMTEyLmpwZy0xNjQwMjQ3ODgwNjQxLTg3NzY=.jpeg', 'work-file/a7ba19a2-c430-47bd-909e-474e9c07e90c/temple/index.html', '2021-10-02 06:40:39.500934', '2021-12-23 08:24:42.227305', 2, 3, 16, 16, NULL, 't', 9),
('a80d9658-dbf7-45be-bb50-9642899f6212', '2020-12-31 16:00:00', '360video', '[{"end": "2021-10-24T12:30:00.000Z", "start": "2021-10-24T11:00:00.000Z"}]', 'work-photo/a80d9658-dbf7-45be-bb50-9642899f6212/56ys5LiA57WELnBuZy0xNjMzMTY4NzM3NTYwLTI0Mjc=.png', 'work-photo/a80d9658-dbf7-45be-bb50-9642899f6212/56ys5LqM57WELmpwZy0xNjMzMTY4NzM5OTI1LTU1Mzc=.jpeg', 'work-photo/a80d9658-dbf7-45be-bb50-9642899f6212/56ys5LiJ57WELmpwZy0xNjMzMTY4NzQwMTk4LTUyNTc=.jpeg', 'work-photo/a80d9658-dbf7-45be-bb50-9642899f6212/Y29yYWxfdHVubmVsX+eEoemZkC5qcGctMTYzMzE2ODc0MDIzMC0xODE=.jpeg', NULL, NULL, '2021-10-02 09:58:56.844813', '2021-10-17 14:20:15.369031', 3, 5, 52, 52, NULL, 't', 29),
('aaa5c05f-169c-4dca-a4d3-23ffea0fc948', '2022-12-31 16:00:00', '', '[{"end": "", "start": ""}]', 'work-photo/aaa5c05f-169c-4dca-a4d3-23ffea0fc948/MjAyM19hcmFraV9VTk1BU0tFRF9pbnN0YTAxLmpwZy0xNjg1MTc2Njc1MDE3LTk2Mjk=.jpeg', 'work-photo/aaa5c05f-169c-4dca-a4d3-23ffea0fc948/d3MyLmpwZy0xNjg1MTc2NTI3ODU0LTMyMTI=.jpeg', 'work-photo/aaa5c05f-169c-4dca-a4d3-23ffea0fc948/d3MzLmpwZy0xNjg1MTc2NTI3OTE5LTU1OTk=.jpeg', 'work-photo/aaa5c05f-169c-4dca-a4d3-23ffea0fc948/d3M0LmpwZy0xNjg1MTc2NTI3OTg0LTQ0MTk=.jpeg', 'work-photo/aaa5c05f-169c-4dca-a4d3-23ffea0fc948/d3M1LmpwZy0xNjg1MTc2NTI4MDUxLTc5OTE=.jpeg', NULL, '2023-05-15 06:47:58.021151', '2023-05-30 03:04:29.526183', 2, 4, 93, 93, '', 't', 64),
('b03f868a-3059-410f-b558-8e6e88c51cfe', '2021-12-31 16:00:00', '', '[{"end": "", "start": ""}]', 'work-photo/b03f868a-3059-410f-b558-8e6e88c51cfe/MDAwNS5qcGctMTY4NTExMTM0MjQ5Ny02MjU1.jpeg', 'work-photo/b03f868a-3059-410f-b558-8e6e88c51cfe/MDAwMi5qcGctMTY4NTExMTM0MjY3Ni0yNTE0.jpeg', 'work-photo/b03f868a-3059-410f-b558-8e6e88c51cfe/MDAwMy5qcGctMTY4NTExMTM0MjczNy0yMzk0.jpeg', 'work-photo/b03f868a-3059-410f-b558-8e6e88c51cfe/MDAwNC5qcGctMTY4NTExMTM0Mjc3OC02OTM4.jpeg', 'work-photo/b03f868a-3059-410f-b558-8e6e88c51cfe/MDAwMS5qcGctMTY4NTExMTM0Mjc5OS03Nzgy.jpeg', NULL, '2023-05-15 06:07:26.215271', '2023-05-30 03:04:57.915647', 2, 3, 91, 91, '', 't', 62),
('b2d5e23a-cf1c-4216-99c7-48d828b69a0d', '1962-12-31 16:00:00', '', '[{"end": "", "start": ""}]', 'work-photo/b2d5e23a-cf1c-4216-99c7-48d828b69a0d/c3RvbmUuanBnLTE2ODUxMTA5OTAwNDYtNjkwMQ==.jpeg', NULL, NULL, NULL, NULL, NULL, '2023-05-11 10:35:27.32233', '2023-05-26 14:23:10.668933', 2, 2, 83, 83, '', 't', 54),
('b8396e5e-4f00-4668-9e0a-9471063ac483', '2021-12-31 16:00:00', '', '[{"end": "", "start": ""}]', 'work-photo/b8396e5e-4f00-4668-9e0a-9471063ac483/cnN0XzIyMDQwN185OTE4LnBuZy0xNjg1ODY2NTA3MDc2LTcwNjE=.png', 'work-photo/b8396e5e-4f00-4668-9e0a-9471063ac483/cnN0XzIyMDQwN185ODUwLnBuZy0xNjg1ODY2NTA4MTM5LTcxNzE=.png', 'work-photo/b8396e5e-4f00-4668-9e0a-9471063ac483/SmFja19CdXJ0b25fTG9uZ19EaXN0YW5jZV9IaWdod2F5X0hvdGVsX+mggemdol8wMy5qcGctMTY4NDIyMjIzMjkzMy00MzMx.jpeg', 'work-photo/b8396e5e-4f00-4668-9e0a-9471063ac483/cnN0XzIyMDQwN185ODgxXzg0LnBuZy0xNjg1ODY2NTA4NjU2LTI3OTU=.png', 'work-photo/b8396e5e-4f00-4668-9e0a-9471063ac483/cnN0XzIyMDQwN185OTYwXzYzLnBuZy0xNjg1ODY2NTA4OTk2LTM4MDM=.png', NULL, '2023-05-11 06:17:26.870172', '2023-06-04 08:15:11.123603', 2, 2, 82, 82, '', 't', 53),
('be1d26f4-50e5-4935-bbba-de0cd4b76926', '2022-12-31 16:00:00', '', '[{"end": "", "start": ""}]', 'work-photo/be1d26f4-50e5-4935-bbba-de0cd4b76926/YzEuanBnLTE2ODUxNzcyNDc1MjgtOTMyNg==.jpeg', 'work-photo/be1d26f4-50e5-4935-bbba-de0cd4b76926/X0tDSDk5OTAuanBnLTE2ODUxNzc0NzIwNTgtNTQ0MQ==.jpeg', 'work-photo/be1d26f4-50e5-4935-bbba-de0cd4b76926/MW9uZWpvb24uanBnLTE2ODUxNzc0NzIxNzMtNjQxNg==.jpeg', 'work-photo/be1d26f4-50e5-4935-bbba-de0cd4b76926/YzQuanBnLTE2ODUxNzcyNDc3OTEtNzUyNA==.jpeg', 'work-photo/be1d26f4-50e5-4935-bbba-de0cd4b76926/YzUuanBnLTE2ODUxNzcyNDc3OTktNTAxOA==.jpeg', NULL, '2023-05-12 13:44:19.337049', '2023-05-27 08:51:14.050136', 2, 3, 86, 86, '', 't', 57),
('c466f454-5e67-4381-8270-849cbce0d32d', '2020-12-31 16:00:00', '360video', '[{"end": "2021-11-19T11:30:00.000Z", "start": "2021-11-19T11:00:00.000Z"}, {"end": "2021-11-19T12:30:00.000Z", "start": "2021-11-19T12:00:00.000Z"}, {"end": "2021-11-20T11:30:00.000Z", "start": "2021-11-20T11:00:00.000Z"}, {"end": "2021-11-20T12:30:00.000Z", "start": "2021-11-20T12:00:00.000Z"}]', 'work-photo/c466f454-5e67-4381-8270-849cbce0d32d/MS5qcGctMTYzMzE3MDQxNDM1Ny03MDU0.jpeg', 'work-photo/c466f454-5e67-4381-8270-849cbce0d32d/Mi5qcGctMTYzMzE3MDQxNjA0Ny02Mzk1.jpeg', 'work-photo/c466f454-5e67-4381-8270-849cbce0d32d/My5qcGctMTYzMzE3MDQxNjQ0MC0xNTM=.jpeg', 'work-photo/c466f454-5e67-4381-8270-849cbce0d32d/aG8zLmpwZy0xNjM0NDU5NzkwNjExLTI3NDg=.jpeg', 'work-photo/c466f454-5e67-4381-8270-849cbce0d32d/aG8xLnBuZy0xNjM0NDU5ODAyMTM5LTcwMjk=.png', NULL, '2021-10-02 10:26:53.662115', '2021-10-17 08:47:01.39571', 3, 5, 58, 58, NULL, 't', 35),
('c57ab05d-4b4b-44af-bedd-77610317946c', '2016-12-31 16:00:00', '', '[{"end": "", "start": ""}]', 'work-photo/c57ab05d-4b4b-44af-bedd-77610317946c/cHMxLmpwZy0xNjg1MTEwMTA0NDc3LTc2NTc=.jpeg', 'work-photo/c57ab05d-4b4b-44af-bedd-77610317946c/cHMyLmpwZy0xNjg1MTEwMTA0NjU0LTE1NjU=.jpeg', 'work-photo/c57ab05d-4b4b-44af-bedd-77610317946c/cHMzLmpwZy0xNjg1MTEwMTA0NzE0LTU2OTc=.jpeg', 'work-photo/c57ab05d-4b4b-44af-bedd-77610317946c/cHM0LmpwZy0xNjg1MTEwMTA0ODI4LTYzOTg=.jpeg', 'work-photo/c57ab05d-4b4b-44af-bedd-77610317946c/cHM1LmpwZy0xNjg1MTEwMTA0ODM0LTgyOTk=.jpeg', NULL, '2023-05-11 03:37:41.121083', '2023-05-26 14:08:25.600403', 2, 2, 80, 80, '', 't', 51),
('c5ce269e-1b71-471c-b17b-45a715658007', '2000-12-31 16:00:00', '', '[{"end": "", "start": ""}]', 'work-photo/c5ce269e-1b71-471c-b17b-45a715658007/c2JiMS5qcGctMTY4NTE3NTU5NzQwMC0zODA2.jpeg', 'work-photo/c5ce269e-1b71-471c-b17b-45a715658007/c2JiMi5qcGctMTY4NTE3NTU5NzU5MS02ODUx.jpeg', 'work-photo/c5ce269e-1b71-471c-b17b-45a715658007/c2JiMy5qcGctMTY4NTE3NTU5NzY1NS04NTM3.jpeg', NULL, NULL, NULL, '2023-05-15 07:35:48.780354', '2023-05-30 03:01:16.488928', 2, 4, 100, 100, '', 't', 71),
('c7514988-0f1b-4487-8fb9-4757284433ea', '2017-12-31 16:00:00', '', '[{"end": "", "start": ""}]', 'work-photo/c7514988-0f1b-4487-8fb9-4757284433ea/MV9NR185ODU0LmpwZy0xNjg0MjI0MDU4MTcyLTczNDM=.jpeg', 'work-photo/c7514988-0f1b-4487-8fb9-4757284433ea/Ml9EU0NOMDQ1My4wMF8xOF8zMF8yOC7pnZnmraLnlLswMzAuanBnLTE2ODQyMjQwNTgyMzEtMjQxNg==.jpeg', 'work-photo/c7514988-0f1b-4487-8fb9-4757284433ea/M18xMDAwNTQ4LTIuanBnLTE2ODQyMjQwNTgyOTAtOTgxMg==.jpeg', 'work-photo/c7514988-0f1b-4487-8fb9-4757284433ea/NF8xMDAwNTMxLmpwZy0xNjg0MjI0MDU4MzMyLTY3Njk=.jpeg', 'work-photo/c7514988-0f1b-4487-8fb9-4757284433ea/NV8xMDAwNTIyLmpwZy0xNjg0MjI0MDU4MzUwLTgyMTA=.jpeg', NULL, '2023-05-15 06:04:39.562509', '2023-05-30 03:05:10.794205', 2, 3, 90, 90, '', 't', 61),
('ce7e614c-ea28-487f-902e-4b82bb2c0e86', '2019-12-31 16:00:00', '', '[{"end": "", "start": ""}]', 'work-photo/ce7e614c-ea28-487f-902e-4b82bb2c0e86/YWlyMS5qcGctMTY4NTExMDYzODQxMy02OTc0.jpeg', 'work-photo/ce7e614c-ea28-487f-902e-4b82bb2c0e86/YWlyMi5qcGctMTY4NTExMDYzODYwMi05MDMw.jpeg', 'work-photo/ce7e614c-ea28-487f-902e-4b82bb2c0e86/YWlyMy5qcGctMTY4NTExMDYzODY2Ny01Njg4.jpeg', NULL, NULL, NULL, '2023-05-11 03:57:09.957781', '2023-05-26 14:17:19.479883', 2, 2, 81, 81, '', 't', 52),
('d3239088-40a2-4963-a0e4-e1b39ff1dc84', '2018-12-31 16:00:00', 'video', '[{"end": "", "start": ""}]', 'work-photo/d3239088-40a2-4963-a0e4-e1b39ff1dc84/MF9BcGhhc2lhX1NlcmllczJfU2NyZWVuc2hvdC5wbmctMTYzNTEyOTE5MjU1MS0yNzM=.png', 'work-photo/d3239088-40a2-4963-a0e4-e1b39ff1dc84/Ml9BcGhhc2lhX1NlcmllczJfaW5zdGFsbGF0aW9uXzEuanBnLTE2MzUxMjkxOTMwMzItNTc3MA==.jpeg', NULL, NULL, NULL, NULL, '2021-10-25 02:33:11.86483', '2021-10-25 02:34:42.331101', 2, 3, 72, 72, '', 't', 43),
('d9cb1939-fe73-4509-b5b8-f0d06a2b63b1', '2014-12-31 16:00:00', 'video', '[{"end": "", "start": ""}]', 'work-photo/d9cb1939-fe73-4509-b5b8-f0d06a2b63b1/MjAyMTEwMjItRk1BRi1zMDA0LmpwZy0xNjM1MjMwOTkwNDA4LTM3ODc=.jpeg', 'work-photo/d9cb1939-fe73-4509-b5b8-f0d06a2b63b1/MjAyMTEwMjItRk1BRi1zMDA1LmpwZy0xNjQwNzQ1ODU5NzQzLTQyOTY=.jpeg', 'work-photo/d9cb1939-fe73-4509-b5b8-f0d06a2b63b1/MjAyMTEwMjItRk1BRi1zMDA2LmpwZy0xNjM1MjMxMjE0NjkyLTU0MDg=.jpeg', 'work-photo/d9cb1939-fe73-4509-b5b8-f0d06a2b63b1/MjAyMTEwMjItRk1BRi1zMDAzLmpwZy0xNjQwNzQ1ODYwMDgwLTg4NzM=.jpeg', 'work-photo/d9cb1939-fe73-4509-b5b8-f0d06a2b63b1/SU0gU1RJTEwgMy0wMSAoQTRAMzAwKS5qcGctMTYzNTIzMTIxNTAxOC0zNTUy.jpeg', NULL, '2021-10-02 06:23:53.666253', '2021-12-29 02:44:21.521279', 2, 2, 14, 14, 'https://www.youtube.com/watch?v=k__7mpiVNUs', 't', 7),
('de0585cf-8c78-4212-bed0-15cdcc906579', '2019-12-31 16:00:00', '360video', '[{"end": "2021-10-15T11:40:00.000Z", "start": "2021-10-15T11:00:00.000Z"}, {"end": "2021-10-15T12:40:00.000Z", "start": "2021-10-15T12:00:00.000Z"}, {"end": "2021-10-16T11:41:00.000Z", "start": "2021-10-16T11:00:00.000Z"}, {"end": "2021-10-16T12:40:00.000Z", "start": "2021-10-16T12:00:00.000Z"}, {"end": "2021-11-07T11:40:00.000Z", "start": "2021-11-07T11:00:00.000Z"}]', 'work-photo/de0585cf-8c78-4212-bed0-15cdcc906579/T24gRWFydGggU2VyaWVzLnBuZy0xNjM0NDYxODYxNTk2LTg1NzE=.png', 'work-photo/de0585cf-8c78-4212-bed0-15cdcc906579/T24gRWFydGggU2VyaWVzIEkgLSBWYWxsZXkucG5nLTE2MzQ0NjE4NjIzNTMtMzQ5NQ==.png', NULL, NULL, NULL, NULL, '2021-10-02 09:39:16.812194', '2021-10-17 14:20:55.171', 3, 5, 48, 48, NULL, 't', 26),
('e47adbbf-c2ed-4e04-a2cb-6324869e7273', '2018-12-31 16:00:00', 'video', '[{"end": "", "start": ""}]', 'work-photo/e47adbbf-c2ed-4e04-a2cb-6324869e7273/MF9BcGhhc2lhX1NlcmllczFfU2NyZWVuc2hvdC5wbmctMTYzNTEyODcyMzYxNC03ODE3.png', 'work-photo/e47adbbf-c2ed-4e04-a2cb-6324869e7273/Ml9BcGhhc2lhX1NlcmllczFfaW5zdGFsbGF0aW9uXzEuanBnLTE2MzUxMjg3MjM5MTQtNzgyMA==.jpeg', NULL, NULL, NULL, NULL, '2021-10-25 02:25:22.901216', '2021-10-25 02:26:11.750742', 2, 3, 69, 69, '', 't', 42),
('e50125f5-d25f-47f4-92b3-5130c6810d6f', '2022-12-31 16:00:00', '', '[{"end": "", "start": ""}]', 'work-photo/e50125f5-d25f-47f4-92b3-5130c6810d6f/5o6J5ryG5aSV6Zm9X+ijnee9ruaKleWwhOeHiOWknOaZmuaooeaTrOWcljAxLmpwZy0xNjg0MjIxNDYyNzE3LTM3MDg=.jpeg', 'work-photo/e50125f5-d25f-47f4-92b3-5130c6810d6f/5o6J5ryG5aSV6Zm9X+ijnee9ruaKleWwhOeHiOWknOaZmuaooeaTrOWcljAyLmpwZy0xNjg0MjIxNDYyODMzLTUyNDc=.jpeg', 'work-photo/e50125f5-d25f-47f4-92b3-5130c6810d6f/5o6J5ryG5aSV6Zm9X+ijnee9rueZveWkqeaooeaTrOWcljAxLmpwZy0xNjg0MjIxNDYyODkyLTQwODU=.jpeg', 'work-photo/e50125f5-d25f-47f4-92b3-5130c6810d6f/5o6J5ryG5aSV6Zm9X+ijnee9rueZveWkqeaooeaTrOWcljAyLmpwZy0xNjg0MjIxNDYyOTUxLTM0ODI=.jpeg', 'work-photo/e50125f5-d25f-47f4-92b3-5130c6810d6f/5o6J5ryG5aSV6Zm9X+ijnee9rueZveWkqeaooeaTrOWcljAzLmpwZy0xNjg0MjIxNDYyOTUzLTMzOTU=.jpeg', NULL, '2023-04-28 06:16:08.48099', '2023-05-16 07:17:44.962883', 2, 2, 78, 78, '', 't', 49),
('eeaa534c-a761-4e2e-83f5-2e09276df069', '2013-12-31 16:00:00', 'video', '[{"end": "", "start": ""}]', 'work-photo/eeaa534c-a761-4e2e-83f5-2e09276df069/S2VwbGVyJ3MgRHJlYW0zLmpwZy0xNjM0Njk2MzAxMTI2LTY5Njk=.jpeg', 'work-photo/eeaa534c-a761-4e2e-83f5-2e09276df069/S2VwbGVyJ3MgRHJlYW0uanBnLTE2MzQ2OTYzMDI2NTQtNzc3OA==.jpeg', 'work-photo/eeaa534c-a761-4e2e-83f5-2e09276df069/S2VwbGVyJ3MgRHJlYW0yLmpwZy0xNjM1MjM0NTU2MjY4LTk5MDc=.jpeg', 'work-photo/eeaa534c-a761-4e2e-83f5-2e09276df069/MjAyMTEwMjItRk1BRi1zMjEwLmpwZy0xNjM1MjM0NDM2MDc3LTE1MTQ=.jpeg', 'work-photo/eeaa534c-a761-4e2e-83f5-2e09276df069/MjAyMTEwMjItRk1BRi1zMjE2LmpwZy0xNjM1MjM0MTk0Mzc0LTcyNzA=.jpeg', NULL, '2021-10-02 08:02:00.608808', '2021-10-26 07:49:16.787463', 2, 4, 32, 32, 'https://youtu.be/ABSnpUIVTnA', 't', 13),
('f51cb4d7-f548-4ab6-b014-ad85a37e571a', '2021-12-31 16:00:00', '', '[{"end": "", "start": ""}]', 'work-photo/f51cb4d7-f548-4ab6-b014-ad85a37e571a/5oiq5ZyWIDIwMjMtMDQtMTQg5LiL5Y2IMi41MS4yNy5wbmctMTY4MTQ1NTExNzk5NC0xNTI0.png', NULL, NULL, NULL, NULL, NULL, '2023-04-14 06:49:50.554433', '2023-05-05 08:49:10.112126', 3, 5, 77, 77, '', 't', 48),
('f789f6c7-5400-46de-8694-f5291b430445', '2005-12-31 16:00:00', '', '[{"end": "", "start": ""}]', 'work-photo/f789f6c7-5400-46de-8694-f5291b430445/ZHAxLmpwZy0xNjg1MTc1ODgwNTk4LTY4MDM=.jpeg', 'work-photo/f789f6c7-5400-46de-8694-f5291b430445/ZHAyLmpwZy0xNjg1MTc1ODgwNzg4LTM4MTI=.jpeg', 'work-photo/f789f6c7-5400-46de-8694-f5291b430445/ZHAzLmpwZy0xNjg1MTc1ODgwODUyLTE4MDc=.jpeg', NULL, NULL, NULL, '2023-05-15 06:59:59.975992', '2023-05-30 03:02:14.152827', 2, 4, 97, 97, '', 't', 68),
('f7bc1462-9507-411a-8215-f97d438ac223', '2020-12-31 16:00:00', 'video', '[{"end": "", "start": ""}]', 'work-photo/f7bc1462-9507-411a-8215-f97d438ac223/MF9JbnZhbGlkUGVyY2VwdGlvbl9TY3JlZW5zaG90XzIuanBlZy0xNjM1MTMwMzA0NjM3LTg3MTg=.jpeg', 'work-photo/f7bc1462-9507-411a-8215-f97d438ac223/M19JbnZhbGlkUGVyY2VwdGlvbl9zZW5zb3JzXzIuanBnLTE2MzUxMzAzMDQ2MzgtMzczMQ==.jpeg', 'work-photo/f7bc1462-9507-411a-8215-f97d438ac223/M19JbnZhbGlkUGVyY2VwdGlvbl9pbnN0YWxsYXRpb25fMS5qcGctMTYzNTEzMDMwNTA5My04MTE2.jpeg', NULL, NULL, NULL, '2021-10-25 02:51:43.978309', '2022-01-10 03:18:09.698235', 2, 3, 74, 74, '', 't', 45),
('fc97911e-9b80-42cc-ae5b-fba4c6b6e174', '2020-12-31 16:00:00', 'video', '[{"end": "", "start": ""}]', 'work-photo/fc97911e-9b80-42cc-ae5b-fba4c6b6e174/MjE2NzkxOTAwXzc5NjM1Njc3NzYzMTAzN180MTAxODg5ODE4Nzg3MjE1Nzg1X24uanBnLTE2MzMxNjM3MjUwNjEtMjY1.jpeg', 'work-photo/fc97911e-9b80-42cc-ae5b-fba4c6b6e174/NzAtNzXnsaToqakuanBnLTE2MzMxNjM3MjU0NjgtMjg2MQ==.jpeg', 'work-photo/fc97911e-9b80-42cc-ae5b-fba4c6b6e174/MjAyMTEwMjItRk1BRi1zMjk0LmpwZy0xNjM1MjM3Mjc5MTU2LTIyMjQ=.jpeg', 'work-photo/fc97911e-9b80-42cc-ae5b-fba4c6b6e174/MjAyMTEwMjItRk1BRi1zMjk3LmpwZy0xNjM1MjM3Mjc5NDU3LTY2MzA=.jpeg', 'work-photo/fc97911e-9b80-42cc-ae5b-fba4c6b6e174/6Jel57GkMTAtMTUuanBnLTE2MzMxNjM3Mjc4NzMtODkzNQ==.jpeg', NULL, '2021-10-02 08:35:24.375283', '2021-10-26 08:34:39.851882', 2, 4, 36, 36, NULL, 't', 17);

INSERT INTO "public"."works_en" ("work_en_id", "title", "dimension", "note", "proposal", "interactive_description", "material", "photo_1_d", "photo_2_d", "photo_3_d", "photo_4_d", "photo_5_d") VALUES
(2, 'Crystal Seeding', 'dimensions variable', 'Sound Co-production: C-LAB Taiwan Sound Lab, Center for Sound Arts and Acoustics Research, NTUA', '<p>"Crystal Seeding," created by three artists—HSU Chia-Wei, CHENG Hsien-Yu, and CHANG Ting-Tong, is a collaborative project with Taisugar’s Huwei Sugar Factory. Sucrose being the inspirational departure point, the project addresses Taiwanese puppet theatre, experimental music, sugar 3D printing, and robotic arms, through whose intertwined complexity the history of a small town in the last century is investigated.</p><p>The sugar industry was among the first to witness early modernization in Taiwan. An industrial sugar factory with machinery a hundred years ago could be considered unprecedented cutting-edge technology almost equivalent to today’s semiconductor industry. In 1907, Dai Nippon Sugar Manufacturing Co. built the Huwei Sugar Factory, one that produced the most sugar in this country at the time. With the introduction of industrialized factories, new industrial towns started to appear in Chiayi-Tainan Plain. Huwei Township was then transformed into the most modernized city/town in Southern Taiwan. Railroads, European-style gardens, iron bridges demonstrated the latest ideas about modernity. Because of the outbreak of the Pacific War, Huwei Sugar Factory was later expanded for ethanol production. The alcoholic fermentation converting sugars into energy and producing ethanol provided the fuel to Kamikaze, the Japanese Special Attack Unit, and resulted in the destructive bombing attacks at the factory. The sugar industry dwindled after the war, and the town was no longer up and coming. Consequently, the buildings of the sugar factory became desolated.&nbsp;</p><p>&nbsp;The multi-channel video installation tells a narrative adapted from Japanized puppet theatre piece "Kurama Tengu" performed by the Sheng Ping Puppet Troupe. Through merging reality and fictionality, the project illustrates the history of Huwei Township. Moreover, the recorded performance of composer HUI Tak-Cheung in the sugar factory, interspersed in the video, turns the factory into site-specific “musical instruments.” In a theatre-like setting, a robotic arm, a 3D printer, and flag carrier emblems are all actors in this play who enter the stage as the narrative unfolds, and play various “roles” as well as demonstrate different “incidents” on stage.</p>', 'Longyan sugarcane field_In 1935, Dai-Nippon Sugar Co., Ltd. established the "Longyan Sugar Refinery" here, and it was also the last sugar factory established during the Japanese occupation. However, because of the low efficiency and low yield, they decided to merge into the Huwei Sugar Factory in 1968. The sugarcane grown here will be transported back to the Huwei Sugar Factory.｜Narrow-gauge train with a track gauge of 2 ft 6 in (762 mm) arrived at Huwei Sugar Factory with sugarcane_Although there are still two sugar factories in Taiwan, Yunlin Huwei and Tainan Shanhua are operating nowadays, the remaining 16 km that narrow-gauge railways with a track gauge of 2 ft 6 in (762 mm) carried the sugarcane are from Huwei to Baozhong.｜The Baozhong Branch Station_The Baozhong Branch Station of the Radio Taiwan International is a shortwave transmission substation in Yunlin that equipped with multiple transmitters. The radio waves are transmitted to the ionosphere at an elevation angle, transmitted to the target area by reflection, covering China, Northeast Asia, Southeast Asia, and other regions. Because it leased the land of Taiwan Sugar Company, the radio station retains the sugar factory’s building in the 1960s.｜Inside the Huwei Sugar Factory 1_This is the heater and evaporator. Five orange-coloured evaporation tanks are used to concentrate sugarcane juice into 65 degree brix syrup.｜Inside the Huwei Sugar Factory 2_This is the sugarcane crusher mill and the compression machine. The sugarcane crusher mill is responsible for shredding, tearing the sugarcane into fibres, and destroying the original cells to expose the sugar. It is the most critical machine before compression, and it will directly affect the extraction rate of sugarcane juice. The compression machine follows the principle of hydraulic pressure to compress all the sugar out of the sugarcane, and it will be compressed four times in total.｜Huwei sugar refinery alcohol tank_The by-product "molasses" produced by sugar can be used as a raw material to produce alcohol, significantly increasing the value of molasses. In 1926, the sugar factory obtained permission to set up an alcohol factory and began manufacturing in the same year. The machinery was a Guillaume system distillation machine, which was the largest alcohol factory in Asia at that time. Later, due to obsolete equipment, low efficiency and high costs, the annual loss was immense. It was demolished in 1975, leaving only two of the four chimneys and the remaining brick storage tank of the original spectacular factory.', 'mechanical, five-channel video, 3D printing installations', 'Crystal Seeding
mechanical, five-channel video, 3D printing installations
dimensions variable
2021', 'Exhibition view', 'Exhibition view', 'Exhibition view', 'Exhibition view'),
(5, 'Future Moshing, Datamosh !', '-', '', '<p><br/></p><p>《Signals from the Future》/ single-channel video / 2020<br/>《Let Me Fix You》/ single-channel audio performance / 2021<br/>《Where is LOVE》/ on-site graffiti (in Mandarin Chinese), light installation / 2021</p><p>The three projects exhibited in the venue, with hypertexts linking to the act of Moshing and Datamosh, are all based upon two foundational axes—channels of amateur internet celebrities on social media and certain warning messages. Through rearranging the performed experience in which the artist plays a role and claims that she has come back from the future, varied aspects of time-travel performances are reconstructed.&nbsp;</p><p><span style="color: var(--primary-gray-color);">In “Signals from the Future,” Betty Apple herself and different gender roles simulated by artificial intelligence are looked upon with the lens of social media’s sci-fi effect filters as signals that indicate traveling. On the other hand, “Let Me Fix You” adopts the sci-fi first-person narrative when ASMR is used “to fix robots,” which speaks well to the memes created by the AI mermaid cyborg. They both address the distortion of information that happens during the back-and-forth Moshing in space and time via the use of Datamosh as if it were a manifesto of Digital Impressionism passionately performing the dance in the data universe.</span></p>', '《Let Me Fix You》/ single-channel audio performance / 2021｜《Signals from the Future》/ single-channel video / 2020｜《Where is LOVE》/ single-channel audio performance, on-site graffiti (in Mandarin Chinese), light installation / 2021', 'single-channel video, single-channel audio performance, on-site graffiti (in Mandarin Chinese), light installation', 'Future Moshing, Datamosh!
single-channel video, single-channel audio performance, on-site graffiti (in Mandarin Chinese), light installation
2021', 'Let Me Fix You
single-channel audio performance
5''52"
2021', 'Signals from the Future
single-channel video
4''51"
2020', 'Where is LOVE
on-site graffiti (in Mandarin Chinese), light installation
2021', 'Exhibition view'),
(6, 'Copies of Illusion', 'dimensions variable', '', '<p>As mapping evolves with technology towards measurability and accuracy, humans seem to expect more truth and accuracy from maps. Yet both the precision promised by technology and the clear boundaries and markings on maps may be mere illusions. Whether it is Atlantis in Republic or Sandy Island, which until recently was proven not to exist. There are all sorts of phantom islands on the map, and the explorer sails in anticipation to his destination, only to see a lonely sea surface with nothing on it.&nbsp;</p><p>Even though they have never been visited, never been confirmed, or even proven not to exist, the name of a distant island still appeals to people and has remained on the map for a long time. People have even woven landscapes, legends, and travelogues to convince themselves that these are not illusions. The errors of maps are always difficult to correct, and more than the accurate depiction of space, maps are a source of imagination and desire for unknown places, and a bold interpretation based on the objective claims of field measurements.</p><p>In this work, CHEN uses the mechanical construction of an iris aperture as a metaphor for the erroneous illusions on the map. The shape of the aperture is a reference to the human iris, where the blades rotate to adjust the light entering our vision and determine what we see, as in the case of a cartography that claims to be precise and accurate, but is in fact an error of human consciousness.&nbsp;</p><p>The blades of the aperture in this work are transformed into the feathers of Griffin. This legendary beast does not really exist, but has been given various legends. It guards gold mines and treasures in the ancient Scythian poem Arimaspi, and people have even sought out giant fossilised bones as proof that it once existed. The feathers opening and closing gently on the aperture machinery is like a summons from beyond, promising an island far away and unknowable.</p><p>Even today, even though the map has been corrected, the fallacies of the map have been preserved in various forms. These non-existent copies of illusions are left in place as cartographic loopholes and as a reflection of people’s desires for something other than truth and accuracy.</p><p><b></b><br/></p>', '', 'kinetic installation, stainless steel, DC motor, aluminium', 'Copies of Illusion
kinetic installation, stainless steel, DC motor, aluminium
dimensions variable
2021', 'Details of the work', 'Details of the work', 'Exhibition view', 'Exhibition view'),
(7, 'Tidal Variations', 'dimensions variable', '', '<p>Tidal Variations is a video installation initiated by Taiwanese artist and filmmaker SU Yu-Hsin and her collaboration with Australian dancer and choreographer Angela GOH. The video reflects on possible transformation processes, both on the individual and on the social/collective levels that this pandemic brought about. The transformation starts from the increasing awareness of the wet mechanics of seeing which is composed with the tides, speed of light and Internet infrastructure. The work assembles contributions by music composer TSENG Yun-Fang (Sound), art writer Sonia Fernández Pan (Text), artist WANG Tzu-Ting (Visualization), programmer Ian WU (Code), dancer Angela GOH (Choreography) and artist SU Yu-Hsin (Image).</p><p>&nbsp;Co-commissioned by the Sydney Opera House, the artists dig into the history of the site, re-imagining it—as speculative data centre drifting on water where undersea cables converge, a spaceship afloat on a wet planet, a screen-like surface that reflects water and light, a site of windows through which bodies and water touch, and a sundial for shadows to glide across, mapping light and dark as time. The Sydney Opera House is both an icon and a performance venue, and as such a perfect site for projection of imagination. Tidal Variations is not only site-specific to the Sydney Opera House but also to the screen. The artists take the screen as a site that can be approached in material and embodied ways. These days, we live on and in our screens. Tidal Variations examines the screen as a device for framing the world, a place where windows can open onto vast worlds, an information surface which the outside in the inside.</p><p>The algorithmic composition video that determines tidal patterns reveals itself through its changes and continuations between solidity and fluidity, asserting its presence through motions and the moments of suspensions. The work explores the window as a conceptual device for reframing our human understanding of our being in the world. Under COVID-19, the windows became a symbol of enclosure and isolation. People looked out the window to the street, and also encountered one another as digital framed images. The artists examine Glass Walls and the engineering structure of the Sydney Opera House to map the Internet infrastructure and optical fiber network: the data light crosses the bottom of the sea and reaches the path of people''s glass screens. They attempt to think from the perspective of material imagination in a way to approach isolation and intimacy during the epidemic. Pandemic sparks subsea bandwidth spike, TeleGeography said the global Internet “ bent but—for the most part—did not break.” Undersea cables construct watery conduits from node to node, frame to frame, window to window. It''s a global system that never sleeps, and information behind the black screen continues flowing.&nbsp;</p><p><span style="color: var(--primary-gray-color);">Tidal Variations traces the undersea cable routes that connect us through the internet, the same routes that were plotted and laid for trade voyages, colonial routes and the first telephone passages, mirroring and overlaying through time a planetary infrastructure of power and exchange. The windows that we open on our screens would reveal the history of colonialism, trade, and communication, if we could see past the backlit surface.&nbsp;</span></p><p><span style="color: var(--primary-gray-color);">Water and light, the two substances that enabled life to evolve in the first place, now enable the contemporary technological entanglement upon which we have come to rely. The tide in people’s bodies is highly connected with the data light behind the screen. The internet functions as light being sent through undersea cables, node to node, across the floor of our wet planet. We arrived through water and light as a life-form and species, now we arrive through water and light as spectres of image and sound, travelling far and wide—and deep—to appear as photons and pixels, announced through the familiar ‘ping!’ of a notification. We travel ghostly and dripping, full of light.&nbsp;</span></p><p><span style="color: var(--primary-gray-color);">Tidal Variations renders and reveals the image, the body, data, and thinking as water and light, reframing the world through a wet mechanics of seeing.</span></p>', '', 'single channel video installation', 'Tidal Variations
single channel video installation
dimensions variable
2021', 'Tidal Variations
single channel video installation
dimensions variable
2021', 'Tidal Variations
single channel video installation
dimensions variable
2021
', 'Exhibition view', 'Exhibition view'),
(8, 'The Weight of Things', 'dimensions variable', '', '<p>Science fiction tells us as much about the present as it does about the future. We write about space travel and teleportation because we long for the possibility of something more than our everyday life. “If only in the future I could…” And for the astronauts who have floated weightlessly in the heavens, who have transgressed the boundary between fact and fiction, the weight of gravity must be unbearable, to have once drifted amongst the stars and now be firmly bound to the ground.</p><p>This installation explores this aspirational quality of science fiction. This spirit of invention glistens in both the young child’s eyes as they build robots out of cardboard boxes as well as the mad scientist who dares to imagine. We embrace action and progress, the momentum of experimentation. We look up at the heavens and leap into the air, knowing that we too can fly...</p>', '', 'installation', 'The Weight of Things
installation
dimensions variable
2021', 'The Weight of Things
installation
dimensions variable
2021', 'The Weight of Things
installation
dimensions variable
2021', 'Exhibition view', 'Exhibition view'),
(13, 'Sugar Foot', '4’16”', '', '<p>In 2020, the outbreak of COVID-19 caused a global lockdown and restricted many activities and events in the world.
“Sugar Foot”, off the 2019 album "Juice B Crypts," is from the New York dual-band Battles. The track features Taiwan experimental rock/folk band Prairie WWWW, with their poems chanting, and the distinctive alto tenor vocals of prog-rock singer Jon ANDERSON of Yes. 

The animation is directed by the Japanese animation team AC-bu, contributors to the notoriously bizarre anime satire "Pop Team Epic." 
This music video depicts the ’Great Space Robot Festival’ that unfolds to avenge cancelled festivals and events, hoping that humanity will be able to overcome the crisis and move towards a better world.</p>', '', 'video', 'Sugar Foot
Video
4''16"
2021', 'Details of the work', 'Details of the work', 'Exhibition view', 'Exhibition view'),
(14, 'Inverso Mundus', '38’20”', '', '<p>"Inverso Mundus" is a world where chimeras are pets, and the Apocalypse is entertainment.</p><p>Engravings in the genre of “World Upside Down,”  known since the 16th century, depict such scenes as a pig gutting the butcher, a child punishing his teacher, and a beggar in rags magnanimously bestowing alms on a rich man. These engravings contain demons, chimeras, fish flying through the sky, and death itself.&nbsp;</p><p>The title of the work, “Inverso”–both an Italian “reverse, the opposite” and the Old Italian “poetry,”  and “Mundus”–the Latin “world,” hints at a reinterpretation of reality, a poetic vision. In our interpretation, the absurdist scenes from the medieval carnival——characters act out scenes of absurd social utopias and exchange masks, morphing from beggars to rich men, from policemen to thieves. Metrosexual street-cleaners are showering the city with refuse——appears as episodes of contemporary life in a multichannel video installation.</p>', '', 'three-channel HD video, sound', 'Inverso Mundus
three-channel HD video, sound
38''20"
2015', 'Details of the work', 'Exhibition view', 'Details of the work', 'Details of the work'),
(15, 'AIDOL', '83’00”', 'WRITTEN AND DIRECTED BY Lawrence Lek
EXECUTIVE PRODUCER Sadie Coles
ASSISTANT PRODUCER Joni Zhu
COMPUTER GRAPHICS BY Clifford Sage
SCORE BY Lawrence Lek
EDITED BY Andre Corsini
SOUND DESIGN Seth Scott

CAST 
DIVA Xiaoyi Nie
GEOMANCER Joni Zhu
THIEL Steve Goodman
GUO Sophie Guo  
WU Xiaoran Wu
', '<p>Lawrence LEK’s first feature-length film, AIDOL, is a CGI fantasy that revolves around the long and complex struggle between humanity and Artificial Intelligence. Set against the backdrop of rising human-machine tensions, AIDOL follows Diva, a fading superstar who enlists the help of an AI songwriter for her comeback performance at the 2065 eSports Olympics. Fame—in all its allure and emptiness—is set against the bigger contradictions of a post-AI world, a world where originality is sometimes no more than an algorithmic trick and where machines have the capacity for love and suffering.</p>', '', 'HD video, stereo sound', 'AIDOL
HD video, stereo sound
83''00"
2019', 'AIDOL
HD video, stereo sound
83''00"
2019', 'Details of the work', 'Details of the work', 'Exhibition view'),
(16, 'Sinofuturism（1839-2046 AD）', '60’00”', '', '<p>"Sinofuturism (1839-2046 AD)" is a video essay exploring the parallels between portrayals of artificial intelligence and Chinese technological development. LEK combines elements of science fiction, documentary melodrama, social realism, and Chinese cosmologies in order to delve into and critique the present-day dilemmas of China and the people of its diaspora. The essay is structured around seven stereotypes found within Chinese society—Computing, Copying, Gaming, Studying, Addiction, Labor, and Gambling.</p>', '', 'HD video, stereo sound', 'Sinofuturism（1839-2046 AD）
HD video, stereo sound
60''00"
2016', 'Details of the work', 'Details of the work', 'Exhibition view', 'Exhibition view'),
(17, 'The Ways of Folding Space & Flying', '15’30” ', '', '<p>The title of the work The Ways of Folding Space &amp; Flying stems from the Korean words “chukjibeop” and “bihaengsul.” Originating from Taoist practice, “chukjibeop” means a hypothetical method of folding space and allowing one to travel a substantial distance in a short space of time. The word describes various techniques for rapid movement or could refer to the energy used to contract physical distance.
“Bihaengsul”is another supernatural power to levitate, fly, and travel across time and space.&nbsp;</p><p>The power emerges from one of the oldest human desires to challenge and triumph over the physical limitations of human beings and to reach an unknown realm. In the history of Eastern culture, these ideas have been explored not only as a means of meditative practice but also as methods to reach a state of complete emancipation of both mind and body from physical limitations and natural forces. A method of levitation without the aid of any scientific technique and only through the means of pure mind and body, bihaengsul remains a valid hypothesis.
Both chukjibeop and bihaengsul are archetypes of using mental practice to overcome human limitations through the power of the imagination. These rather ludicrous and illogical ideas closely echo the basis of artistic practice in that they are both a creative manifestation of human desire to surpass the barriers and structures that bind us.&nbsp;</p><p>Within this context, we intend to show the human endeavor to constantly break new ground, challenge the self, and envision the future of art.</p>', '', 'HD video, sound', 'The Ways of Folding Space & Flying
HD video, sound
15''30"
2015', 'Details of the work', 'Details of the work', 'Details of the work', 'Exhibition view'),
(19, 'Battle City Trilogy', '-', '', '<p>“This city is but a castle in the air.” The series, "Battle City Trilogy," takes three historic references out of their contexts—"The Glory of Taiwan," "Economic Miracle," and "Formosa"—in order to rewrite and rearrange them into a set of prophetic stories/allegories. The significance of these phrases is gradually revealed while the temporal aspect of the stories slowly progresses and aggregates.</p>', '', 'videos, e-books, miniature models', 'Battle City Trilogy
videos, e-books, miniature models
2021', 'Exhibition view', 'Exhibition view', 'Details of the work', 'Exhibition view'),
(31, 'Space Type Generator', 'flexible with projection', '', '<p>This installation will be a showcase of Kiel D. MUTSCHELKNAUS’s various experiments in generative code. The generator combines typography, interaction, and graphics to create a constant flow of motion. The generator will be similar to what is seen on “spacetypegenerator.com” and the artist’s Instagram.

While the work will be similar to these previous examples, it will be adapted for this specific installation.&nbsp;</p><p>Working with the C-LAB Future Media Arts Festival team, he’ll create a custom version of STG to run efficiently and provide visitors with a custom, interactive experience. The user will be able to manipulate the images at a computer connected to the monitors and interact with various motions.</p>', '', 'projection of generative code', 'Space Type Generator
projection of generative code
flexible with projection
2021', 'Details of the work
', 'Exhibition view', 'Details of the work', 'Exhibition view'),
(32, 'Kepler’s Dream', 'dimensions variable', '', '<p>Kepler’s Dream is an aesthetical investigation exploring analog projection technology in combination with computationally created content that is given a physical shape through 3D printing. Inspired by obsolete projection technologies like the overhead projector, especially the episcope, an installation was designed to generate unique imagery and a fascinating experience. Mixing digital aesthetics—parametric and generative shapes—with the qualities of analog projection creates an otherworldly look. Interacting with the installation creates a deeply immersive effect, as the instant reaction of the projection and the infinite frame rate let this fantastical world come to life.

In the design process, it became clear that a shallow depth of field of the projection invites us to explore and decipher. A spherical object was chosen to allow for a seamless exploration with the freedom to move in all directions. The formal aesthetics of the first prototypes evoked associations with the model of the solar system in Mysterium Cosmographicum by Johannes KEPLER, who was thought to have found the geometrical basis of the universe in the platonic bodies.</p><p>Picking up the mysticism created by KEPLER, who also saw the platonic bodies as representations of the elements: fire, water, earth, and air, the projected world embodies an abstract story. This abstract world can be explored in a non-linear way. Following the path of the structures back to the initial platonic bodies, one can find the conclusion in the all connecting dodecahedron.</p>', '', 'installation', 'Kepler’s Dream
installation
dimensions variable
2014', 'Details of the work', 'Details of the work', 'Exhibition view', 'Exhibition view'),
(33, 'Heterotopia', 'main video 15’00”, secondary video 1’00” in cycle of 4', 'The work was supported by Arts and Technology: Creative Innovation and Counseling Project.', '<p>Philosopher Michel FOUCAULT proposed the concept of “Heterotopia” in the 1960s. Unlike the fictitious predictions of Utopia where everything is good or Dystopia where everything is terrible, “Heterotopia” refers to a space that exists parallel to the real world, which can also reflect the real-world views from it. By observing Heterotopia, one can better understand the realities due to this characteristic between reality and fiction.&nbsp;</p><p>&nbsp;This project is an extension based on the fundamental concept of Heterotopia. The micro world uses real-world samples to create a realistic scene that exchanges time with scale, whose existence seems real yet illusory. The conversation with the world around us starts from there.</p>', '', 'video, exported images, samples of city peeling', 'Heterotopia
video, exported images, samples of city peeling
main video 15’00”, secondary video 1’00” in cycle of 4
2021
', 'Exhibition view', 'Details of the work', 'Details of the work', 'Details of the work'),
(34, 'Meandering River', '12’00”／200x800x30 cm', '', '<p>Over time, landscapes are gradually shaped by natural forces. Indiscernible to the naked eye, we only perceive one moment at a time. The fluctuations and the rhythmic movement of rivers are a glimpse into the past, as traces provide evidence of the constant transformations that surround us.&nbsp;</p><p>&nbsp;Meandering River is an audiovisual installation comprised of real-time visuals generated by an algorithm and music composed by an AI. This digital artwork makes change perceivable by creating a unique awareness of time. Spanning over multiple screens, the piece reinterprets the shifting behaviors of rivers by visualizing and sonifying their impact on the surface of the earth.&nbsp;</p><p>The audiovisual installation creates a bird’s eye view of a landscape. This orientation conceptualizes a new human perspective on space and time in an attempt to decipher the unpredictable patterns. By experiencing it from an influential perspective, the real-time visuals demonstrate what is happening on a larger scale. Based on a bespoke algorithm, the rippling and oscillating movement inherent in the generated imagery provides a vantage point that transforms an understanding of progress to examine the rhythm of natural forces.&nbsp;</p><p><span style="color: var(--primary-gray-color);">As the evolving patterns of Meandering River emerge, the viewer is left with a humbling sense of the unpredictability of change and the beauty of nature.</span></p>', '', 'audiovisual art installation', 'Meandering River
audiovisual art installation
12’00”／200x800x30 cm
2018', 'Exhibition view', 'Exhibition view', 'Exhibition view', 'Exhibition view'),
(35, 'SoftMachine', 'dimensions variable', '', '<p>“Every object, naturally, emerges like Aphrodite from a flux of elements. …Born from this and, as soon as it is born, complex, twined, twisting its long thick hair, it begins to transmit, in floods and in all directions, a star of flow: its wear and its time. It radiates various waves: heat, odors, sounds, simulacra, subtle atoms. In the same way or inversely, it receives the flow emitted around it, from the vicinity and the edges of the open universe alike.”                                                    — Lucretius’ De rerum natura in The Birth of Physics, Michelle SERRES, 1980.

SoftMachine is an electrochemical algorithmic machine performance that probes an alternative computational and technological material regime, informed by Gordon Pask’s experiments on electrochemical learning mechanisms and current research on biomimicry, programmable matter and spatio-temporally controlled liquid metal actuators. A radical technology that bridges traditionally discreet machine thinking and soft/fluid materials that enable self-organizing behavior through their specific material agencies. At its core, a custom-built electrochemical experimental apparatus（SoftMachine）creates a dynamic fluidic microcosm that performs a continuous becoming of form, structure, and material narrations. The performance aims to provoke new imaginaries of the machinic, the artificial and matter.&nbsp;</p><p>SoftMachine is an analog/digital hybrid to speculate about a heterogeneous technological culture. The neo-alchemistic material performance is captured by multiple cameras and composed and displayed in real-time on a projection screen. The visuals are accompanied by a sonic layer, the direct translation of the electrochemical processes taking place in the fluid, a melange of drifting frequencies, pulses, patterns, and noise.</p>', '', 'installation', 'SoftMachine
installation
dimensions variable
2021', 'Exhibition view', 'Exhibition view', 'Details of the work', 'Details of the work'),
(36, 'Twin Temples, Moniang’s Hair and Heavenly Hong', '-', 'The work was supported by "Arts and Technology: Creative Innovation and Counseling Project."', '<p>This project is a collaborative project with a hundred-year-old Chinese medicine shop in Hsinchu, Taiwan, aiming to explore the culture of prescription fortune sticks by conducting cross-disciplinary collaboration, field study, and on-site production. The use of prescription fortune sticks is a folk ministration that combines several traditional beliefs reflecting Chinese medical philosophy that the human body and spirit are inter-connected. In the early Taiwanese immigrant society, prescription fortune sticks were used to treat infectious diseases but have since been excluded from modern medical systems, making the ministration a rare practice in modern days.

In the new normal circumstances of a post-pandemic era, the use of prescription fortune sticks can show that diseases reflect an individual’s physical condition and a collective society’s belief system and ideology. In short, Chinese medicine, western medicine, and traditional beliefs should not be mutually exclusive but should co-exist to counterbalance each other.&nbsp;</p>', '', 'mixed media', 'Twin Temples, Moniang’s Hair and Heavenly Hong
mixed media
2021', 'Details of the work', 'Exhibition view', 'Details of the work', 'Details of the work'),
(37, 'Weightless Plan—New Normal', '30’00”', 'The work was supported by "Arts and Technology: Creative Innovation and Counseling Project."', '<p>"Weightless Plan" is TIAN’s project, which initially began in early 2020. The center of this project is to reflect upon how the age of mechanical reproduction has dramatically changed human life and thinking. "Weightless Plan" aims to portray how human minds are gradually losing consciousness and our value standards under the influence of internet data in this material-orientated world. This project also attempts to take the ordinaries created by mechanical reproduction to infiltrate the behavioral psychology of humanity. TIAN incorporates the messages brought by the LCD screen and the foundation of plasma, together with the shattered monitor, to demonstrate the daily information overload and repetitive mechanical operation. Metaphorically, that showcases the damage caused by the violence of technology.</p><p>&nbsp;"Weightless Plan—New Normal" collaborates with the Mailantia Dance Company and attempts to combine the strength and beauty of both technological art and performance art. The goal is to return to the root of technology production and the political essence, thus making dance the post-pandemic symbol of humanity. Applying industrial products, dance, live recording, and audio playback challenge the boundary between technology and body and the Cunningham of the internal image within time and space. The highly experienced dancers make it possible for this interdisciplinary piece to infuse modern dance and street dance and, therefore, experiment with diverse project forms. The most refined synaesthetic for the audiences is possibly the experience of being brought into technology through these physical senses.&nbsp;</p>', '', 'dance, LCD monitors', 'Weightless Plan—New Normal
dance, LCD monitors
30''00"
2021', 'Details of the work', 'Exhibition view', 'Details of the work', 'Details of the work'),
(41, 'iFace DQ', 'Dimension variable', '', '<p>“Face recognition” is gaining in popularity in the application areas of access authentication and public surveillance. Researchers have also studied its controversial use to predict different social behaviors. The artwork "iFace DQ" is a speculative investigation of and critical reflection on using facial recognition technology to parody the patriotic view of the participants, based on a pool of known faces of Hong Kong Legislative Council members. The artwork also assesses the risk of being disqualified should the participants plan to run for the Council election.</p>', '', 'Interactive installation', 'iFace DQ
Interactive installation
Dimension variable
2021', 'Exhibition view', 'Details of the work', 'Exhibition view', 'Details of the work'),
(42, 'TFN—Technological Finding Netbot', '300x65x3 cm', '', '<p>"TFN—Technological Finding Netbot" is a joint production of the Taiwan C-LAB Future Media Arts Festival and the Hong Kong Microwave International New Media Arts Festival. The work explores the information of the current high-profile NFT (non-fungible token) trading market. 

The designed web crawler will automatically search for NFT-related information and analyze the keywords, and these picked-out texts are displayed on the large LED electronic scroll board in front of the pillar. The audience can also see the process of how the web crawler searches and analyzes the NFT information on the website.</p><p>In March 2021, after American digital artist Beeple’s digital work "Everydays: The First 5000 Days" was sold for an unprecedentedly high price of US$70 million（about NT$1.9 billion）, it instantly detonated a heated wave of NFT trends. Tweets, videos, a piece of music, and even a digital license for a classical painting could sell at sky-high prices. "TFN—Technological Finding Netbot" also raises the question: Are people only concerned about the soaring prices of NFTs and how to join in the NFT market nowadays?</p>', '', 'installation', 'TFN—Technological Finding Netbot
installation
300x65x3cm
2021', 'Exhibition view', 'Exhibition view', 'Details of the work', ''),
(43, 'The Glass Room (Misinformation Edition) ', '75x75 cm, 75x150 cm, 150x75 cm (posters)', 'https://theglassroom.org/en/misinformation-edition', '<p>In this exhibition, we present Tactical Tech’s newest edition of "The Glass Room (Misinformation Edition)," which explores misinformation in all its forms and aims to demystify technology through immersive, thought-provoking, and self-learning participation. This work finds out about the new types of influencers, the new and old tactics they use, and the role we, the users and consumers, play in the way information flows. All exhibits are presented through a series of animations, visualizations, and apps that can be experienced on desktops and mobile devices. We invite you to take a deep dive beyond your screen and into the world of deepfakes, misinformation, design strategies, and profiling. You can explore how social media and the web have changed the way we read information and react to it.</p><p><span style="color: var(--primary-gray-color);">&nbsp;A growing need for public interventions and information about technology led Tactical Tech to design "The Glass Room (Misinformation Edition)"—a lightweight, pop-up exhibition translated into over fifteen local languages and can be shipped worldwide to community spaces, schools, libraries, and festivals.</span></p>', '', 'printed, digital', 'The Glass Room (Misinformation Edition)
printed, digital
75x75 cm, 75x150 cm, 150x75 cm (posters)
2020', 'Details of the work', 'Exhibition view', 'Details of the work', 'Exhibition view'),
(44, 'Memory War', 'dimensions variable', 'The work was supported by "Arts and Technology: Creative Innovation and Counseling Project."', '<p>"Digital Memory Studies," a work by Professor Andrew HOSKINS of the University of Glasgow, explores how in the digital era, users’ reliance on smartphones, search engines, and social media influences how the majority remember things in various ways. He stresses that in the era of digital technology, the ways human beings remember things could be changed forever, as human brains no longer need to actively remember and recall because in the “algorithm era,” one only needs to upload and search to bring anything to mind. 

Based on the above concept,</p><p>"Memory War" explores how the developments of the digital technology era can change the way people remember, playing out scenes of algorithms disturbing the memories of social networks to counter the manipulation of state and digital media power. The online data now carry the majority of civilization’s memories. The passages and memories of our daily life are preserved and recorded on social media, and past events are even “recommended,” re-evoking our recollections ever anew.</p>', '', 'performance art, installation, documentary videos, internet interactive interface', 'Memory War
performance art, installation, documentary videos, internet interactive interface
dimensions variable
2021', 'Details of the work', 'Details of the work', 'Details of the work', 'Details of the work'),
(45, 'Consonance and Dissonance', '20min', '', '<p>A chord is created by three or more notes of different frequencies emitted simultaneously. The resulting sound depends on the pitch ratio of the notes. An overlap of notes close to a simple integer ratio is considered "consonance," and that of a more complex ratio is considered "dissonance.” In Western music, consonance and dissonance correspond to relaxation and tension. When tension is released, a coherent musical structure is created (cadence). Society is also like a chord, with ideas and thoughts of various scales coexisting. Sometimes they harmonize, and sometimes they collide, resulting in a state of dissonance. Dissonance leads to an uneasy psychology and drives consensual resolution. On the one hand, a constant state of harmony is dull and mundane. On the other hand, excessive dissonance leads to tension and anxiety. In this balance between harmony and disharmony, a swell of emotions and stories is perceived, and emotion is born. The concept of harmony expands and encompasses the state of dissonance, dismantling it. In this work, an attempt is made to express tension and relaxation through sounds and images and to reflect on the current social situation.</p>', '', '', 'Atsushi TADOKORO, Consonance and Dissonance, 2021', 'Atsushi TADOKORO, Consonance and Dissonance, 2021', 'Atsushi TADOKORO, Consonance and Dissonance, 2021', 'Atsushi TADOKORO, Consonance and Dissonance, 2021', 'Atsushi TADOKORO, Consonance and Dissonance, 2021'),
(46, 'Transient', '20 min', '', '<p>"Transient" is a full-dome format audiovisual concert. Based on random (stochastic) processes of image and ephemeral sounds evolving within time and space.

Microscopic elements are born from emptiness, moving and pulsating from light and sounds. It becomes a whole new universe within mere seconds. The swirls of particles and noise throb towards infinity, immerse from the screen, and penetrate the viewer’s skin to settle into nothingness and quiet in just an instant.&nbsp;</p><p>The irregular rhythmic textures oscillate through the darkness and radiate with urgency and brevity of the moment. Here and now, another universe explodes and disappears. Its energy transforms into a new life as the circle of nature, scattered through time but carefully preserved by human and computer memories, created in the digital reality to make its emotional impact in a physical space.</p>', '', '', 'Alex GUEVARA, Transient, 2021', 'Alex GUEVARA, Transient, 2021', 'Alex GUEVARA, Transient, 2021', 'Alex GUEVARA, Transient, 2021', ''),
(47, 'L''alter-monde', '24 min', '', 'L’alter-monde is an immersive audiovisual project in fulldome format. As an evocation of a cybernetic garden in multiple scenes, this work contemplates a potential symbiosis between humans and a state of rediscovered nature. Through ecosophy and interspecies mutualism, it explores the possibility of identification with a mutant nature, a plant-becoming state, or the experience of infrahuman lives. In search of a biosensitivity, a non-human/hypernatural sensitivity emerges.
L’alter-monde addresses critical issues of climate change and extinction of species while immersing the viewer in a potentially transformative experience. Through imaginative worldbuilding, intricate visual ramifications, and skillful sound design, this work offers the opportunity for constructive meditation on economic degrowth and the crucial posthuman symbiosis with nature.', '', '', 'Sandrine DEUMIERＸMyriam BLEAU, L''alter-monde, 2020', 'Sandrine DEUMIERＸMyriam BLEAU, L''alter-monde, 2020', 'Sandrine DEUMIERＸMyriam BLEAU, L''alter-monde, 2020', 'Sandrine DEUMIERＸMyriam BLEAU, L''alter-monde, 2020', 'Sandrine DEUMIERＸMyriam BLEAU, L''alter-monde, 2020'),
(48, 'On Earth Series：Dome', '15 mins', 'Project Coordinator｜Nulls Design
Visual Design｜Jie LIOU
Sound Design｜WU Ping-Sheng, Andy CHIU', '<p>On Earth Series is a real-time audiovisual performance. Three years after their first performance in Taipei, Nulls Design brings a combination of new techniques and a unique vibe to search for harmony and relevance between sounds and images while providing an ultra-immersive experience.</p>', '', '', 'Nulls Design, On Earth Series：Dome, 2021', 'Nulls Design, On Earth Series：Dome, 2021', '', '', ''),
(49, 'Reincarnate Island', '15 min', '', '<p>In Taiwan, there is a common folk belief that people have three souls and seven senses. Souls belong to the spiritual world while senses belong to the material world. When the soul leaves the physical body, the senses disappear. Based on this cultural belief, this work attempts to explore the relationships between “souls and senses” and “consciousness and body.” The vaulted performance venue becomes an extension of reality, so that under the transformation of media into a space, a scene for rituals related to collective reincarnation is created. Considering Buddhist and folk beliefs about reincarnation, the viewer is encouraged to visualize the body from the perspective of the soul through an inner landscape diagram of the seven senses. As viewers roam in and out of architecture-like consciousness, they reflect on the relationship between spiritual and material worlds through different interpretations of body and soul in ancient and modern times.</p>', '', '', 'XTRUX, Reincarnate Island, 2021', 'XTRUX, Reincarnate Island, 2021', 'XTRUX, Reincarnate Island, 2021', 'XTRUX, Reincarnate Island, 2021', ''),
(51, 'Re-Generative:: update()', '2 hours', '*A smart phone with earphones is required in order to join this performance. 
*Audiences must follow staff instructions for entry and re-entry during the opening hour of the performance. ', '<p>Continuing developing the generative arts from Re-Generative last year, TASI Chi-Hung, the technical director from C-LAB Technology Media Platform, works with the sound design, Blaire KO, again and creates with generative image works via reaction diffusion and kaleidoscope effect.&nbsp;</p><p>This performance will focus on the audience’s interaction and the sound experiences. Via the immersive sound experiences by earphones, the image is changed in real time according to the state of the audience walking in the space. With the support of high-performance cloud computing from the National Center for High-performance Computing and the remote desktop GPU acceleration, it tries to experiment with the reaction diffusion creating high-resolution generative images. Technology Media Platform, through constituting a cross-disciplinary team, not only shows the professional techniques of software and hardware integration, but also provides immersive audiovisual perceptions to the public in dome.</p>', '', '', 'TSAI Chi-HungＸBlaire KO, Re-Generative, 2020', 'TSAI Chi-HungＸBlaire KO, Re-Generative, 2020', 'TSAI Chi-HungＸBlaire KO, Re-Generative, 2020', '', ''),
(52, 'Immersive Audiovisual Workshop-The Joint Presentation ', '90 mins', 'Department of New Media Art, Taipei National University of the Arts
The Department of New Media Art of Taipei National University of the Arts is the first department of its kind in the country. It breaks through the conventional boundaries of humanities and the arts to integrate cutting-edge technology and serves as an important promoter of the integration of digital technology and art to cultivate forward-looking creative talent in future art domains such as technology, images, and transdisciplinary works.
Lecturers｜YEH Ting-Hao, LI Yi-Fan, WANG Lien-Cheng
Participants｜LIU CHANG Miao-Chi, SHI Kun-Fang, TSAI Shang-Teng
CHEN Pin-Chen, CHEN Cheng-Wei, CHEN Yen-Shan
KAO Ching-Hsuan, Daniel CHIANG, Charlotte HSIEH 

Department of Communications Design, Shih Chien University
Design college of Shih Chien University has been ranked among the top 30 best design schools in the world by Businessweek Weekly and Ranker.com. The Department of Communications Design was established in 1997 and renamed in 2000. It became the first department in Taiwan to be named after the “Communications Design”. Beside the technical training, we dedicate and emphasize the training of design thinking and humanistic aesthetic in general.
Lecturer｜TSAI Tsun-Hung
Participant｜
HSU Yung-Hsin, CHEN Szu-Yu, CHEN Xiang-Hao, LIN Ming-Hong
KO Chung-An, LAN Ko-Yun, CHEN Jou-Min, CHEN Chia-Yin
Vice LEE, CHEN En-Hsuan, CHENG Jung-An, CAO Zhong
CHANG Hsiang-Hua, LI I-Chen, CHEN Shi-Yuan, CHOU Chia-Jen
TSAI Cheng-Ting, LEE Wan-Ru, D·ENNY
HO Sea, CHAO Yung-An, WU Cheng-Tse, HSU Ning-Ju', 'This year, C-LAB Technology Media Platform cooperated with the Department of New Media Art at the Taipei National University of the Arts and the Department of Communications Design, Shih Chien University, and hosted immersive AudioVisual Workshops in June and August. The students, led by YEH Ting-Hao, LI Yi-Fan, WANG Lien-Cheng and TSAI Tsun-Hung, are divided into groups and create immersive audiovisual works. The corporation not only provides performance opportunities for students, but also nurtures the young talent in new media art.', '', '', 'Students'' work-in-progress from Department of New Media Art, Taipei National University of the Arts', 'Students'' work-in-progress from Department of New Media Art, Taipei National University of the Arts', 'Students'' work-in-progress from Department of New Media Art, Taipei National University of the Arts', 'Students'' work-in-progress from Department of Communications Design, Shih Chien University', ''),
(53, 'Ban Shan', '10 min', '*The performance contains smoke and viewer discretion is advised.', '​​Ban Shan — which in the Taiwanese (Hokkien) dialect means “play god” — is a story about a “Ba Jia Jiang”, a young medium who represents the bodyguard of a Taiwanese god.  He has a lucid dream after a temple fair one night in which he dances until he becomes a god. In order to create a temple fair scene, in which Ba Jia Jiang dance in arrays accompanied by the sounds of firecrackers and Taiwanese gongs, a surround sound version of this work was created.  
The composer grew up in an area of Tainan City (Taiwan) populated by temples. This surround sound version of Ban Shan invokes the atmosphere of traditional festivals in her hometown, which she hopes to share with the world.', '', '', 'Sandra TAVALIＸWonderGymＸLIN Yen-Chun, Ban Shan, 2021', 'Sandra TAVALIＸWonderGymＸLIN Yen-Chun, Ban Shan, 2021', 'Sandra TAVALIＸWonderGymＸLIN Yen-Chun, Ban Shan, 2021', '', ''),
(54, 'Flesh Gods', '2 hours', '*The program contains nude, erotic, violence scenes and viewer discretion is advise.
*The age guidance for this performance is 18+ and valid ID is required for entry. 
*Audiences must follow staff instructions for entry and re-entry during the opening hour of the performance. ', '<p>By gazing at the world, creating connections and meaning seem like natural human pursuits. Distant stars forming constellations or the regulation of time-space is described in terms of humankind to broaden the imagination and narratives. Immersive dome projection experiences remind us of the frescoes that decorate religious buildings and serve as bridges to link people and the heavens/the world.</p><p>Flesh Gods is a durational performance that includes some nudity. Performers are inspired by frescoes that adorn religious buildings around the world. To achieve 360-degree cinematography effects, cameras are attached to the performers. Through continuous movement and exploration, flowing images create a giant flesh-dome. As we look up at the sky, we gaze at ourselves.&nbsp;</p><p>Audience members can join the performance to take part in shaping this dome, intervening in and illustrating spontaneous sequences of the cosmos.</p>', '', '', 'Co-coism, Flesh Gods, 2021', '', '', '', ''),
(55, 'Concurrent of Root(s)', '20min', '*The performance contains flashlights and viewer discretion is advised.', '<p>Concurrent of Root(s) is an experimental system which combines generative art and plant growth. By providing a co-owned space, an attempt is made to find out how the Internet affects the human time concept as humans produce connections among and interfere with one another in this unlimited and timeless Internet world.</p>', '', '', 'CHAO Pei-Yu, Concurrent of Root(s), 2021', 'CHAO Pei-Yu, Concurrent of Root(s), 2021', 'CHAO Pei-Yu, Concurrent of Root(s), 2021', '', ''),
(56, 'HETEROTOPIA：Dome', '15 min', '*The performance contains flashlights and viewer discretion is advised.', '<p>The concept of Heterotopia was proposed by Michel FOUCAULT in the 1960s. Different from the extreme fictional predictions of Utopia or Dystopia, Heterotopia refers to a space that exists outside the real world while reflecting it. Heterotopia forms the core of this project in which real-world samples are used to create a realistic scene in the micro view that exists but seems illusory.&nbsp;</p><p>In this dome edition, NANONANO reconstructs a macro scene in the micro world. The various possibilities for electron microscopic images are demonstrated through digital images by re-decoding and compiling the electron signal. Combining the characteristics of the dome, this edition provides an immersive viewing experience filled with spectacular landscapes.</p>', '', '', 'NANONANO, HETEROTOPIA, 2021', 'NANONANO, HETEROTOPIA, 2021', 'NANONANO, HETEROTOPIA, 2021', 'NANONANO, HETEROTOPIA, 2021', 'NANONANO, HETEROTOPIA, 2021'),
(57, 'INNERSTAR 01 : Reddening', '15mins', 'Visual Design｜HUANG Wei
Sound Design｜CHENG Dao-Yuan
Realtime Graphic Design｜HUANG Wei, WONG Kuok-Pan
3D Modeling｜Choco TSAO', '<p>INNERSTAR is an audio-visual series co-presented by HUANG Wei and CHENG Dao-Yuan. The concept is based on the relationship between the universe and mind, inspired by astronomical phenomena and the exploration of consciousness and existence from a philosophical perspective. 
INNERSTAR 01: Reddening is the first work in this series. Reddening refers to the interaction between interstellar matter and light, resulting in scattering and wavelength shifts. Using relevant data and physical characteristics as the reference basis for visual and sound, an audio-visual immersive experience is presented with surround sound and dome projection. Soaked and enfolded with a dazzling, illusive atmosphere, viewers are able to be in the deepest space in their minds. The stars are in your heart, and you are the universe.</p>', '', '', 'HUANG WeiＸCHENG Dao-YuanＸWONG Kuok-Pan, INNERSTAR 01 : Reddening, 2021', 'HUANG WeiＸCHENG Dao-YuanＸWONG Kuok-Pan, INNERSTAR 01 : Reddening, 2021', '', '', ''),
(58, 'Night Walk', '8 mins', '', '<p>Lying in a room, looking up at the ceiling, the soul walks out the door, into the mountains.

This film starts with an insomniac landscape as the ceiling of a room slowly emerges. Messy lines move about in the dark, floating and exploring like a ghost in the house. Outside, there are street lights and car lights. The sounds of cars become distant while walking toward a forest. At the end of the film, the audience leaves, bringing a dream with them.</p>', '', '', 'CHUANG Ho, Night Walk, 2021', 'CHUANG Ho, Night Walk, 2021', 'CHUANG Ho, Night Walk, 2021', 'CHUANG Ho, Night Walk, 2021', 'CHUANG Ho, Night Walk, 2021'),
(59, 'NTT ╳ C-LAB The Sun', '30 mins', '＊The performance contains smoke and laser lights and viewer discretion is advised.', '<p>The Sun is a collaboration between new-media artist TIAN Zi-Ping and composer Willian KUO. This piece builds on TIAN’s work for the National Taichung Theater - Lab X The Young Artists’ Atelier in 2020. It traces the tacit relationship between technology and humanity. People are more trusting and relying more on the operation and assistance of machines nowadays. Therefore, contemporary technological art embodies a tenderness that originates from the physical senses and is based on human reasoning.</p><p>This artwork coordinates the momentum of circular laser beams and machines to penetrate dancing bodies. The space within a semi-circle creates a surround sound field that resonates with the audience, as dancers act as physical instruments to transcend the space. This new-media dance performance attempts to build a “relationship” through untouchable visuals and interactions. The intention is to verify the dance and coexistence of machines and physical bodies, which might fundamentally be formed by asymmetrical communication.</p><p>Director｜TIAN Zi-Ping<br/>Sound Designer｜William KUO<br/>Choreographer &amp; Performer｜HSU Chen-Wei, LIN Yi-Chi<br/>Light Designer｜LIU En-Ting<br/>Smoke Designer｜LIN Shu-Yu<br/>Costume Designer｜CHEN Yi-Ting<br/>Technical Director｜TSAI Chi-Hung<br/>Coordinator｜KANG Chao-Tsung, HSIAO Ho-Hsuan<br/>Consultant｜TAO Ya-Lun<br/>Co-Production｜National Taichung Theater, Taiwan Contemporary Culture Lab (C-LAB)</p>', '', '', '', '', '', '', ''),
(60, 'Exploring the Starry Night-Stargazing Lecture', '45 mins per session', '', '<p>Stargazing apps are very useful, providing information about the night sky, such as how to recognize bright stars, constellations, and planets.
 
With a dome screen and the planetarium software Stellarium, an all-new method of introducing the constellations is created, which breaks through the limitations of time, light pollution, weather, and physical space. Moreover, audiences learn about astronomy from different perspectives, such as culture and popular science. With Stellarium software, it is not necessary to have a telescope to observe the surface of the moon, the large red spot on Jupiter, or the rings of Saturn, or to understand the solar system. In the urban jungle, it is possible to see the Milky Way, to learn about the stars, and to gaze at the starry sky!</p>', '', '', '', '', '', '', ''),
(62, 'Opening Video', '-', '', 'The opening video of FUTURE VISION LAB 2021 by 9 Grid Design', '', '', '9 Grid Design, Opening Video of FUTURE VISION LAB 2021', '9 Grid Design, Opening Video of FUTURE VISION LAB 2021', '9 Grid Design, Opening Video of FUTURE VISION LAB 2021', '', ''),
(63, 'Encoding/decoding', 'dimensions variable', '', '<p>《Let Me Tell You a Story》/&nbsp;<span style="color: var(--primary-gray-color);">LCD screens,&nbsp;</span><span style="color: var(--primary-gray-color);">digital images,&nbsp;</span><span style="color: var(--primary-gray-color);">computer program / 2020</span><br/></p><p>&nbsp;《Aphasia Series 1》/&nbsp;LCD screens,&nbsp;digital images,&nbsp;computer program / 2019<br/></p><p>《Aphasia Series 2》/&nbsp;LCD screens,&nbsp;digital images,&nbsp;computer program / 2019</p><p>《Drifting City》/&nbsp;LCD screens,&nbsp;digital images,&nbsp;computer program / 2020</p><p>《Invalid Perception》/&nbsp;<span style="color: var(--primary-gray-color);">LCD screens, sensors, electronic components, digital images, computer program / 2021</span><br/></p><p>《Misty Island》 /&nbsp;<span style="color: var(--primary-gray-color);">dual channel projection,&nbsp;</span><span style="font-size: 14px;">computer program / 2021</span><br/></p><p>The world we see every day is compiled by coding programs. This seems to be the future scenario predicted by science fiction, but we are already in it.

After being coded in different programming languages, digital codes are understood in data forms such as numbers, text, images, coordinates, and sounds. During the encoding and decoding process for different codes, human understanding of language and perception has changed. Stuart HALL has proposed studies of media hegemony and cultural issues under the media’s communication model. HALL’s research has shown how media producers can “encode” an object, a feeling, and an idea to achieve the purpose of communication. In contrast, “decoding” is the process and method of how the receiver understands after translating the encoded media message.

However, under this overwhelming information overload in the technology and media, how will the hidden encoding/decoding process transform language translations? How can humans find their way to decode after all digital data has been encoded? As technology and media reshape communication and languages, will people still view the world in its true form?</p>', '', 'LCD screens, sensors, electronic components, digital images, computer program, dual channel projection', '', '', '', '', ''),
(64, 'Big Dada: Public Faces', 'dimensions variable', '', '<p>Big Dada: Public Faces is a visual narrative comprised of ten AI-synthesised deep fake monologues featuring celebrity influencers from the past and present. The Big Dada series was first released in conjunction with the Spectre installation in June 2019 and included Mark ZUCKERBERG, Kim KARDASHIAN, Morgan FREEMAN, and Donald TRUMP. 

It quickly went viral and led to global press coverage and confused responses from Facebook and Instagram regarding their policies on synthetic media and computational propaganda. The Public Faces iteration was created in 2020 and added new character studies, including Marcel DUCHAMP, Marina ABRAMOVIĆ, and Freddy MERCURY.</p>', '', 'AI-generated video loop', '', '', '', '', ''),
(65, 'Let Me Tell You a Story', '147x172x15 cm', '', '<p>We are in a chaotic encoding world. "Let Me Tell You a Story" discusses how a story is understood. The artist sets up an invisible bystander in the space through programming language, listens quietly and puts together fragments of the event, trying to decode the full picture of a story in different contexts.</p><p>This work uses Machine Learning (ML) and Natural Language Processing (NLP), both of which are used to process language features in artificial intelligence. Like Siri, Google Assistant, and even our commonly used instant messaging software in our daily lives, there are a large number of natural languages to train computers to help deal with the needs of human life.</p><p>In this work, I collect the recorded words and sounds in daily life during the half-year period, especially sounds. I converted the records of conversations with people in daily life into words, and collected these words into a dataset of stories.</p><p>I use a natural language model to train this dataset, using the GPT-2 (Generative Pre-trained Transformer-2) model, which mainly deals with how to let the machine learn the architecture and patterns of human language. We can imagine how humans teach a child to read a story, from the structure of words and sentences, and even understand the meaning of the text and the text emotions of a dialogue. We are training computers to understand human language and regenerate new language systems. The most common of this category is the early automatic paper generation system, or the fake paper or fake news generation system that is common in recent years, which can automatically generate specific articles through the machine learning dataset.</p><p>I used GPT-2 to train the computer on the text I recorded during the six months. As an invisible bystander, the computer listens quietly and tries to piece together fragments of the story. The different brightness of the text in the work shows the training intensity of different sentences. The higher the contrast of the text, the higher the proportion of training times. On the contrary, if the number of training is less or the intensity of the sentence is lower, its color will be lighter.</p><p>This work attempts to respond to the rapid encoding and decoding process in digital media, and the authenticity of the story seems to be increasingly blurred. If we continue to allow computers to intervene in our language system through Machine Learning (ML) and Natural Language Processing (NLP), what will the full picture of a story look like? This is what I am curious about.</p>', '', 'LCD screens, digital images, computer program', 'Let Me Tell You a Story
LCD screens, digital images, computer program
147x172x15 cm
2020', 'Exhibition view', 'Exhibition view', '', ''),
(69, '“Aphasia” Series 1', '147 x 86 x 15 cm', '', '<p>The "Aphasia" series discusses that we receive a large amount of information every day and translate it into a special scene through programming language. The work attempts to interpret the indescribable dilemma of receiving huge amounts of information in our daily lives.</p><p>In my daily life, I deal with a large number of letters or text messages every morning after I get up and turn on my mobile phone or computer. There is often a dilemma that faces a series of text but it is difficult to read. All I see are many symbols. Although we have very convenient digital tools to process text and messages, we cannot interpret these texts. It''s like an "aphasia" situation.</p><p>In the medical definition of "Aphasia", most of them are caused by the loss of language ability after the injury of the left brain. Ironically, people who seem to be healthy, when receiving huge amounts of information frequently, gradually fear these words, and even resist reading and communication.</p><p>In the "Aphasia" series, I imported the text data compiled in "Let Me Tell You a Story" and transformed it into geometric symbols through programming language. Although these words have rich meaning, they become symbolic and lose their original interpretable language appearance.</p><p>The reason why we can understand the meaning of language, like the Chinese character "人", is because we define this symbol as "person" and has its meaning. A-Z in English is also defined as a meaningful symbol. However, if the language loses its original meaning and becomes just a symbol, just as we see many meaningless symbols in the image of the work and fill our vision with strange scenes. It presents the "aphasia" which refers to the dilemma that we cannot read the language.</p>', '', 'LCD screens,  digital images, computer program', '“Aphasia” Series 1
LCD screens,  digital images, computer program
147 x 86 x 15 cm
2019', 'Exhibition view', '', '', ''),
(72, '“Aphasia” Series 2', '147 x 86 x 15 cm', '', '<p>The "Aphasia" series discusses that we receive a large amount of information every day and translate it into a special scene through programming language. The work attempts to interpret the indescribable dilemma of receiving huge amounts of information in our daily lives.</p><p>In "Aphasia" Series 2, I tried to discuss the relationship between language and graphics. In the digital age, we prefer to communicate with machines or humans using graphics rather than words. If the language is difficult to read, or we gradually lose the ability to read, what will it look like if we transform the language into graphics?</p><p>I gave the computer the power to construct the symbol. After I define a rectangle in the screen, the color, texture, and flow method of the two lines in the middle of the screen are all determined by the programming language. I only give it the basic principles to make the computer program encode visual communication. I installed a computer on the left side of the screen of the work. At the same time, there is a signal cable and power cord connected to the screen, which is different from the common hiding of the computer and cables behind the work. At the beginning of this series of works, the role of the computer has gradually become a creator. It cooperates with me to create visual elements through programming languages. I try to highlight the idea of co-creation between humans and computers and advance the position of the key role of computers. Try to make the computer seem to be part of the work.</p><p>The works of the "Aphasia" series try to discuss the massive information overload of today''s technology, and language may no longer be what we originally imagined. If the dominant language of the future is no longer human, we will not be able to control the structure of the language we are familiar with. It may also be gradually lost in the gap between language and symbol translation.</p>', '', 'LCD screens, , digital images,  computer program', '“Aphasia” Series 2
LCD screens, , digital images,  computer program
147 x 86 x 15 cm
2019', 'Exhibition view', '', '', ''),
(73, 'Drifting City', '147 x 250 x 15 cm', '', '<p>"Drifting City" discusses the movement of humans on digital maps through the encoding of GeoMedia through digital trajectories. It looks like an autonomous digital spiritual journey, which may also be changing our imagination of distance. It is not only a physical sense of distance, but also a spiritual sense of distance.</p><p>What is digital trajectory? Our mobile phone can record the latitude and longitude coordinates of the movement. These coordinate values can construct all paths through GeoMedia. After collecting the trajectory of more than 2880 days in 8 years, I tried to represent it as a digital image. If the future vision and media are generated by digital coordinates generated by the movement of the body, it will be a new kind of imagination.</p><p>The main topic that I attempt to deal with in this work is the relationship between "body", "memory" and "distance". Discuss how to use the experience of body movement as an element of visual composition through the moving coordinates. A large number of digital coordinates accumulated in this work for 8 years also record the events experienced in these areas. Use my body movement and the memory in the digital trajectory to describe the vision generated in these paths.</p><p>There is another meaning in these digital trajectories, which makes a change in the way memories are recorded. In the past, I often used image-based methods to organize all memories, such as photos and videos. But through GeoMedia, we can wander in these memory-filled paths through these digital trajectories. Our sense of body between movement, distance and memory in physical or virtual space will be redefined.</p>', '', 'LCD screens, digital images, computer program', 'Drifting City
LCD screens, digital images, computer program
147 x 250 x 15 cm
2020', 'Details of the work', 'Exhibition view', 'Exhibition view', ''),
(74, 'Invalid Perception', '147 x 300 x 15 cm', '', '<p>"Invalid Perception" discusses the appearance of the world in which humans rely excessively on the numerical analysis of sensors. After long-term dependence on all perceptions being digitized, are we more ambiguous about the relationship between people and the world?</p><p>We are in the process of using a large number of sensors to perceive the world. We use digital sensors to understand temperature, humidity, and distance. We have gradually lost the basic ability to feel the world. For humans, there are various units of measurement, such as 100 cm, 30 degrees Celsius and so on. But for the sensor, when the unit of weight and measurement is removed, it can use its method to describe the outline of the world with programs and digital signals, which is different from the mode defined by humans and portrays a new world view. .</p><p>Try to imagine if we are used to viewing the screen or the sensor from a one-way perspective, whether there is a chance that the screen and the sensor will describe the world from their perspective. The work is embedded in a screen through more than 800 ultrasonic sensors. It can sense the number of people in front of it and the spatial distance in real time, and the values they sense will be transmitted to the computer in the middle through the signal line. After real-time calculations by the program, the screen on the side will draw abstract paintings to show what they have observed.</p><p>For these sensors, the world they perceive is different from ours. I give them part of the power to describe the world. I only give them simple programming logic and more flexibility. It''s like an artist using painting to describe the world in his eyes. If there is a large number of people moving in front, the lines of the painting will be richer. On the contrary, it will only depict a small figure with a small area when no one is in front. It will restart the painting if no data is sensed for a period of time. The lines depicted in this work are changing at any time. It is like a digital painter who is constantly drawing, and will automatically save the picture files regularly.</p><p>"Invalid Perception" proposes that the future world may be different after humans continue to transmit various data to computers. At the meantime, the master-slave relationship between humans and computers may also exchange roles with each other. Perhaps, we have gradually lost the ability to perceive this world and even the dominance.</p>', '', 'LCD screens, sensors, electronic components, digital images, computer program', 'Invalid Perception
LCD screens, sensors, electronic components, digital images, computer program
147 x 300 x 15 cm
2021', 'Details of the work', 'Exhibition view', '', ''),
(75, 'Misty Island', 'dimensions variable', '', '<p>"Misty Island" uses daily photos and digital programs to create a vision of the future world. It is discussed that when we have over-relied on digital technology to identify and analyze this world, we may be trapped in the midst of confusion and ambiguities caused by digital programming. Perhaps we may enter the "Brave New World" written by Aldous Leonard Huxley.</p><p>I took the scenes that I had visited in my daily life, such as the appearance of the woods when climbing, and the view of the sea from the top of the mountain. I used these images to recreate the appearance of the future world through digital programming. In these reorganized scenes, there will be an image of human faces that are objectively understood by humans. For computers, this is not a human face, it is just the serendipity of the image reorganized through a program algorithm, and only humans will think it looks like a human face. When the computer is capable of determining the future worldview, it may be as shown in the work: blue water is not water and pink mountains are not mountains. It is completely out of human understanding. In this work, the visual images and colors are the results of computer programs. I only provide photos of my daily life and let the computer determine the possibilities. This also proposes that when the relationship between humans and computers is inseparable, we always copy human values through artificial intelligence(AI) and machine learning(ML). If such a contradictory relationship continues, the imagination of the world in the future may face a weird sense of doomsday.</p><p>How can humans find a way to decode if we continue to be immersed in digital encoding in our life patterns. When the technology media reshapes a new language structure, is the digital world we live in not real?</p>', '', 'dual channel projection, computer program', 'Misty Island
dual-channel projection, computer program
dimensions variable
2021', 'Exhibition view', 'Exhibition view', 'Exhibition view', ''),
(77, 'TEST', '', '', '<p>TEST</p>', '', '', '', '', '', '', ''),
(78, 'Sunset of Lak-Tshat', 'W220×D120×H150 cm', '', '<p>Sunset of Lak-Tshat reinvigorates the contemporary “sunset” imagery that has long been regarded as a mere clichéd symbol, giving it a fresh materialization, while it also recalls the retro-futurism characteristic of the 2010s internet subculture, Vaporwave. In this installation, the intentional employment of a fog machine accelerates the decay of the smooth, lacquered surface of the iron billboard. As time elapses, the varnish breaks down, and the “picture” ends up being more and more like an “object.” The wordplay “lak-tshat” in Taiwanese signifies the deterioration of the varnish on the surface, while also suggesting errors or imprecision.</p><p><br/>Expanding upon his previous exploration of fictive historicity, Lee Yung-Chih began experimenting with metal corrosion in 2022 as he delved into the relationship between material decay and perceived meanings. The misty and moist Sunset of Lak-Tshat appears particularly ambiguous and bewildering. It refers to a sense of loss for fleeting moments, meanwhile conveying an artificially constructed historicity. Nowadays, we are distant from the profound melancholy expressed in Tang-dynasty poet Li ShangYin’s imagist line, “The sunset is magnificent / But dusk is near.” Contemporary media culture converts everything into rapid consumption of commodified sentiments. Sorrow is transformed into a genrefied experience, as if it were a playlist of emotions for us to play at any time in infinite loops.</p>', '', 'Baking Enamel Iron Plate, Metal Support, Fog Machines', 'Sunset of Lak-Tshat', 'Sunset of Lak-Tshat', 'Sunset of Lak-Tshat', 'Sunset of Lak-Tshat', 'Sunset of Lak-Tshat'),
(79, 'Excavation Site: Potato-shaped Stone Tool (Bat-like Relief), Dum', 'Dimensions Variable', '', '<p>A sunken hollow in an undulating terrain—this large-scale installation created by Hsu Chih-Yu brings forth an almost preposterous question: Is there not a resemblance between an archaeological excavation site and a skate park?</p><p><br/>We are naturally compelled to reflect on how archaeologists and skateboarders each engage with a sunken terrain in their unique ways. The analysis of historical evidence by archaeologists demands physical exertion, and their investigations result in the emergence of new landscapes. In contrast, skateboarders operate exclusively above the ground. As they perform repetitive bodily motions, they assimilate themselves into the sunken terrain. Regardless of whether it involves labor or sport, a compact hoe or a board mounted on four wheels, the body aided by instruments persistently forges new relations to the spatial-temporal connotations of a landscape.</p><p><br/>Hsu’s art masterfully rearranges familiar objects, symbols, and styles, thereby unlocking the potential for varied imaginings and alternative ways of seeing. The latest installation work commissioned by the exhibition juxtaposes and connects two seemingly unrelated scenarios. Presented before us are an archaeological excavation site and a chamber for displaying fabricated antiquities; simultaneously, it serves as an authentic skate park—a playground for exploring concepts in a back-and-forth manner, exchanging roles, and cultivating unbridled creativity.</p>', '', 'Installation', 'Installation', 'Installation', 'Installation', 'Installation', 'Installation'),
(80, 'Printed Sunset', 'Dimensions Variable', '', '<p>We see two couple-like characters snuggling up to each other and enjoying the sunset over the horizon. As the camera zooms in on them, they share a relaxing intimacy with their attention concentrated, as if they don’t want to miss the most touching scene in the last minute of the day. When we focus on their eyes that gaze into the distance, we can’t help but recall: all this appears somehow familiar, exactly a common trope in romance movies. Then, with the change of shot, the camera zooms out from the sunset, and we soon realize that it’s merely part of the studio setting, a cardboard backdrop drawn with vector patterns. However, just like the characters who inhabit their roles, we’re still driven by our vision and the images, trying to stretch our romantic imagination.</p><p><br/>In Printed Sunset, the artist extracts the cinematic trope which conveys a sense of déjà vu, and he arranges it into a minimalist, syrupy yet deadpan flash fiction. The zoom-in/out lenses alternate slowly with each other. They create an impression of paying tribute to the shot/reverse shot often seen in Hollywood films, whilst simultaneously reveal a harmonious, mirror image-like visual structure. Amidst the infinite reflections, we seem to be trapped in a time loop formed by the cinematic trope, which is reminiscent of a repeatedly skipping soundtrack.</p><p><font size="2"><span style="color: var(--primary-gray-color);"><br/></span></font></p><p><font size="2"><span style="color: var(--primary-gray-color);">Performers</span>&nbsp;|</font></p><p><font size="2">Zoé TULLEN</font></p><p><font size="2">Bettina Blanc PENTHER</font></p><p><font size="2"><span style="color: var(--primary-gray-color);">Music</span>&nbsp; |</font></p><p><font size="2">The Caretaker</font></p><p><font size="2"><span style="color: var(--primary-gray-color);">Camera</span>&nbsp; |</font></p><p><font size="2">Francisco MECE</font></p><p><font size="2"><span style="color: var(--primary-gray-color);">Editor</span>&nbsp;|</font></p><p><font size="2">Andrés BARON</font></p>', '', '16mm Transferred to Digital File, Color, Sound', 'Printed Sunset', 'Printed Sunset', 'Printed Sunset', 'Printed Sunset', 'Printed Sunset'),
(81, 'In the Air Tonight', '11''03''''', '', '<p>There’s an urban legend about Phil Collins’ inspiration for his 1980 hit “In the Air Tonight,” which Artist first heard as a teenager while getting high in a friend’s basement. According to the ritual of the legend, the song is played while a narrator tells the story, syncing the infamous analog drum break of the song with the climax of the narrative.</p><p><br/>In March 2020, from a hillside home that faces the Hollywood sign, he began to dwell on Phil due to an experience he had one night on the Pacific Coast Highway. Driving alongside him was a woman tuned into the same radio frequency, emphatically singing along to “In the Air Tonight.”</p><p><br/>Andrew Norman Wilson created a lengthy overture to this hit in this film. The monologue meticulously narrates the urban legend about this song in a soothing voice like a spiritual mentor. The monologue continued till Phil Collins directly sings the chorus: “Well I remember, I remember don’t worry. How could I ever forget? It’s the first time, the last time we ever met…”</p><p><font size="2"><br/></font></p><p><font size="2">Writter, Director, Editor, and Producer&nbsp;|</font></p><p><font size="2">Andrew Norman WILSON</font></p><p><font size="2">Narration |</font></p><p><font size="2">David GEORGE</font></p>', '', 'HD Video', 'In the Air Tonight', 'In the Air Tonight', 'In the Air Tonight', '', ''),
(82, 'Long Distance Highway Hotel', 'Dimensions Variable', '', '<p>This work is a collection of familiar clips from road movies: hotel signboards lit up at night, weather-beaten cars, cheap souvenirs, and sleepless nights. In these films, the long journey is portrayed as a mesmerizing coming-of-age ritual. The story unfolds with the scenery outside the car window. The protagonist has a journey as bizarre as profound, on which he not only undergoes a personal transformation, but also finds his innermost self.</p><p><br/>“But do you know what kind of road movie I personally prefer? The ones where the main character has a transformative experience, and remains completely unchanged by the end of the film. Isn’t that cool?” The artist said. We’re not sure whether the idea of “discovering one’s innermost self via a grand tour” comes from the old-school instructions of the real world, or we actually have been living in the narratives of road movies. The artist also highlights the absence of cell phones in all road movies. The out-of-place, palm-sized device disrupts the solitary grand tour, making us constantly aware of the people we love and the friends we miss far away. Eventually, you realize that you can’t be all alone on the road.</p><p><br/>Long Distance Highway Hotel is more than a love letter to road movies. The artist reorganized the symbolic fragments of stereotypical films into a personal fable brimful of fantasies. We’re still on the road, yet this is an unimagined and more vivid road movie.</p>', '', 'Sculpture, Photography, Installation, Painting', 'Long Distance Highway Hotel', 'Long Distance Highway Hotel', 'Long Distance Highway Hotel', '', ''),
(83, 'The Song of Stone', '24’30’’', '', '<p>The Song of Stone is a 16mm film that utilizes the photographs taken by Y. Ernest Satow of LIFE Magazine, depicting Masayuki Nagare’s sculptures and a mason in the village of Ajicho in Kagawa Prefecture while covering a story on the sculptor. Ajicho, with a history of over 300 years, is renowned as the birthplace of the famous “Aji stone.” This film employs a highly figurative visual language to reimagine the lives, beliefs, and work cultures of the 1,200 stonemasons who settled there, growing up amidst the sounds of stone carving. With their own hands, they created their own gravestones, under<br/>which they now rest eternally. Through Toshio Matsumoto’s camera lens, viewers are guided to observe different aspects of the static images. Within the camera frame, the original elements of the images are deconstructed, giving rise to new narratives that establish a mysterious and unique interdependent relationship between humans and stones. In preparation for the filming, Matsumoto meticulously created a highly detailed visual storyboard. Similar to The Weavers of Nishijin, this work brings his theory of avant-garde documentary filmmaking into practice, deliberately disrupting viewers’ perceptions through the complex structure of the film. The soundtrack for this film is composed by Kuniharu Akiyama from the Jikken Kobo, employing musique concrète techniques using sounds produced by stones. It was broadcasted as a television program in February 1963.</p><p><font size="2">Image Courtesty of Postwar Japan Moving Image Archive (PJMIA)</font></p>', '', '16mm Transferred to Digital File, B&W, Sound', 'Image Courtesty of Postwar Japan Moving Image Archive (PJMIA)', '', '', '', ''),
(84, 'For the Damaged Right Eye', '12''10''''', '', '<p>This expanded cinema was performed at the Sogetsu Art Center in 1968. The images were projected onto a single screen using two 16mm projectors and a 35mm projector, resulting in overlapping visuals. During this period, Matsumoto’s works transitioned from the avant-garde documentary to experimental film. Japan in the 1960s was experiencing a societal upheaval, with elements such as disco-dancing hippies, clashes between police and student protesters, the Kwon Hyi-ro Incident, and the exploration of homosexual culture. These societal conflicts of 1968 were vividly depicted on the screen, colliding and blending in multiple layers. At the premiere, strobe lights positioned around the screen were activated at the end. Kuniharu Akiyama composed musique concrète based on popular songs.</p>', '', '16mm Transferred to Digital File, B&W, Color, Sound', 'For the Damaged Right Eye', 'For the Damaged Right Eye', '', '', ''),
(85, 'Engram', '11''50"', '', '<p>This film starts with a Polaroid taken in front of a real scene, where the reality and the image infiltrate and overlap each other. Suddenly a jump cut follows, and the director comes up on the television screen, explaining how images are shaped into our memories. Gradually, the image disintegrates, resulting in ineffective oral communication. Then, another Polaroid shows up. The previous plot repeats itself in a new frame, which seems nonetheless inconsistent with our memories… As Toshio Matsumoto’s iconic experimental short film, Engram, employs a syllogism and a meta-cinematic language to investigate image, reality, and the dialectical relations among different image media. The director himself appears repeatedly in front of the camera, in the picture, and on the television screen. There are frames within frames, everything is tantamount to a recurring yet ambiguous dream. Matsumoto’s late works since the 1980s have focused on the narrative falsehoods of images and the relationship between images and their viewers. “What you treat as reality is fictional, and what you consider as fiction is real,” he claimed so. For Matsumoto, images approximate narratives, whilst a trap lies in such a resemblance, because there are always discrepancies between represented images and realities. The palace of memory constructed by images is little more than a labyrinth.</p>', '', '16mm Transferred to Digital File, Colour, Sound', 'Engram', 'Engram', '', '', ''),
(86, 'Asia and Africa Today', 'Dimensions Variable', '', '<p>After the Korean War, at the United Nations, an annual proposal was held between democratic and communist countries over the issue of U.S. forces stationed in South Korea. As African countries independent from Europe joined the United Nations at the end of the 1960s, many African countries boasted their cohesiveness as non-aligned groups and exerted their power in the UN General Assembly.<br/><br/></p><p>Accordingly, North and South Korea started a diplomatic competition to win support from African countries at the United Nations, and as a result, North Korea received support from African countries at the United Nations from the mid-1970s. By the end of the 1970s, the Soviet Union was providing military aid to Africa and calling it “socialist.” At the same time, China offered African countries military aid as well in exchange for their support for its one-China policy. It is also true that China used Africa as a means to pressure Taiwan.<br/><br/></p><p>In this work, images of gifts scanned from North Korean and South Korean government catalogs are presented as photographs and 3D sculptures. The gifts given to North Korea by its African and communist allies and those given to South Korea by its democratic allies (including the United States) in the 1970s are displayed on a pedestal in the form of an altar. This has the meaning of a ritual for the past, which has already become a relic. In addition, on the projection wall, the propaganda films produced by North Korea, South Korea, and China in the 1970s, as well as the excerpts from the<br/>magazine Asia and Africa Today published by the Soviet Union in the sameperiod, are displayed together.</p>', '', 'Mixed Media', 'International Friendship', 'International Friendship', 'International Friendship', 'International Friendship', 'International Friendship'),
(87, 'Formal Portrait', '8''31"', '', '<p>In Formal Portrait, Polina Kanis reexamines the culture of parades and mass processions as one of the most powerful Soviet ideological instruments, and specifically a deconstruction of the traditional practice of performing acrobatic maneuvers on moving equipment. The key motif becomes the eternity of expectation – we hear the roar of the engine as a symbol of a readiness for action, the pole has been prepared, and the figures obediently come together to form a flag – this endless repetition is fated to remain in eternity, without ever becoming a moment in history. The ritual of the raising of the flag, called upon to demonstrate a victorious strength in a dramatized, directed eternity, merely lays bare the impotency of the action carried out: the flag is raised in an enclosed, publicly unseen territory, its ceremonial raising becomes a metaphor for a victory that will never come. (Text by Daria Atlas, born in 1988 in Moscow. Art historian, art critic.)</p>', '', 'HD Video, Stereo Sound', 'Formal Portrait, 2014, Video, HD, 8’31” ', 'Formal Portrait, 2014, Video, HD, 8’31”', 'Formal Portrait, 2014, Video, HD, 8’31”', 'Formal Portrait, 2014, Video, HD, 8’31”', 'Formal Portrait, 2014, Video, HD, 8’31”'),
(88, 'Teenagers, Smoke and Umbrellas', 'Dimensions Variable', '', '<p>In 2019, Lee Tek-Khean participated in the Anti-Extradition Law Amendment Bill Movement (2019–2020 Hong Kong protests) when he joined the marching crowd in front of the Tsim Sha Tsui Division Police Station. He saw “Sau Zuk (comgrades)” build blockades with found wooden boards to shield the march from external intervention. After the protests, he transported these wooden boards to Taiwan that endured tear gas and police actions. Then Lee used simple, crude woodcut techniques to create prints as re-interpretation of protest images distributed online at the time—a mixture of cellphone snapshots made by “Sau Zuk” at the frontline and journalistic photography in the media. Inspired by Lu Xun’s leftist ideals during the Modern Chinese Woodcut Movement in the 1930s, Lee directly utilized<br/>objects found at protest spots as the material foundation for printmaking and produced this series of prints.</p><p><br/>After the Law of the People''s Republic of China on Safeguarding National Security in the Hong Kong Special Administrative Region (often referred to as the Hong Kong National Security Law) was passed, the smothering political climate further deteriorated. The series of works planned to be shown in Hong Kong was forced to be taken down because its depictions of slogans and scenes of the protests touched certain political nerves.&nbsp;<span style="color: var(--primary-gray-color);">The&nbsp;</span><span style="color: var(--primary-gray-color);">exhibition in Tokyo about the protests was, too, cancelled on short notice&nbsp;</span><span style="color: var(--primary-gray-color);">over concerns for the safety of students and visitors. Afterwards, one after&nbsp;</span><span style="color: var(--primary-gray-color);">another “Sau Zuk” took down posts on social media or even deleted their&nbsp;</span><span style="color: var(--primary-gray-color);">profiles for their own safety. Apple Daily, running business for 26 years, and&nbsp;</span><span style="color: var(--primary-gray-color);">Stand News, both ceased their operations because of violating the law;&nbsp;</span><span style="color: var(--primary-gray-color);">their website disappeared into oblivion. The images referred to by this print&nbsp;</span><span style="color: var(--primary-gray-color);">series were vanishing rapidly on the internet. The situation could be compared&nbsp;</span><span style="color: var(--primary-gray-color);">to a brain undergoing memory loss resulting from the elimination of&nbsp;</span><span style="color: var(--primary-gray-color);">the prefrontal cortex.</span></p><p><span style="color: var(--primary-gray-color);">The collapse of the internet image repository placed this print series in&nbsp;</span><span style="color: var(--primary-gray-color);">the role of preserving evidence that aids in combating forgetfulness. After&nbsp;</span><span style="color: var(--primary-gray-color);">realizing this, Lee started a crowdfunding project, published a catalogue&nbsp;</span><span style="color: var(--primary-gray-color);">in 2021, and curated exhibitions to fight against the information blockade&nbsp;</span><span style="color: var(--primary-gray-color);">on digital media. According to the artist, “Works of art resemble organic&nbsp;</span><span style="color: var(--primary-gray-color);">systems which generate diverse meanings in various circumstances, all the&nbsp;</span><span style="color: var(--primary-gray-color);">while witnessing the fall of a city of liberty. Can people like us who are subject&nbsp;</span><span style="color: var(--primary-gray-color);">to long-term geopolitical risks connect with or find resonance in these&nbsp;</span><span style="color: var(--primary-gray-color);">works?”</span></p>', '', 'Woodcut, Readymade', 'Teenagers, Smoke and Umbrellas ', 'Amidst the smoke', 'Amidst the smoke', 'Teenagers, Smoke and Umbrellas', 'Teenagers, Smoke and Umbrellas'),
(89, 'Trace', '48.7×60.8 cm', '', '<p>After the incident of radiation leakage from Japan’s Fukushima Daiichi Nuclear Power Plant caused by the Tōhoku earthquake and the ensuing tsunami on 11 March 2011, Japanese photographer Shimpei Takeda decided to take a physical record of the most serious human-made nuclear accident in history.<br/><br/></p><p>Both visible light and electromagnetic radiation can be adopted to develop photographs since they are similar forms of energy that travel in different wavelengths. Accordingly, Takeda exposed photo-sensitive materials to the&nbsp;traces of radiation emitted from contaminated particles, namely a direct recording of this disaster with cameraless photography.<br/><br/></p><p>In January 2012, Takeda collected 16 samples of contaminated soil from 12 sites around Japan. Then he measured and recorded the radiation levels of these samples. Located in five different prefectures, all these sites, including temples, shrines, war relics, castle ruins, and his birthplace, carry the artist’s vivid memories of life and death. He buried the negatives in these soil samples for weeks or months, allowing the radiation from the soil to leave its mark directly on the negatives.</p><p><br/>This series of images technically presents a materialized topography of the disaster, yet visually they resemble awe-inspiring nebulae. Here, the photo-sensitive technology and the materiality of traditional photography attach a double meaning to this historical experience—both as an immediate relic of the physical world, as well as an extended metaphor for the fragile, infinitesimal human civilization.</p>', '', 'Gelatin Silver Print', 'Trace', 'Trace', 'Trace', 'Trace', 'Trace'),
(90, 'Memory of Currency', 'Dimensions Variable', '', '<p>The project Memory of Currency is an attempt to create money fossils— links between modern currencies and seashells, which were used as currency&nbsp;<span style="color: var(--primary-gray-color);">before modern times. INOMATA inserts a small nucleus—a foreign&nbsp;</span><span style="color: var(--primary-gray-color);">body—into a pearl oyster shell. Each nucleus is modeled on the portrait of&nbsp;</span><span style="color: var(--primary-gray-color);">a person used as a symbol on national currency, such as George Washington,&nbsp;</span><span style="color: var(--primary-gray-color);">Queen Elizabeth, or Yukichi Fukuzawa. Inside the shell, the pearl oyster&nbsp;</span><span style="color: var(--primary-gray-color);">covers the portrait with nacre, creating a pearl in the shape of the individual.&nbsp;</span><span style="color: var(--primary-gray-color);">The fusing of currency (manmade) with pearl oyster (non-manmade) results&nbsp;</span><span style="color: var(--primary-gray-color);">in the emergence of a new kind of currency that is inseparable from a&nbsp;</span><span style="color: var(--primary-gray-color);">natural species. It leaves us contemplating the possibility that these works&nbsp;</span><span style="color: var(--primary-gray-color);">could one day be rediscovered as fossils by future humans.</span></p>', '', 'Shells, Videos', 'Memory of Currency', 'Memory of Currency (Elizabeth II), Image Courtesy of the Artist', 'Memory of Currency, Photo by Hayato WAKABAYASHI, Image Courtesy of MAHO KUBOTA GALLERY', 'Memory of Currency', 'Memory of Currency'),
(91, 'Gray Room', '16’06’’', '', '<p>In Gray Room, Hsu Che-Yu transforms the dwelling which his late grandmother once inhabited into a digital representation in virtual reality via the means of 3D scanning technology. By doing so, the artist investigates the interplay between architectural space and bodily perceptions as he approaches memories and death through the lens of materiality. Gray Room<br/>unfolds with a childhood memory of the artist, in which he suddenly woke up during sleep and discovered himself outside the house, confronted by a bewildering sensation of unfamiliarity.<br/><br/></p><p>The artist reveals that he has been bothered by unusual headaches in the last two years and that he is diagnosed with Diplopia. Commonly referred to as double vision, Diplopia occurs when an individual perceives two overlapping images while observing a single object, potentially resulting from neurological disorders. Contemporary medical science provides explanations for nearly all cognitive and emotional functions, particularly within the realm of neuroscience. Viewed from a scientific perspective, minds and perceptions regarded as structural dynamics within the nervous system become substantial objects loaded with materialist implications. In Gray Room, intimate family memories are converted into a digital sculpture through 3D scanning. This documentation methodology reminiscent of materialization encourages us to further contemplate the potentialities of emotions.</p><p><br/></p><p><font size="2">Co-production&nbsp;|</font></p><p><font size="2">Kaohsiung Film Archive VR FILM LAB</font></p><p><font size="2">Han Nefkens Foundation</font></p>', '', 'VR360', 'Gray Room', 'Gray Room', 'Gray Room', 'Gray Room', 'Gray Room'),
(92, 'Hong-ye Juvenile Baseball Team and Teen Images', 'Dimensions Variable, 17’00’’', '', '<p>In 1968, Taiwan encountered its former mother country, Japan, on a baseball field, for the first time in 20 years since the “Retrocession” (to the Republic of China). A series of 5 friendly Taiwan-Japan Little League Baseball Games took place. It was not only the first sport event ever to be televised in Taiwan’s history of television, but also a prelude to the two golden decades where Taiwan frequently won all three championships in the Little League World Series, Senior League World Series, and Big League World Series—a celebratory time for people of this island nation. As we reflect upon history from a distance, now, in 2023, we see images of a group after another group of teenagers serving as a medium to convey the intricate twists and turns of national identity spanning 6 decades.<br/><br/></p><p>Identity is made possible through recurring actions. Nonetheless, the team to kick-start the golden decades—The “Taitung Red Leaves” from Yanping Township, Taitung, Taiwan—is associated with cheating controversies. Their reputation fluctuates in the words of politicians in different eras, reflecting contesting ideologies, while their significance in collective memory fades with time. The “Taitung Red Leaves” as a part of historical literature reveals traces of teenagers’ images complicated by political aspirations, a product of intersecting power deployments.</p><p><br/>Continuing his recent interest in Taiwanese history, Hsieh Yung-Cheng takes the textualized (that is, becoming a part of historical literature) “Taitung Red Leaves” as a starting point and collects images of teenagers from different periods in varied contexts. He then draws upon contemporary gender theories to deconstruct gazes and desires projected onto the teenagers. Through the use of multichannel video and performance in the form of a lecture, he re-interprets the sensory and the perceptive involved in the course of image production and explores the agency of participation in memory writing.</p>', '', 'Video Installation', 'Hong-ye Juvenile Baseball Team and Teen Images', 'Hong-ye Juvenile Baseball Team and Teen Images', 'Hong-ye Juvenile Baseball Team and Teen Images', 'Hong-ye Juvenile Baseball Team and Teen Images', 'Hong-ye Juvenile Baseball Team and Teen Images'),
(93, 'Unmasked (Bootleg)', 'Dimensions Variable', '', '<p>“Cover bands” or “tribute bands” – commonly referred to as “copy bands” in Japan – play famous songs by other people. The difference between both, very roughly, is that “cover bands” arrange the original songs in their own style, whereas “tribute bands” first and foremost adhere to the original versions, and sometimes even “transform” into the original musicians by dressing and acting like them.<br/><br/></p><p>Unmasked (Bootleg) is a portrait of WISS, a band based in Yagi-cho, Nantan-City, Kyoto Prefecture. As a tribute band, they have been playing songs by the American hard rock band KISS for 15 years, and Araki has been following them since two years ago. The way they express their love and respect for KISS through their interpretations of the band’s songs and world view, is in itself a tribute, but they also have their own story. Different from the real thing, WISS is a quintet, and it happened in the past that the members switched makeups and instruments at a live show.<br/><br/></p><p>Presented as a two-channel video installation, the work portrays the band “masked and unmasked” so to speak – onstage and offstage, in performance and in daily life, with and without makeup. It does not include any audio of the live performance, for which there are various reasons, including the idea to highlight the issues of copyrights and reproduction rights that every tribute band is destined to cope with. Araki has realized that it is difficult to discuss this concept as a binary opposition. Copying original songs in a faithful manner doesn’t change anything in the “master-servant” kind of relationship between original and copy. In the question of how it may be overturned, Araki focused on the “essence of the reproduction act itself” that comes to the surface when ignoring the “quality of the performance” that is supposedly what it is all about. While pretending to do a music documentary, the idea was to capture the originality and uniqueness of WISS under the limiting condition that none of their music would be used.<br/><br/></p><p><font size="2">*Commissioned work for Yebisu International Festival for Art &amp; Alternative Visions 2023, organized by Tokyo Photographic Art Museum.</font></p>', '', '2-channel HDV Installation (LED Vision, Silent; LCD Monitor, Sound), Vinyl Record', 'Unmasked (Bootleg)', 'Unmasked (Bootleg)', 'Unmasked (Bootleg)', 'Unmasked (Bootleg)', 'Unmasked (Bootleg)'),
(94, 'Floating Memories', '12''00"', '', '<p>In the nostalgic dreamy video Floating Memories, an old vinyl record, slightly twisted, is slowly spinning. One is caught by this incessantly repeating wave motion and lulled by its delicate sound. Both metaphoric and poetic, the image is reminiscent of a childhood memory, like a distant mirage.</p>', '', 'HD Video, Colour, Sound', 'Floating Memories', '', '', '', ''),
(95, 'Stille Disco', 'L50×W40×H13 (cm), L25×W40×H13 (cm), L46×W40×H13 (cm)', '', '<p>In the nostalgic dreamy video Floating Memories, an old vinyl record, slightly twisted, is slowly spinning. One is caught by this incessantly repeating wave motion and lulled by its delicate sound. Both metaphoric and poetic, the image is reminiscent of a childhood memory, like a distant mirage. The installation Stille Disco consists of an assembly of three stone sculptures, representing a perfect replica of a stereo system, only slightly enlarged. Possibly due to music’s inherently durational quality and its strong connection to emotions, it becomes challenging for us to resist being fascinated by the inanimate, almost fossilized appearance of the rigidly-aligned stone sculptures when they showcase the sound machines as a “still life.” Silent and lifeless, the monotonous characteristics of its materiality and texture convey a sense of timelessness, as though time had halted and unknown intangible nostalgia was transformed into commemorative pieces. The term, “Stille Disco,” refers to a type of events where people dance to music listened to on wireless headphones. In doing so, fascinating contradictions within the term’s semantics are emphasized, where the audience is encouraged to reflect further, while attention is drawn to the subtle distinctions between “sounds-silence” and “motion-stillness.”</p>', '', 'Installation of 3 Stone Sculptures', 'Stille Disco', 'Stille Disco', 'Stille Disco', '', ''),
(96, 'father', '88×111.3 cm', '', '<p>Kanagawa’s father would suddenly disappear, and, if it happened, Kanagawa would not see him for a few months. His father tended to repeatedly disappear and ergo became a man who lost everything－<br/>his money, relationships, and thoughts. Becoming a man with nothing was what he wanted.<br/><br/></p><p>It enabled him not to care about himself and others who care about him. The novelist Paul Auster once wrote: “If it is true that we can ever come to know another human being, even to a small degree, it is only to the extent that he is willing to make himself known. A man will say: I am cold. Or else he will say nothing, and we will see him shivering. Either way, we will know that he feels cold. But what of the man who says nothing and does not shiver? One can do no more than observe. But whether one can make sense of what he observes is another matter<br/>entirely.”</p><p><br/>Kanagawa’s father would shiver if he feels cold, but if you ask him “Why are you shivering?”, then he would answer “I do not know.” We can’t tell whether he really doesn’t know or he doesn’t want<br/>to think. He probably can’t distinguish between them himself.&nbsp;</p><p>Since 2009, Kanagawa had photographed his father—an enigmatic character in his memories.&nbsp;<span style="color: var(--primary-gray-color);">They met regularly. Photography served as the way in which he observed and connected with his </span><span style="color: var(--primary-gray-color);">father. These images become the evidence of his father’s previous presence. They hold a detached</span></p><p>gaze at the most intimate moments.</p>', '', 'Inkjet Print', 'father', 'father', 'father', 'father', 'father'),
(97, 'Our Hobby is Depeche Mode', '1:07’00’’', '', '<p>Jeremy Deller and Nick Abraham’s 2006 documentary, Our Hobby is Depeche Mode tells a story of resolute faith and devoted fandom; a bizarre, funny, sad and often touching reflection on how people intimately embrace and appropriate pop culture in their own lives.</p><p><br/>Originally commissioned as part of a planned anniversary release by Depeche Mode’s label, Mute Records, Deller and Abraham’s film exclusively follows the band’s ardent and hardcore international fanbase, documenting their enthusiasms, rituals, and passionate partisanship. As one of their myriad of international fans declares, “It sounds crazy, but it’s our hobby. Depeche Mode isn’t just our passion. Other people go to the gym or do sport. Our hobby is Depeche Mode.”</p>', '', 'Digitised Video Projection', 'Production still showing Depeche Mode fans in Tehran, Iran Our Hobby is Depeche Mode, 2006, Photo by Jeremy DELLER, Image Courtesy of the Artist and The Modern Institute/ Toby Webster Ltd, Glasgow', 'Our Hobby is Depeche Mode', 'Our Hobby is Depeche Mode', '', ''),
(98, 'LEE’S DVD', 'Dimensions Variable, 2’00’’', '', '<p>Welcome to the charming world of LEE ’S DVD! A compact, delightful video rental shop awaits, featuring a collection of hand-drawn DVD mock-ups that blurs the boundaries between 2D and 3D realms.<br/><br/></p><p>“Where streaming is now, DVD rental was the beginning.” Venture into Lee’s Quantum Universe and be captivated by an array of stunning handdrawn DVD mock-ups which is reminiscent of a classic video rental store display. Behold the latest Korean dramas, streaming platform originals, and superhero movies, all recreated in a DIY style, as if they’ve been “burnt” onto DVDs for a fresh and extraordinary audiovisual experience! LEE’S DVD provides not only dazzling film and television works but also an emotional voyage to your past, taking you back to your room in student days where you downloaded video and audio files, sneakily copied and shared them with others. Or, it makes you revisit the era when a mix of games, software, and movie DVD catalogs was a common sight at roadside stands. Enter a<br/>realm where time and space bend as Lee Kan Kyo masterfully reproduces a part of his own memories and those of that era. Witness the creation of a pioneering “origin” technology when the artist compresses the nostalgic elements and transforms them stroke by stroke.</p><p><br/>Through painstaking acts of drawing and painting, Lee reproduces a myriad of mock-ups of visual materials that are overabundant in today’s<br/>capitalist society, such as stills of streaming series, supermarket flyers, and tabloid covers. Closely connected to the LEE Kan Kyo’s N. F. T. and Tsudaya Video Rental series, LEE’S DVD is a part of his artistic trajectory in recent years, while it also pays tribute to the DVD and DVD-burning culture of the “pre-streaming era” in an unconventionally quirky manner.</p><p><font size="2"><br/></font></p><p><font size="2">Painting Assistant&nbsp;|</font></p><p><font size="2">Serena NAGAI</font></p><p><font size="2">Animation |</font></p><p><font size="2">Midori SAKAKIBARA</font></p><p><font size="2">Clay Sculpture |</font></p><p><font size="2">Honoka TSUCHIMOTO</font></p>', '', 'Keep Case from DVD Rental Shop, Canvas, Paper, Acrylic Paint, Tyvek, DVD Player, Video', 'LEE’S DVD', 'LEE’S DVD', 'LEE’S DVD', 'LEE’S DVD', ''),
(99, 'We Buy White Albums', '1:36''00''''', '', '<p>Created by layering 100 unique copies of The Beatles’ White Album, this 96-minute double LP captures how every copy of the iconic album has been distinctly shaped by its history, both visually and sonically. The half-century-old albums, with scratches and physical imperfections accumulated with age, all play slightly differently, causing the 100 layers to gradually drift out of sync over the course of each side. The gatefold cover and disc labels are composites of the weathered and graffitied originals. Also included is a 24 x 24 inch poster insert featuring images of the individual covers. The 100 original audio tracks used for creating this conceptual album are from the 3,200 copies of The White Album, each with its own pressing number, from the artist''s ongoing acquisition project.</p>', '', 'Vinyl Record, Double LP', 'We Buy White Albums', 'We Buy White Albums', '', '', ''),
(100, 'The Doppelganger Trilogy', '3'' 34", 2'' 50", 2'' 05''''', '', '<p>Slater Bradley’s The Doppelganger Trilogy (2001–2004) conjures up three pop icons from the collective unconscious of our mass-mediated culture. All fallen heroes—two by suicide and one by a protracted descent into disrepute— these figures are perceived through the distancing lens of desire and memory. Each of the three videos is fashioned as a recording of a fauxconcert performance, using a technique reminiscent of what would have been employed to capture the event when it purportedly took place. […] Bradley’s “restagings” of these imagined performances reference specific moments in his own life when he first encountered the work of Joy Division, Nirvana, and Michael Jackson, and through them, the seduction of abandonment, the lure of celebrity, and the erotics of fan worship.<br/><br/></p><p>[…] Since 1999 Bradley has been collaborating with Benjamin Brock, his veritable double, in a series of works that explore the psychologically charged space between one’s self and mirror image. In myth and literature, the doppelganger is an apparition that portends one’s own death, but its form has mutated over time to include the notion of double identity. In the trilogy Brock performs as Bradley playing the roles of Curtis, Cobain, and Jackson. Transformed by costume and posture, and further masked by the deteriorating stock on which he is seen, the doppelganger is at once everyone and no one. What emerges is a triangulation of reflections, an endless hall of mirrors that leads nowhere but to the recesses of the unconscious mind. (Nancy Spector, Curator of Contemporary Art)</p>', '', 'Single-channel Video Projection, HI-8 Video, Super 8 Ektachrome 7240 & Kodachrome 40 transferred to Video, Super 8 Kodak TRI-X Reversal Film 7266 & PLUS-X Reversal Film 7265 transferred to Video', 'Photo by David HEALD, Photo Credit: Solomon R. Guggenheim Foundation, New York. All Rights Reserved. Images Courtesy of the Artist', 'Photo by David HEALD, Photo Credit: Solomon R. Guggenheim Foundation, New York. All Rights Reserved. Images Courtesy of the Artist', 'Photo by David HEALD, Photo Credit: Solomon R. Guggenheim Foundation, New York. All Rights Reserved. Images Courtesy of the Artist', '', ''),
(101, 'I Love Myself And Want To Live', '149.2×92.3×6 cm (Framed)', '', '<p>In 2003, the artist created a photographic work titled <i>I Hate Myself and Want to Die</i>, featuring a portrait of a "doppelganger" that he had worked with for a long time. The figure in the image not only resembles Kurt Cobain, the lead singer of Nirvana, but the title of the work also adopts the name of the band''s eponymous single from 1993. This song was often interpreted as a blunt prediction, as Cobain ended his life with a shotgun the following year. However, Cobain''s true intention in writing the song was, in fact, a self-deprecation—in which he deliberately played with the stereotypical nervous, nihilistic, and world-weary image that the media imposed on him. This underlying tone gave the song a dual meaning, while the artist''s later photographic action added another layer of performativity to the text. This deceased young rock idol thus ambiguously resurrects in the image, as if history is repeating itself—only this time it is a completely fictional narrative, poking at our cultural memory that seems both far away and yet so close. Twenty years later, this photograph is reissued and renamed to <i>I Love Myself and Want to Live</i>, making its debut in this exhibition.<br/></p>', '', 'Giclee print mounted to 2mm Aluminium, Oak', 'I Love Myself And Want To Live', '', '', '', ''),
(102, 'Colonial Pine', 'Dimensions Variable', '', '<p>Intentional alteration of architecture and landscapes has long been an effective means for rulers to promote their ideology and national identity. Such a phenomenon is particularly evident in Taiwan, an island characterized by a multifaceted colonial past. In this ongoing photography series, Kuo captures images of colonial pines in various locations throughout Taiwan. More than just nature photography, these unrefined images depict how a non-native plant is employed by colonial powers, entangling it with intricate political connotations.</p><p><br/>Over the past century, Taiwan’s urban landscape has undergone considerable transformation. Under Japanese colonial rule, sakura and coconut trees are planted by the Japanese government in line with their “Japanization” policy and the objective of positioning Taiwan as a base for Japan’s “southward expansion.” Conversely, the Republic of China (ROC) government has built a substantial number of structures in Chinese style and assigned Chinese names to roads in an effort to emphasize “Chinese culture.” Having been treated differently by the colonizers, the colonial pine seems to carry specific implications within the complex context of Taiwan’s history. Contrary to the majority of needle-leaf trees that necessitate a temperate climate, the colonial pine, native to Australia, adapts effectively to Taiwan’s tropical and subtropical climates. In Taiwan’s low-altitude flatlands, thriving, tall-standing colonial pines create a striking, towering presence. Initially introduced to Taiwan during Japanese rule, it symbolizes the empire’s ambition to use Taiwan as a strategic base for further southward expansion, whereas the ROC government diminishes its association with the south by linking it to authoritative, bureaucratic environments or traditional Chinese gardens. Favored by colonial rulers of various eras and with different political views, colonial pines are planted because of the authority’s deliberate decisions. Today, they can be found in abundance across government agencies, schools, military bases, and public housing. They, too, have once been a popular choice among politicians for Arbor Day celebrations. Kuo’s unrefined documentary photography not only offers a visual record of the tree on this island but also portrays its surrounding environments, as well as the historical and political connotations it embodies.</p>', '', 'Photography, Document', 'Colonial Pine - A Statue, colonial pines are often seen near the statues of many political figures or memorial buildings. Image Courtesy of the Artist', 'Colonial Pine', 'Colonial Pine', 'Colonial Pine - A Camping Site, with organizations like the China Youth Corps and the Boy Scouts, colonial pines spread throughout numerous camping areas and recreational facilities. Image Courtesy of the Artist', 'Colonial Pine'),
(103, 'The Inverted Listening of “Explosive Enemy Aircraft Sounds”', 'Dimensions Variable', '', '<p>The primary inspiration for this piece is a Japanese propaganda record that was commercially released in 1942, titled Collection of Explosive Enemy Aircraft Sounds. This record contained sound recordings of captured American aircrafts flying at different altitudes with the intention to train Japanese youth to be able to detect and distinguish enemy aircraft by their sounds. This record also included a voice track that gave an overview of the enemy aircraft and described their sound characteristics with musical and scientific.</p><p><br/>This record is very well known among Japanese audiences. For record collectors it is a “non-music” oddity that was made during a time when popular music like jazz was labeled as “enemy’s music.” Military buffs fetishize it as a symbol of a lost patriotism together with military songs and military uniforms. Others see it as another example of the desperation of Japan at the end of war, willing to weaponize every part of the body, in this case, the ability to listen, against the modern U.S. army. Namely, the militarisation of music education and perfect pitch training (Numano, 2016) that became the pretext for the production of this record, and the war participation of people with disabilities, particularly visually impaired young students. In each case, however, the actual sounds recorded on the record tell us nothing of this. The sound quality of the recorded aircraft sounds is poor, and the task to distinguish between the jet sounds utilizing musical knowledge seems impossible.</p><p><br/>The Inverted Listening of “Explosive Enemy Aircraft Sounds” poses the question: “How can we hear what is not heard in this record? How can we invert our listening to understand the meaning of this historical record?” The installation consists of sound recordings and artifacts inspired by the “inaudible” aspects of this record. Its aim is to convey a sort of “invert listening” that focuses not on the sounds of the record, but on the historical context and the listening subjects of the record. This work of art also involves the saxophonist Masanori Oishi and the phonograph conservator Ming-Chin Chiu. The former transcribes and plays the sound of the aircraft recorded in the original vinyl record, while the latter casts the original record into a mold, treating the sound groove as the “negative” to be “erected” as a sculpture.</p>', '', 'Mixed media', 'The Inverted Listening of “Explosive Enemy Aircraft Sounds”', 'The Inverted Listening of “Explosive Enemy Aircraft Sounds”', '', '', ''),
(104, 'Happy Valley', '13’00’’', '', '<p>British Colonial-era structures overlook scenes in the aftermath of civil unrest as Hong Kongers work to retain some semblance of normality. The sound of petty arguments from local TVB soap-operas of the 80s is put in concert with captive animals, political graffiti, and desolate highways. Suspension cables and ship anchor lines reveal a fragile urban anatomy, structures that keep the city moving along. As civic functions grind to a halt, the limits of our empathy and control come into question. As the days teeter toward an uncertain future, Happy Valley cinematically probes the role of the so-called “little things.” It’s a rendering of the perseverance of spirit in Hong Kong - an attempt at irony that can’t help but be emotional. Simon Liu captured the leisurely pace of people’s quotidian existence in the midst of the colorful urban landscape of Hong Kong. The traces of Hong Kong’s socio-political turmoil over the past few years are faintly discernible behind the seemingly lyrical, poetic visual language.</p><p><br/></p><p><font size="2"><span style="color: var(--primary-gray-color);">Film</span>&nbsp;|</font></p><p><span style="color: var(--primary-gray-color);"><font size="2">Simon LIU</font></span></p><p><font size="2"><span style="color: var(--primary-gray-color);">Producer</span>&nbsp;|</font></p><p><font size="2">Rachael LAWE</font></p><p><font size="2"><span style="color: var(--primary-gray-color);">Sound</span>&nbsp;|</font></p><p><font size="2">LiuSeeLiu</font></p>', '', '16mm Film to Digital File (1.43:1 Aspect Ratio), Colour, Stereo Sound', 'Happy Valley, 2020, Images Courtesy of the Artist', 'Happy Valley, 2020, Images Courtesy of the Artist', 'Happy Valley, 2020, Images Courtesy of the Artist', 'Happy Valley, 2020, Images Courtesy of the Artist', 'Happy Valley, 2020, Images Courtesy of the Artist'),
(105, 'Jules Deelder: Dead-Alive', '10’00’’', '', '<p>Jules Deelder: Dead Alive conceived as an installation piece and/or short experimental film enfolds by depicting Jules Deelder, Holland’s legendary performing poet and author, gradually changing in poetic visuals from a living icon into the carrier of his death mask. Babeth Mondini-VanLoo filmed Deelder on 16mm in 1979 for the Bandaged Poets series by New York author Ira Cohen. She used a process specific to the use of a 16mm Bolex camera, a technique that she applied in her expanded cinema projects during the late 1970s and 80s. The screenplay for the film is created through the process of trial and error with image and sound, and the surprises it produces give direction to the narrative.</p><p><br/>Intriguing is the tension between the interaction and the ambiguity of the mask. A strange mixture in what it reveals and hides. Masks in the funerary tradition were not only made to immortalize and venerate the person, they also offered the opportunity to connect and communicate with the spiritual world. It hides the persons as it were, transforms the wearers and accompanies them on their way into the unknown. The recent death of Deelder and the mesmerising soundtrack specially created by one of Deelder‘s musical allies, Benjamin Herman (founder of the New Cool Collective), give new meaning to the material and thus the film offers the possibility to create a fictional space, somewhere between heaven and earth.</p><p><br/></p><p><font size="2">With&nbsp;|</font></p><p><font size="2">Jules DEELDER</font></p><p><font size="2">Ira COHEN</font></p><p><font size="2">Director, Camera, Producer |</font></p><p><font size="2">Babeth MONDINI-VANLOO</font></p><p><font size="2">Editor, Post-production&nbsp;|</font></p><p><font size="2">Reinier VAN BRUMMELEN</font></p><p><font size="2">Music Composer&nbsp;|</font></p><p><font size="2">Benjamin HERMAN</font></p><p><span style="color: var(--primary-gray-color);"><font size="2">FILM ART Production</font></span><br/></p>', '', 'HD Video', 'Jules Deelder: Dead-Alive', 'Jules Deelder: Dead-Alive', 'Jules Deelder: Dead-Alive', 'Jules Deelder: Dead-Alive', 'Jules Deelder: Dead-Alive'),
(106, 'Paper Architecture', 'Dimensions Variable', '', '<p>During the Sunflower Movement in 2014, the two artists, Liao Xuan-Zhen, and Huang I-Chieh, worked with protesters to create an architectural model using recycled materials. Known as the “Paper Architecture,” it was used as a reference map for the protest site and a display stand for promotional materials. With dozens of buildings, event tents, mobile restrooms, and SNG vehicles, the model comprehensively reproduces the streets occupied by the protesters in a simple, unrefined manner.</p><p><br/>“The model is like an epitome of the Sunflower Movement. It is, too, a monument imbued with collective memory,” the artists described. “After we failed to properly preserve it, this model once regarded as an important memorial gradually became dilapidated, almost resembling a scene after a disaster.” For them, the wear and tearof Paper Architecture ironically reflected the indescribable state after the<br/>Movement. Contrasting sharply to the utopian ideas of the occupation Movement, it is more like a depiction of the paralyzed everyday life after a catastrophe.</p>', '', 'Photography', 'Paper Architecture', 'Paper Architecture', 'Paper Architecture', 'Paper Architecture', 'Paper Architecture'),
(107, 'The Parthenon', '600×950×1650 cm', '', '<p><i>The Parthenon</i>, an architectural installation that allows the audience to enter and explore, can be seen as a continuation of <i>Paper Architecture</i>—a cardboard architectural model created collaboratively by the artists and protesters at the site of the Sunflower Movement in 2014—exhibited in Art Space III. Both the naming of the work, <i>The Parthenon</i>, and its sculptural form are reminiscent of the Parthenon in Athens, widely regarded as an enduring symbol of democracy. Nonetheless, unlike the Greek idealism aesthetics, the roof of this building is twisted and columns tilted. Appearing to be on the brink of collapse, it illustrates a scene of our contemporary reality loaded with a sense of crisis. The artwork’s eclectic style draws inspiration from illegal factory constructions frequently observed in Taiwan. Its exterior scaffolding barely sustains the long columns and trusses fashioned from bound cardboard tubes; the temple’s gable and friezes are composed of wooden beams and lightweight steel; the hollowed-out roof is assembled from pieces of cardboard and plywood; and the floor features a collage of drain covers and discarded materials.</p><p><br/></p><p><span style="color: var(--primary-gray-color);">Through their contemporary adaptation of “the sacred temple of democracy,” the artists intend to revisit the spiritual wasteland of the Sunflower Movement and question how utopian ideals in collective memory end up being a phantom too overwhelming for any individual to bear. They turn such a mental struggle into an art project, connecting a physical place and communal activities. Like the paper model built collaboratively at the site of the Movement, this architecture is completed through the collaboration of many people, including the artists, professional architects, and volunteers who have previously participated in the Sunflower Movement.</span><br/></p><p><span style="color: var(--primary-gray-color);"><br/></span></p><p><span style="color: var(--primary-gray-color);">The leftover of the Movement eventually becomes an art project, connecting a physical place and communal activities. For the artists, the very state of seemingly being on the brink of collapse yet still holding together, a state of inconclusivity, reveals something profound: “It does not reject projections of a utopia. Instead, it looks into its regrets, danger, uncertainty, frailty, and possible imperfection during the representation of its grand vision.”</span><br/></p><p><span style="color: var(--primary-gray-color);"><br/></span></p><p><span style="color: var(--primary-gray-color);">Team Members</span><br/></p><p><font size="2">Project Lead |</font></p><p><font size="2">LIAO Xuan-Zhen／<span style="color: var(--primary-gray-color);">HUANG I-Chieh</span></font></p><p><font size="2">Architectural Design&nbsp;|</font></p><p><font size="2">WANG Zhi-Ray／<span style="color: var(--primary-gray-color);">TSAI Cheng-Yen</span>／<span style="color: var(--primary-gray-color);">LEE Chia-Hua</span></font></p><p><font size="2">Supplier&nbsp;|</font></p><p><font size="2">Atelier-3／<span style="color: var(--primary-gray-color);">Dawen Construction</span></font></p><p><font size="2">Construction Collaboration&nbsp;|</font></p><p><font size="2">YANG Tzu-Hsuan／<span style="color: var(--primary-gray-color);">HSU Tsung-Jen</span>／<span style="color: var(--primary-gray-color);">Yiling CHEN</span>／<span style="color: var(--primary-gray-color);">LIN Hsin-I／</span><span style="color: var(--primary-gray-color);">LIANG Chia-Wei</span>／<span style="color: var(--primary-gray-color);">Wayne TENG ／</span><span style="color: var(--primary-gray-color);">YANG Chieh-Lin ／</span><span style="color: var(--primary-gray-color);">HAN Chia-Chieh ／</span><span style="color: var(--primary-gray-color);">Rama Saputra ／</span></font><span style="font-size: small; color: var(--primary-gray-color);">CHENG Yu-Yen ／</span><span style="color: var(--primary-gray-color); font-size: small;">TSENG Po-Hao ／</span><span style="color: var(--primary-gray-color); font-size: small;">KUEH Peu-Gān ／</span><span style="color: var(--primary-gray-color); font-size: small;">LIN Ying-Chieh ／</span><span style="color: var(--primary-gray-color); font-size: small;">TSAI Chung-Yueh ／</span><span style="color: var(--primary-gray-color); font-size: small;">Vice City ／</span><span style="color: var(--primary-gray-color); font-size: small;">LI TziMei ／</span><span style="color: var(--primary-gray-color); font-size: small;">Zona</span><span style="color: var(--primary-gray-color); font-size: small;">／</span><span style="color: var(--primary-gray-color); font-size: small;">HSIUNG Yun-Pei ／</span><span style="color: var(--primary-gray-color); font-size: small;">CHEUNG Man-Wah, Franki ／</span><span style="color: var(--primary-gray-color); font-size: small;">YANG Hung-Yuan ／</span><span style="color: var(--primary-gray-color); font-size: small;">LIN Quei-Chun ／</span><span style="color: var(--primary-gray-color); font-size: small;">Etta LEE ／</span><span style="color: var(--primary-gray-color); font-size: small;">Annie LEE ／</span><span style="color: var(--primary-gray-color); font-size: small;">LEE Hsu-Pin ／</span><span style="color: var(--primary-gray-color); font-size: small;">CHEN Chun-Tien ／</span><span style="color: var(--primary-gray-color); font-size: small;">Posak Jodian ／</span><span style="color: var(--primary-gray-color); font-size: small;">LO Shih-Tung ／</span><span style="color: var(--primary-gray-color); font-size: small;">Sophie CHEN</span><span style="color: var(--primary-gray-color); font-size: small;">&nbsp;／</span><span style="color: var(--primary-gray-color); font-size: small;">LIM Wei-Xiang</span><span style="color: var(--primary-gray-color); font-size: small;">／</span><span style="color: var(--primary-gray-color); font-size: small;">SU Wei-Hsuan</span><span style="color: var(--primary-gray-color); font-size: small;">／</span><span style="color: var(--primary-gray-color); font-size: small;">Winnie WU</span><span style="color: var(--primary-gray-color); font-size: small;">／</span><span style="color: var(--primary-gray-color); font-size: small;">Sho Pie</span><span style="color: var(--primary-gray-color); font-size: small;">／</span><span style="color: var(--primary-gray-color); font-size: small;">CHEN Yueh-Jing</span></p>', '', 'Steel, Timber, Scaffold', 'The Parthenon', 'The Parthenon', 'The Parthenon', '', '');

INSERT INTO "public"."works_locations" ("work_location_id", "name_zh", "name_en", "created_at", "updated_at") VALUES
(2, '聯合餐廳展演空間', 'Art Space I', '2021-09-30 04:49:42.367388', '2022-01-10 03:15:29.943219'),
(3, '通信分隊展演空間', 'Art Space III', '2021-09-30 04:49:57.79025', '2022-01-10 03:15:37.643852'),
(4, '圖書館展演空間', 'Art Space II', '2021-10-02 09:12:19.720912', '2022-01-10 03:15:44.740181'),
(5, 'FUTURE VISION LAB', 'FUTURE VISION LAB', '2021-10-12 16:08:39.358327', '2021-10-12 16:19:09.982326'),
(43, '戰情大樓前廣場', 'Political Warfare Building Square', '2023-05-11 03:09:26.388689', '2023-05-11 03:09:26.388689'),
(44, '美援大樓展演空間', 'Art Space V', '2023-05-11 03:10:04.533551', '2023-05-11 03:10:04.533551');

INSERT INTO "public"."works_materials" ("work_material_id", "name_zh", "name_en", "created_at", "updated_at") VALUES
(1, '機械裝置', 'mechanical', '2021-12-20 03:58:36.266945', '2021-12-20 03:58:36.266945'),
(2, '五頻道錄像', 'five-channel video', '2021-12-20 03:59:48.17638', '2021-12-20 03:59:48.17638'),
(3, '3D列印裝置', '3D printing installations', '2021-12-20 04:00:44.58671', '2021-12-20 04:00:44.58671'),
(4, '三頻道高畫質錄像、有聲', 'three-channel HD video, sound', '2021-12-20 04:03:11.037554', '2021-12-21 06:04:11.535614'),
(5, '裝置', 'installation', '2021-12-20 04:05:36.239886', '2021-12-20 04:05:36.239886'),
(6, '單頻道錄像', 'single-channel video', '2021-12-20 04:06:42.75677', '2021-12-20 04:06:42.75677'),
(7, '單頻道音像表演', 'single-channel audio performance', '2021-12-20 04:10:18.464194', '2021-12-20 04:10:18.464194'),
(8, '現場中文塗鴉', 'on-site graffiti (in Mandarin Chinese)', '2021-12-20 04:12:18.858694', '2021-12-20 04:12:18.858694'),
(9, '燈光裝置', 'light installation', '2021-12-20 04:13:20.159552', '2021-12-20 04:13:20.159552'),
(10, '錄像', 'video', '2021-12-20 04:14:20.710053', '2021-12-24 05:42:48.428407'),
(11, '高畫質錄像、立體聲', 'HD video, stereo sound', '2021-12-20 04:16:14.326601', '2021-12-20 04:16:14.326601'),
(12, '機械裝置、不銹鋼、馬達、鋁合金', 'kinetic installation, stainless steel, DC motor, aluminium', '2021-12-20 06:40:33.113448', '2021-12-21 05:59:34.564171'),
(13, '單頻道錄像裝置', 'single channel video installation', '2021-12-20 06:41:34.755159', '2021-12-20 06:41:34.755159'),
(14, '錄像、電子書、模型物件', 'video,e-books, miniature models', '2021-12-20 06:43:37.089882', '2021-12-20 06:43:37.089882'),
(15, '高畫質錄像、有聲', 'HD video, sound', '2021-12-20 06:44:51.434774', '2021-12-20 06:44:51.434774'),
(16, '液晶螢幕、數位影像、電腦程式', 'LCD screens,digital images, computer program', '2021-12-20 06:48:22.056886', '2021-12-20 06:48:22.056886'),
(17, '液晶螢幕、感測器、電子零件、數位影像、電腦程式', 'LCD screens, sensors, electronic components, digital images, computer program', '2021-12-20 06:51:39.447374', '2021-12-20 06:51:39.447374'),
(18, '雙頻道投影、電腦程式', 'dual channel projection, computer program', '2021-12-20 06:53:26.61584', '2021-12-20 06:53:26.61584'),
(19, '音像藝術裝置', 'audiovisual art installation', '2021-12-20 06:54:47.53741', '2021-12-20 06:54:47.53741'),
(20, '互動裝置', 'interactive installation', '2021-12-20 06:55:34.763335', '2021-12-20 06:55:34.763335'),
(21, '投影程式碼生成過程', 'projection of generative code', '2021-12-20 06:57:35.05933', '2021-12-20 06:57:35.05933'),
(22, '印刷、數位', 'printed, digital', '2021-12-20 06:58:24.431644', '2021-12-20 06:58:24.431644'),
(23, 'AI生成循環錄像', 'AI-generated video loop', '2021-12-20 06:59:55.449941', '2021-12-20 06:59:55.449941'),
(24, '行動藝術、裝置、記錄影片、網路互動介面', 'performance art, installation, documentary video, internet interactive interface', '2021-12-20 07:02:53.037445', '2021-12-20 07:02:53.037445'),
(25, '舞蹈、液晶螢幕', 'dance, LCD monitors', '2021-12-20 07:04:27.481556', '2021-12-20 07:04:27.481556'),
(26, '錄像、影像輸出、城市剝落樣本', 'video, expored images, samples of city peeling', '2021-12-20 07:06:29.367922', '2021-12-20 07:06:29.367922'),
(27, '混合媒材', 'mixed media', '2021-12-20 07:07:04.043995', '2021-12-20 07:07:15.327579');

INSERT INTO "public"."works_materials_j" ("work_id", "work_material_id") VALUES
('04fc0ae5-c2ad-4efb-be54-031eb6167484', 13),
('0b01d362-e3ae-43ef-98d5-7e94478d1fe8', 12),
('0f1cd1a3-02c5-4667-9de7-968f5830f00c', 1),
('0f1cd1a3-02c5-4667-9de7-968f5830f00c', 2),
('0f1cd1a3-02c5-4667-9de7-968f5830f00c', 3),
('1461cc69-123b-43e3-942b-b145706d0799', 22),
('3e41f2a9-6c5f-4a5d-b15d-100a93868e26', 24),
('3f60ae5a-cf8b-4eff-9762-5be00ee75c36', 5),
('50b7bab1-0959-46f1-bc9b-c8f427b8a8c6', 26),
('527c7177-a7f7-48a9-9936-6fc4e3560c92', 19),
('58d15c21-7348-4e16-9de9-61f2f9ce9b6a', 5),
('5a3c4cab-f3ec-46e5-982f-32e49ee9599e', 17),
('5a3c4cab-f3ec-46e5-982f-32e49ee9599e', 18),
('5bc68d5b-960a-4a13-838d-f344c5ee2930', 6),
('5bc68d5b-960a-4a13-838d-f344c5ee2930', 7),
('5bc68d5b-960a-4a13-838d-f344c5ee2930', 8),
('5bc68d5b-960a-4a13-838d-f344c5ee2930', 9),
('5bccfe12-e463-43e0-81d8-f47f9e435300', 20),
('6034710e-bb63-4dd9-8ae5-6061008753a1', 23),
('6419c162-e95d-4559-9fd5-44bba0c6ac43', 21),
('65ea43a0-fdcf-494f-8f4c-f154c3157004', 5),
('6ac46d5e-1b4f-4c24-9658-e42339c0d91d', 10),
('72a9f399-be00-4a07-93ef-6ea2c9a0f685', 11),
('82096081-d936-4366-9565-310bfd0bf5f6', 16),
('952e9883-fbbd-4e50-a582-15a34877ed0f', 15),
('984a9df0-c9b8-448f-bb1c-075220f05412', 18),
('9bbabf75-437b-44ad-be1b-1b0ab6a99a5e', 16),
('9fb4488d-f495-419a-b1c2-e7b9416db5db', 14),
('a584078a-0db7-44af-a365-e94f8f11af30', 25),
('a7ba19a2-c430-47bd-909e-474e9c07e90c', 15),
('d3239088-40a2-4963-a0e4-e1b39ff1dc84', 16),
('d9cb1939-fe73-4509-b5b8-f0d06a2b63b1', 4),
('e47adbbf-c2ed-4e04-a2cb-6324869e7273', 16),
('eeaa534c-a761-4e2e-83f5-2e09276df069', 5),
('f7bc1462-9507-411a-8215-f97d438ac223', 17),
('fc97911e-9b80-42cc-ae5b-fba4c6b6e174', 27);

INSERT INTO "public"."works_tags" ("work_tag_id", "name_zh", "name_en") VALUES
(1, '未來視覺', 'Future Vision'),
(2, '人工智慧', 'AI'),
(3, '衍生藝術', 'Generative Art'),
(4, '軟體藝術', 'Software Art'),
(5, '機器學習', 'Ｍachine Learning'),
(6, '深偽技術', 'Deepfake'),
(7, '未來媒體', 'Future Media'),
(8, '假訊息', 'Misinformation'),
(9, '仿生機器', 'Bionic machine'),
(10, '3D列印', '3D Printing'),
(11, '未來學', 'Futurology'),
(12, '科幻想像', 'Science Fiction'),
(13, 'NFT', 'NFT'),
(14, '文化脈絡', 'Cultural context'),
(15, '肢體劇場', 'Physical Theater'),
(16, '暴力美學', 'Violent Aesthetics'),
(17, '奈米藝術', 'Nanoart'),
(18, '歷史再造', 'Historical reconstruction'),
(19, '無人劇場', 'Unmanned theater'),
(20, '跨文化', 'Intercultural'),
(21, '變種生物', 'Mutant'),
(22, '極端氣候', 'Extreme Climate'),
(24, '未來噪訊', 'Future Noise'),
(25, '後人類', 'Post-human'),
(26, '賽博龐克', 'Cyber Punk'),
(27, '預測未來', 'Predict Future'),
(28, '太空探索', 'Space exploration'),
(29, '搖滾動畫', 'Manga Rock'),
(30, '科技倫理', 'Technological Ethics'),
(31, '賽伯格社會', 'Cyborg Society'),
(32, '製圖學', 'Cartography'),
(33, '認知謬誤', 'Cognitive Fallacy'),
(34, '科技拓樸', 'Technology Topology'),
(35, '電傳哲學', 'Telegraphic Philosophy'),
(36, '平行宇宙', 'Parallel Universe'),
(38, '科幻狂想', 'Sci-Fi Rhapsody');

INSERT INTO "public"."works_tags_j" ("work_tag_id", "work_id") VALUES
(1, '50b7bab1-0959-46f1-bc9b-c8f427b8a8c6'),
(1, '5a3c4cab-f3ec-46e5-982f-32e49ee9599e'),
(1, '6419c162-e95d-4559-9fd5-44bba0c6ac43'),
(1, '82096081-d936-4366-9565-310bfd0bf5f6'),
(1, '984a9df0-c9b8-448f-bb1c-075220f05412'),
(1, '9bbabf75-437b-44ad-be1b-1b0ab6a99a5e'),
(1, 'd3239088-40a2-4963-a0e4-e1b39ff1dc84'),
(1, 'e47adbbf-c2ed-4e04-a2cb-6324869e7273'),
(2, '527c7177-a7f7-48a9-9936-6fc4e3560c92'),
(2, '5a3c4cab-f3ec-46e5-982f-32e49ee9599e'),
(2, '6034710e-bb63-4dd9-8ae5-6061008753a1'),
(2, '72a9f399-be00-4a07-93ef-6ea2c9a0f685'),
(2, '82096081-d936-4366-9565-310bfd0bf5f6'),
(2, '984a9df0-c9b8-448f-bb1c-075220f05412'),
(2, '9bbabf75-437b-44ad-be1b-1b0ab6a99a5e'),
(2, 'a7ba19a2-c430-47bd-909e-474e9c07e90c'),
(2, 'd3239088-40a2-4963-a0e4-e1b39ff1dc84'),
(2, 'e47adbbf-c2ed-4e04-a2cb-6324869e7273'),
(3, '50b7bab1-0959-46f1-bc9b-c8f427b8a8c6'),
(3, '527c7177-a7f7-48a9-9936-6fc4e3560c92'),
(3, '5a3c4cab-f3ec-46e5-982f-32e49ee9599e'),
(3, '6419c162-e95d-4559-9fd5-44bba0c6ac43'),
(3, '82096081-d936-4366-9565-310bfd0bf5f6'),
(3, '984a9df0-c9b8-448f-bb1c-075220f05412'),
(3, '9bbabf75-437b-44ad-be1b-1b0ab6a99a5e'),
(3, 'd3239088-40a2-4963-a0e4-e1b39ff1dc84'),
(3, 'e47adbbf-c2ed-4e04-a2cb-6324869e7273'),
(4, '5a3c4cab-f3ec-46e5-982f-32e49ee9599e'),
(4, '6419c162-e95d-4559-9fd5-44bba0c6ac43'),
(4, '82096081-d936-4366-9565-310bfd0bf5f6'),
(4, '984a9df0-c9b8-448f-bb1c-075220f05412'),
(4, '9bbabf75-437b-44ad-be1b-1b0ab6a99a5e'),
(4, 'd3239088-40a2-4963-a0e4-e1b39ff1dc84'),
(4, 'e47adbbf-c2ed-4e04-a2cb-6324869e7273'),
(5, '3e41f2a9-6c5f-4a5d-b15d-100a93868e26'),
(5, '5bccfe12-e463-43e0-81d8-f47f9e435300'),
(6, '1461cc69-123b-43e3-942b-b145706d0799'),
(6, '3e41f2a9-6c5f-4a5d-b15d-100a93868e26'),
(6, '5bccfe12-e463-43e0-81d8-f47f9e435300'),
(6, '6034710e-bb63-4dd9-8ae5-6061008753a1'),
(7, '6419c162-e95d-4559-9fd5-44bba0c6ac43'),
(7, 'fc97911e-9b80-42cc-ae5b-fba4c6b6e174'),
(8, '1461cc69-123b-43e3-942b-b145706d0799'),
(8, '3e41f2a9-6c5f-4a5d-b15d-100a93868e26'),
(8, '6034710e-bb63-4dd9-8ae5-6061008753a1'),
(8, 'a7ba19a2-c430-47bd-909e-474e9c07e90c'),
(9, '65ea43a0-fdcf-494f-8f4c-f154c3157004'),
(10, 'eeaa534c-a761-4e2e-83f5-2e09276df069'),
(12, '6ac46d5e-1b4f-4c24-9658-e42339c0d91d'),
(12, 'eeaa534c-a761-4e2e-83f5-2e09276df069'),
(13, '58d15c21-7348-4e16-9de9-61f2f9ce9b6a'),
(14, 'fc97911e-9b80-42cc-ae5b-fba4c6b6e174'),
(15, 'a584078a-0db7-44af-a365-e94f8f11af30'),
(16, 'a584078a-0db7-44af-a365-e94f8f11af30'),
(16, 'd9cb1939-fe73-4509-b5b8-f0d06a2b63b1'),
(17, '50b7bab1-0959-46f1-bc9b-c8f427b8a8c6'),
(18, '0f1cd1a3-02c5-4667-9de7-968f5830f00c'),
(19, '0f1cd1a3-02c5-4667-9de7-968f5830f00c'),
(20, 'a7ba19a2-c430-47bd-909e-474e9c07e90c'),
(20, 'd9cb1939-fe73-4509-b5b8-f0d06a2b63b1'),
(21, 'd9cb1939-fe73-4509-b5b8-f0d06a2b63b1'),
(22, 'd9cb1939-fe73-4509-b5b8-f0d06a2b63b1'),
(24, '5bc68d5b-960a-4a13-838d-f344c5ee2930'),
(25, '5bc68d5b-960a-4a13-838d-f344c5ee2930'),
(26, '5bc68d5b-960a-4a13-838d-f344c5ee2930'),
(27, '3f60ae5a-cf8b-4eff-9762-5be00ee75c36'),
(27, '952e9883-fbbd-4e50-a582-15a34877ed0f'),
(28, '3f60ae5a-cf8b-4eff-9762-5be00ee75c36'),
(29, '6ac46d5e-1b4f-4c24-9658-e42339c0d91d'),
(30, '72a9f399-be00-4a07-93ef-6ea2c9a0f685'),
(30, 'a7ba19a2-c430-47bd-909e-474e9c07e90c'),
(31, '72a9f399-be00-4a07-93ef-6ea2c9a0f685'),
(31, '9fb4488d-f495-419a-b1c2-e7b9416db5db'),
(32, '0b01d362-e3ae-43ef-98d5-7e94478d1fe8'),
(33, '0b01d362-e3ae-43ef-98d5-7e94478d1fe8'),
(34, '04fc0ae5-c2ad-4efb-be54-031eb6167484'),
(34, '0b01d362-e3ae-43ef-98d5-7e94478d1fe8'),
(35, '04fc0ae5-c2ad-4efb-be54-031eb6167484'),
(36, '952e9883-fbbd-4e50-a582-15a34877ed0f'),
(36, '9fb4488d-f495-419a-b1c2-e7b9416db5db'),
(38, '9fb4488d-f495-419a-b1c2-e7b9416db5db');

INSERT INTO "public"."works_zh" ("work_zh_id", "title", "dimension", "note", "proposal", "interactive_description", "material", "photo_1_d", "photo_2_d", "photo_3_d", "photo_4_d", "photo_5_d") VALUES
(2, '等晶播種', '尺寸依場地而定', '本作品獲文化部109年度科技藝術創作發展計畫補助

聲音共製：C-LAB臺灣聲響實驗室、NTUA 聲響藝術中心', '<p>《等晶播種》為許家維、鄭先喻、張碩尹三位藝術家共同製作。本計劃與台糖虎尾糖廠合作，以蔗糖為引子，延伸出布袋戲、實驗音樂、糖3D列印科技與機械手臂，並在此複雜又彼此關聯的網絡中爬梳過去百年的小鎮歷史。&nbsp;</p><p>&nbsp;糖業為臺灣首波現代化工業，機械化糖廠如同百年前的半導體產業，是本島前所未見的尖端科技。1907年，大日本製糖株式會社興建的虎尾糖廠，是當時產量最高的糖廠。隨著機械化工業引進，產業型的新興市鎮在嘉南平原應運而生，虎尾鎮成為當時南臺灣最現代化的城鎮，鐵路線、歐式花園、鐵橋等建構反映了最新的現代思維。<span style="color: var(--primary-gray-color);">太平洋戰爭開啟，虎尾鎮擴增酒精糖廠，發酵糖蜜的無水酒精成為神風特攻隊的能源，糖廠因此遭毀滅式轟炸。戰後糖業衰退，小鎮沒落，糖廠建築群也隨之荒廢。&nbsp;</span></p><p><span style="color: var(--primary-gray-color);">&nbsp;《等晶播種》為多頻道影像裝置，影片敘事改寫自皇民化布袋戲《鞍馬天狗》，由戲團昇平五洲園演出，現實結合虛擬，訴說虎尾鎮歷史；影片穿插作曲家許德彰在虎尾糖廠內的演奏，將工廠轉化成現地「樂器」；在如同劇場的環境中，機械手臂、3D列印機、航空旗號均為劇目中的演員，隨著故事推演而入場出場，在舞台中扮演不同的「角色」與「事件」。</span></p>', '龍岩農場_1935年大日本製糖株式會社在此建立「龍岩製糖所」，同時也是日治時期最後一座建立的糖廠，但是，1968年因為效益與收成不高，所以決定在該年併入虎尾糖廠。此區種植的甘蔗便會運回虎尾糖廠。｜滿載甘蔗的五分車抵達虎尾糖廠_雖然現在全台還有雲林虎尾、台南善化兩家糖廠有製糖，但用五分車載運甘蔗路段，只剩虎尾到褒忠約十六公里。｜褒忠分臺_中央廣播電臺之褒忠分臺，是位於雲林備有多台發射機的短波發射分臺，電波以仰角的方式發射至電離層，經反射傳送至目標區，涵蓋中國、東北亞、東南亞等地區。因為承租了台糖的土地，電台內保有六零年代糖廠的建築。｜虎尾糖廠內部1_此為「加熱器」及「蒸發罐」。五座橘色外觀的「蒸發罐」，用來將蔗汁濃縮成65%純度的糖漿。｜虎尾糖廠內部2_此為細裂機和壓榨機。「細裂機」負責切碎甘蔗，將甘蔗撕裂成纖維狀，並破壞原有細胞使得糖分外露，是甘蔗壓榨前最重要的工作機器，會直接影響蔗汁的榨出率。「壓榨機」透過油壓原理將蔗料所有糖分榨出，總共會經過四次的壓榨。｜虎尾糖廠酒精槽_製糖所產生之副產品「糖蜜」，可作為原料製造酒精，使得糖蜜的利用價值大為增加。1926年糖廠獲得設立酒精工場之許可，同年開始製造。機械為Guillaume式蒸餾機，為當時全亞洲最大之酒精工場。後來因設備陳舊，生產效率低落，成本偏高，每年均虧累甚鉅，於1975年拆遷，使原來極為壯觀的工場四支煙囪僅剩下目前的二支，以及拆遷後僅存酒精工場之磚造儲存槽。', '五頻道錄像裝置、3D列印裝置、機械裝置', '等晶播種
五頻道錄像裝置、3D列印裝置、機械裝置
尺寸場地而定
2021', '展場一景', '展場一景', '展場一景', '展場一景'),
(5, '讓未來衝撞，讓數據狂舞吧！', '-', '', '<p><br/></p><p>《來自未來的噪訊》 / 單頻道錄像 / 2020<br/>《讓我修好你》/ 單頻道音像表演/ 2021<br/>《愛是什麼東西》 / 現場中文塗鴉、燈光裝置 / 2021</p><p>此展場三件作品，從衝撞（Moshing）與數據壓縮失真（Datamosh）的超文本連結，以網路社群媒體的素人頻道為經，透過重組扮演其中聲稱自己為未來回來的經歷；警示寓意為緯，重構時光穿越展演的各種面向。</p><p>作品《來自未來的噪訊》，倍帝愛波與AI生成的各種性別，合併社群媒體的科幻濾鏡為一穿越訊號，或是《讓我修好你》使用ASMR，在「修理機器人」的科幻第一人稱視角，與AI人魚賽伯格產生迷因輝映，皆以像素破壞展演在時空中衝撞回來的失真訊息，仿如在數據（Data）宇宙裡狂舞的數位（Digital）印象派。</p>', '《讓我修好你》/ 單頻道音像表演/ 2021｜《來自未來的噪訊》 / 單頻道錄像 / 2020｜《愛是什麼東西》 / 現場中文塗鴉、燈光裝置 / 2021

', '單頻道錄像、單頻道音像表演、現場中文塗鴉、燈光裝置', '讓未來衝撞，讓數據狂舞吧！
單頻道錄像、單頻道音像表演、現場中文塗鴉、燈光裝置
2021', '讓我修好你
單頻道音像表演
5分52秒
2021', '來自未來的噪訊
單頻道錄像
4分51秒
2020', '愛是什麼東西
單頻道錄像，現場中文塗鴉，燈光裝置
2021', '展場一景'),
(6, '幻境副本', '尺寸依場地而定', '', '<p>當製圖隨著技術的進展逐漸朝向可量度與準確性演進，人類似乎更能期待地圖的真實與準確。然而無論是技術所應允的精準，或者是地圖上明確的疆界與標記，或許都僅是一種幻覺。無論是《理想國》裡的亞特蘭提斯，又或者直至近年才被證實不存在的「Sandy Island」，地圖上存在著各式各樣虛幻的島嶼，探險者們滿懷期待向地圖上的目的地駛去，卻僅能看見一片空無一物的寂寞海面。&nbsp;</p><p>即便從未有人造訪、從未有人證實，甚至已被確認並不存在，遙遠的島嶼之名仍然對人們發出誘人的召喚，長久留存在地圖之上。人們甚至編織出島嶼的景觀、傳說與遊歷，藉以印證這一切並非幻象。地圖上的謬誤總是難以改正，較之於對空間的準確描述，地圖更是承載著人們對未知之地的想像與慾望，以及在實地測量的客觀聲稱之下所勾描出的大膽詮釋。</p><p>藝術家在作品裡透過可變光圈（iris aperture）的機械構造，來作為地圖上謬誤幻象的況喻。光圈的運作形態借取自人類的虹膜，透過葉片歙張來調節進入視線內的光線，並且決定我們所見的內容，一如聲稱著精準真確的製圖學，實質上存在著人類意識的偏誤。</p><p>《幻境副本》裡光圈的葉片被轉化為獅鷲獸的羽毛。這種傳說中的神獸並不真的存在，卻被賦予各式傳說，它在斯基提亞人的古詩歌《獨目人》（Arimaspi）中守護著金礦與珍寶，人們甚至尋覓巨型石化骨骸，作為它曾經存在的證明。獅鷲獸的羽毛在光圈機械上輕柔開合，猶如來自他方的召喚，承諾著遠方不可知的應許之地。&nbsp;</p><p>直至今日，即便地圖已然得到勘誤，人們仍然透過不同的形式將地圖上的謬誤保存下來。這些不存在的幻境副本留在原處，作為製圖學上的漏洞，同時映射著人們在真實與準確之外的想望。</p>', '', '機械裝置、不鏽鋼、馬達、鋁合金', '幻境副本
機械裝置、不鏽鋼、馬達、鋁合金
尺寸依場地而定
2021', '作品細節', '作品細節', '展場一景', '展場一景'),
(7, '潮汐演變', '尺寸依場地而定', '', '<p>《潮汐演變》是由臺灣藝術家兼電影創作者蘇郁心，與澳洲舞蹈家兼編舞家安琪拉．戈歐共同製作的錄像裝置作品。該錄像反映疫情帶給個人和社會／集體層面可能的轉型過程。這種轉變始於人們對潮汐、光速、網路基礎設施組成的濕式視覺機制的感知提升。這部作品匯集音樂作曲家曾韻方（聲音）、藝術作家索妮雅．費爾南德斯．潘（文本）、藝術家王姿婷 （視覺化）、藝術家吳宜曄（編程）、舞蹈家安琪拉．戈歐（編舞）、藝術家蘇郁心（影像）的共同合作。</p><p>&nbsp;在雪梨歌劇院的共同委製下，藝術家們重訪歌劇院的建造歷史並重新想像它——一個漂流於水面的數據中心，海底電纜匯聚在此、一艘在潮濕星球上漂浮的太空船、一個類似螢幕的表面正反射水和光、身體和水在一盞盞窗間接觸、以及一個讓陰影滑過的日晷，將明暗轉化為時間。雪梨歌劇院既是一個標誌性的場域，也是一個表演場地，因此它是發揮想像力的完美標的。<span style="color: var(--primary-gray-color);">《潮汐演變》不僅是為雪梨歌劇院而製的作品，也是為了螢幕而生。藝術家們將螢幕視為一個可以透過物質和具象化形式觸及的場域。現今，人們生活在自己的螢幕裡。 《潮汐演變》將螢幕視為構建世界的裝置，開啟窗戶即能通往廣闊的世界，是一個將外部帶至內部的資訊介面。</span></p><p><span style="color: var(--primary-gray-color);">&nbsp;影片透過編程組織生成模擬潮汐在整體與流動之間的變化與其延續性，透過其持續與懸割的瞬間而存在。該作品運用窗戶作為一種概念裝置，重新構建人類對自身存在於世界的理解。疫情期間，窗戶成為封閉和隔離的象徵，人們隔窗看向街道，也在螢幕視窗相遇。藝術家選擇雪梨歌劇院的玻璃幕牆和工程結構，映射網路基礎設施和光纖網絡：乘載數據的光穿越海底到達人們玻璃螢幕的路徑，以物質想像角度探討疫情間的孤獨與親密。疫情引發網路頻寬需求飆升，電信研究公司通訊地理（TeleGeography）表示全球網路「有些彎曲但大致上沒有破裂」。海底電纜連結節點到節點、框架到框架、視窗到視窗的路徑，為不眠不休的網路基礎設施一部份，黑屏螢幕後的資訊仍持續流動。&nbsp;</span></p><p><span style="color: var(--primary-gray-color);">&nbsp;《潮汐演變》追蹤串聯螢幕與螢幕的海底電纜路徑，這些路線與當初為了貿易航行、殖民路線和第一條通訊電纜所鋪設的路線相同，映射出星球尺度基礎設施中的權力統御架構。若人們能看透那背光的表面，螢幕上打開的視窗揭示著帝國殖民主義、貿易與通訊的歷史。&nbsp;</span></p><p><span style="color: var(--primary-gray-color);">&nbsp;水和光——最初使生命得以進化的兩種物質——如今與科技糾纏，人們體內的潮汐和螢幕後的數據光高度連結。如今與現代科技的糾纏使我們依賴，在整個星球上實現高速同步。網路的功能就如同光通過海底電纜、節點到節點、穿過我們潮濕星球的地板。我們透過水和光作為生命形式著陸，現在我們透過水和光的遠距傳播為圖像和聲音如幽靈般地抵達——以光子和像素的形式出現，伴隨著熟悉的「叮！」 的鈴聲通知。我們如幽靈般的、潮濕的、光亮的方式傳輸著。</span></p><p><span style="color: var(--primary-gray-color);">&nbsp;《潮汐演變》將圖像、身體、數據和思想輸出並呈現為水和光，透過潮濕的觀看機制(wet mechanics of seeing) 重新定義世界。</span></p>', '', '單頻錄像裝置', '潮汐演變
單頻錄像裝置
尺寸依場地而定
2021
', '潮汐演變
單頻錄像裝置
尺寸依場地而定
2021', '潮汐演變
單頻錄像裝置
尺寸依場地而定
2021
', '展場一景', '展場一景'),
(8, '事物的重量', '尺寸依場地而定', '', '<p>科幻小說能夠映照出的當下，並不亞於它所能勾勒的未來。人們書寫太空旅行和遠距瞬間傳送，是因為我們渴望著某些比日常生活更好的可能性——「但願將來我可以……」。而對於那些曾經無重力飄浮在空中，藉此跨越了現實和虛構邊界的太空人來說，地心引力更是不可承受之重，他們一度漂移在星辰之間，現在卻只能牢牢地被束縛在地面上。</p><p>&nbsp;這項裝置探索了科幻小說令人心生嚮往的特性，以及敢於想像的發明創造精神。正是這樣的精神，使得用紙板打造機器人的孩子，眼中閃耀著和瘋狂科學家同樣的光芒。我們擁抱實驗的動能、行動和過程，仰望並縱身躍入空中，意識到自己也能飛……</p>', '', '裝置', '事物的重量
裝置
尺寸依場地而定
2021', '事物的重量
裝置
尺寸依場地而定
2021', '事物的重量
裝置
尺寸依場地而定
2021', '展場一景', '展場一景'),
(13, '蜜糖足', '4’16”', '', '<p>2020 年，COVID-19 疫情的爆發導致全球封鎖，世界上的各種活動因此停擺。紐約實驗搖滾雙人樂團Battles 在2019 的專輯《Juice B Crypts》中，推出了歌曲〈蜜糖足〉(Sugar Foot)。歌曲由臺灣實驗搖滾／民謠樂團：落差草原 WWWW (Prairie WWWW) 詩詞吟唱起頭，搭配前衛搖滾 Yes 樂團主唱瓊．安德森獨特的中音合鳴。
 
影像是由知名惡搞動畫《POP TEAM EPIC》原創日本動畫團隊AC部(AC-bu)創作，描繪了一場『超太空機器人祭』，為所有被取消的節慶、活動與演出展開報復，期許人類能夠克服疫情危機，走向更美好的世界。</p>', '', '影像', '蜜糖足
影像
4分16秒
2020', '作品細節', '作品細節', '展場一景', '展場一景'),
(14, '顛倒世界', '38’20”', '', '<p>在《顛倒世界》的世界中，混種生物是寵物，世界末日則是消遣。&nbsp;</p><p>「顛倒世界」是一種自十六世紀以來就廣為人知的版畫類型，描繪出矛盾的場景，如豬隻屠宰著屠夫、孩子懲罰老師，或是一個衣衫襤褸的乞丐慷慨地施捨富人。這些版畫形象包括惡魔、嵌合體、在天上飛行的魚與死亡本身。&nbsp;</p><p>作品標題「Inverso」的義大利文意指「反向」、「相反」，在古義大利語有「詩歌」之意。另外拉丁語的「Mundus」意指「世界」，暗示對現實的重新詮釋，帶有一種詩意的願景。 
作品以多頻道影像裝置呈現中世紀狂歡節的荒誕場景，作為當代生活片段的展現。劇中角色扮演著荒謬的烏托邦社交場景，彼此交換面具——乞丐變成富人、警察成為小偷、實行街道清掃作業的花美男清潔工，正在用垃圾沖刷這座城市。</p>', '', '三頻道高畫質錄像、有聲', '顛倒世界
三頻道高畫質錄像、有聲
38分20秒
2015', '作品細節', '展場一景', '作品細節', '作品細節'),
(15, '愛道', '83’00”', '
', '<p>陸明龍的首部電影長片《愛道》是一部CGI奇幻電影。故事圍繞於人類和人工智慧間盤根錯節的漫長困境，當人機對立關係日益加劇，劇中主角Diva——這位過氣的超級巨星獲得一名AI詞曲家的幫助， 即將於2065年電競奧運的表演中復出，誘人又虛幻的名氣，在後人工智慧世界顯得矛盾無比，機器也有感受愛與痛苦的能力，獨創性不過是演算法的把戲。</p>', '', '高畫質錄像、立體聲', '愛道
高畫質錄像、立體聲
83分
2019', '愛道
高畫質錄像、立體聲
83分
2019', '作品細節', '作品細節', '展場一景'),
(16, '中華未來主義（公元1839年—2046年）', '60’00”', '', '<p>《中華未來主義（公元1839年—2046年）》是一則錄像論文，探討人工智慧的形象與中國科技發展之間的相似之處。陸明龍結合科幻小說、紀錄情境劇、社會現實主義及中華宇宙論，並以七大中國社會刻板印象為骨幹——計算、複製、遊戲、學習、成癮、勞動和賭博，深入探討和批判中國及其僑民的當代困境。</p>', '', '高畫質錄像、立體聲', '中華未來主義（公元1839年—2046年）
高畫質錄像、立體聲
60分
2016', '作品細節', '作品細節', '展場一景', '展場一景'),
(17, '折疊空間與飛翔的方法', '15’30”', '', '<p>作品名稱《折疊空間與飛翔的方法》源於韓文「縮地法」（chukjibeop，축지법）和「飛行術」（bihaengsul，비행술）。「縮地法」一詞源自道教，意指透過折疊空間、讓人在短時間內穿越遠距的方法，也可用以表示各種快速移動的技術，或縮短物理距離的能量。
「飛行術」則是另一種超自然力量，意指可以懸浮、飛行、穿越時空。其源自人類最古老的渴望之一：挑戰肉體限制，達到未知的境界。</p><p>在東方文化中，人們將這些思想作為冥想練習，也將其視為可使身心解放於物理限制、自然力量的方式，因此儘管並無任何科學根據，人們仍相信透過純淨身心即可成功修練「飛行術」，懸浮於空。
「縮地法」和「飛行術」都是一種透過想像力克服人類局限的精神練習，這些看似可笑、不合邏輯的想法，都與藝術實踐的基礎密切呼應，是人們為了突破障礙與框架所進行的創造性體現。</p><p>藝術家也將在這個架構中，展示人類不斷開拓新領域、挑戰自我、展望藝術未來的種種努力。</p>', '', '高畫質錄像、有聲', '折疊空間與飛翔的方法
高畫質錄像、有聲
15分30秒
2015', '作品細節', '作品細節', '作品細節', '展場一景'),
(19, '戰鬥之城三部曲', '-', '', '<p>「這城市只是個海市蜃樓。」《戰鬥之城》將三個具有時代性的名詞去除脈絡之後，重新書寫、倒裝為三個一組的預／寓言故事：《臺灣之光》、《經濟奇蹟》與《福爾摩沙》。並且在時間的緩慢堆疊之下，逐漸呈現出它們的意義。</p>', '', '錄像、電子書、模型物件', '戰鬥之城三部曲
錄像、電子書、模型物件
2021', '展場一景', '展場一景', '作品細節', '展場一景'),
(31, '衍生遊戲', '可配合投影彈性調整', '', '<p>《衍生遊戲》展示了基爾・丹格・穆茲克瑙在產生程式碼時的各種實驗。裝置產生器結合字型學、互動性與圖像，投創出永無靜止的動態，在「Space Type Generator」網站（spacetypegenerator.com）及藝術家個人社群平台可以找到許多類似的產生器作品。&nbsp;</p><p>&nbsp;針對本次展出，基爾・丹格・穆茲克瑙與C-LAB未來媒體藝術節團隊合作，特別製作加強運算效率的「STG裝置展出版」，使用者將能控制電腦的圖像，並與各種動態影像進行互動，提供觀者獨一無二的互動體驗。</p>', '', '投影程式碼生成過程', '衍生遊戲
投影程式碼生成過程
可配合投影彈性調整
2021', '作品細節', '展場一景', '作品細節', '展場一景'),
(32, '克卜勒之夢', '尺寸依場地而定', '', '<p>《克卜勒之夢》是一個由模擬投影技術，結合電腦運算3D列印物的美學論證。這個能產生特殊畫面及驚奇體驗的裝置，受到過往如透明片放映機、實物投影機等投影技術啟發，將參數化形狀生成的數位美學，與模擬投影的特質相合，創造出超凡脫俗的畫面。裝置投影的即時反應和無限幀率，讓這個奇幻世界栩栩如生，提供觀者深度沉浸式的互動效果。
淺景深的投影提供人們探索與解釋球體的細節，因此使用球形物體，讓人們以任意方向自由無縫探索。</p><p>其原型美學令人聯想到約翰尼斯．克卜勒（Johannes KEPLER）著作《宇宙的奧秘》中的太陽系模型，克卜勒在正多面體中找到了宇宙的幾何基礎。以克卜勒創造的神秘主義為題，將正多面體視為四大元素：火、水、土、空氣，投影出一段抽象的敘事。這個抽象世界能用非線性方式探索，順應結構本身，回到最初的正多面體，而這十二面體能為所有問題找到解答。</p>', '', '裝置', '克卜勒之夢
裝置
尺寸依場地而定
2014', '作品細節', '作品細節', '展場一景', '展場一景'),
(33, 'Heterotopia', '主影像15’00”、副影像1’00”循環*4', '本作品獲科技藝術實驗創新與輔導推動計畫扶植', '<p>哲學家米歇爾．傅柯（Michel FOUCAULT）曾在1960年代提出「Heterotopia」的概念。 不同於烏托邦（utopia）萬事皆好或反烏托邦（dystopia）萬事皆糟的虛構預測，「Heterotopia」意指某種實際存在、外於現實世界，卻又能從其中反應出現實世界景象的空間。這種介於真實與虛構的特性，讓我們能夠透過觀測「Heterotopia」，對所生處的現實空間有更多的認知與理解  。&nbsp;</p><p>&nbsp;此次計畫以「Heterotopia」的基礎概念作為核心往外延伸，在微觀世界中以真實世界的樣本創造出以尺度換取時間且實際存在卻又看似虛幻的現實場景，並以此與所處的世界周遭展開對話。</p>', '', '錄像、影像輸出、城市剝落樣本', 'Heterotopia
錄像、影像輸出、城市剝落樣本
主影像15’00”、副影像1’00”循環*4
2021', '展場一景', '作品細節', '作品細節', '作品細節'),
(34, '漫曲流域', '12’00”／200x800x30 公分', '', '<p>時光推移，自然之力逐漸雕琢了眼前風景。肉眼難辨，一次僅能感知某個特定的時刻。河流起伏的韻律是對過往的一瞥，這些痕跡即是周圍不斷變化的證明。&nbsp;</p><p>&nbsp;《漫曲流域》是一個運用即時影像、人工智慧編曲的音像裝置創作，以橫跨多個螢幕的畫面，將河流對土地的影響視覺化並發出聲響，重新詮釋河流的變化風貌，人們可以從中感知到作品獨特的時間意識。&nbsp;</p><p>&nbsp;《漫曲流域》創造出的景觀鳥瞰圖，以俯視角度，呈現人類對空間與時間的全新視野，嘗試破解既有模式的不可預測性，使觀者能主動地觀看即時影像裡正在發生的宏觀事件；並且運用特製的演算法，生成畫面中的餘波盪漾，讓觀者重新理解「過程」，審視大自然的節奏。</p><p>隨《漫曲流域》演化模型浮現於前，觀者將對變幻無常的自然之美感到敬畏。</p>', '', '音像藝術裝置', '漫曲流域
音像藝術裝置
12分 / 200x800x30公分
2018', '展場一景', '展場一景', '展場一景', '展場一景'),
(35, '軟機器', '尺寸依場地而定', '', '<p>「每個物體皆如阿芙羅狄蒂般，於流動的元素粒子中自然產生。……從誕生到存在，它那複雜的、纏繞的、扭曲的、長而濃密的髮絲，如星塵般向外發散，消磨著有限的時光。它輻射出熱、氣味、聲音、擬像、微妙的原子等波段。以相似或相反的方式，接收宇宙中所有角落發出的各種流體。」    ——盧克萊修提出的「物性論」，《物理學的誕生》，米歇爾．賽荷，1980年

《軟機器》是一種電化學演算法機械表演，其概念參考自戈登．帕斯克（Gordon PASK）的電化學學習機制實驗，以及仿生學、可程式物質、時空控制液態金屬致動器的現階段研究，開創另類的電腦運算法和科技媒材。這個前衛科技串聯著傳統又嚴謹的機械思維，透過特定媒介觸發自組織行為的軟／流質媒材。
其核心技術在於，透過作品本身訂製的電化學實驗裝置，創造一個動態流體的微觀世界，呈現出形式、結構和媒材的連續敘事變化，激發人們對機械、人造和物質的新想像。&nbsp;</p><p>&nbsp;《軟機器》是一個類比與數位的混合體，試圖推測異質的科技文化。新煉金材料的演示會由多台攝影機捕捉，並即時合成投放於投影幕上。視覺上直接演繹出流體中發生的電化學過程，伴隨著聲波，漂移頻率、脈衝、規律與噪音，混夾其中。</p>', '', '裝置', '軟機器
裝置
尺寸依場地而定
2021', '展場一景', '展場一景', '作品細節', '作品細節'),
(36, '孿生廟、默娘髮與鴻仙人', '-', '本作品獲科技藝術實驗創新與輔導推動計畫扶植', '<p>《孿生廟、默娘髮與鴻仙人》與臺灣新竹百年中藥行合作，透過跨域合作、田野調查、在地製作來探討藥籤文化。藥籤是一種結合傳統信仰的民俗療法，反應中醫肉體與精神世界相互牽連的生命觀點，在早期移民社會常用來治療傳染病，如今，藥籤療法已隨現代醫療管理制度逐漸消失。</p><p>在後疫情時期的「非日常」中，藥籤指引出疾病不僅是個體的生理狀態，更是集體社會的信仰與意識形態產物；而中醫、西醫與傳統信仰並非彼此相斥，而是互補並存的共生存在。</p>', '', '混合媒材', '孿生廟、默娘髮與鴻仙人
混合媒材
2021', '作品細節', '展場一景', '作品細節', '作品細節'),
(37, '失重計劃——非日常篇', '30’00”', '本作品獲科技藝術實驗創新與輔導推動計畫扶植', '<p>《失重計劃》為田子平於2020年初發起的創作計劃，主軸為思考機械複製時代開啟之後，徹底改變了人類的生活方式與思考模式，並意圖闡述在資訊串流（internet data）及物質世界之中，人類內心逐漸喪失意識與價值觀的衡量標準（無意識價值觀偏差），嘗試以機械複製的日常動態滲透人類的行為心理。運用液晶螢幕現成物的語彙以及電漿本質，碎裂的螢幕衝擊視覺，呈現每日轟炸的資訊與反覆運轉的機械，暗指科技暴力帶來的傷害。&nbsp;</p><p>&nbsp;《失重計劃——非日常篇》本次與麥藍提亞Mailantia舞團合作，嘗試結合科技藝術與表演藝術之間力與美，回歸科技製造的本質及其政治內涵，舞蹈肢體之姿成為後疫情下的人類象徵。以工業產物與舞蹈肢體、現場攝錄、收音回放的方式，達到科技與肉身之間、向自身影像時空的「機遇之舞」挑戰。此次團隊舞者經歷豐富，在跨域合作融合現代舞、街舞等元素，嘗試更多不同的作品型態。而觀者將肉體感官經驗帶入科技經驗的脈絡，或許就是那最純粹的共感聯覺。</p>', '', '舞蹈、液晶螢幕', '失重計劃——非日常篇
舞蹈、液晶螢幕
30分
2021', '作品細節', '展場一景', '作品細節', '作品細節'),
(41, '閱面消資', '尺寸依場地而定', '', '<p>「臉部辨識」在身份認證和公共監控等應用領域越來越受歡迎，當中用來預測不同社會行為的用途引發爭議，甚至成為研究人員的研究主題。《閱面消資》作為一種假設性論證與批判性反思，以香港國會議員的已知臉部資料庫為基礎，當人們站在裝置前，裝置會戲仿出政治傾向，同時評估其參加國會選舉時被取消資格的風險。</p>', '', '互動裝置', '閱面消資
互動裝置
尺寸依場地而定
2021', '展場一景', '作品細節', '展場一景', '作品細節'),
(42, '線上爬', '300x65x3公分', '', '<p>《線上爬》由臺灣C-LAB未來媒體藝術節與香港微波國際新媒體藝術節共同製作。以當前備受關注的非同質化代幣NFT（non-fungible token）的數位作品買賣訊息為標的。

被設計過的網路爬蟲會自動搜尋NFT相關訊息，並比對當中的關鍵字，最終，這些重點訊息都會被呈現在立柱前的大型LED跑馬燈上。觀者也可以透過網站，瀏覽網路爬蟲搜尋NFT訊息、並對其進行比對運作的工作畫面。&nbsp;</p><p>&nbsp;2021年3月，化名為「Beeple」的美國數碼藝術家麥克．溫克曼（Mike WINKELMANN），其數位作品《每天：最初的五千天》（Everydays: The First 5000 Days）以破天荒高價七千萬美元、約新臺幣十九億元售出後，瞬間引爆NFT新熱潮。一段原始程式碼、一則推文、一段影片、一首曲子，乃至一幅古典畫作的數位授權都可能以天價成交，《線上爬》也對此提出叩問：如今人們關心的，是否只剩節節飆升的作品價格，以及如何進入NFT市場？</p>', '', '裝置', '線上爬
裝置
300x65x3公分
2021', '展場一景', '展場一景', '作品細節', ''),
(43, '玻璃房間：錯誤訊息版', '75x75公分、75x150公分、150x75公分（海報）', 'https://theglassroom.org/en/misinformation-edition', '<p>Tactical Tech 團隊本次展出最新的《玻璃房間》錯誤訊息版，意圖探討各式錯誤訊息，嘗試以沉浸式、發人深省、促進自學的展覽形式，揭開科技的神秘面紗。其以新型態意見領袖所使用的新舊策略作為分析素材，進一步探討用戶和消費者在資訊傳播時扮演的角色，觀者可透過桌機和行動裝置，體驗動畫、視覺與軟體等系列呈現，深入了解深偽技術、錯誤訊息、設計策略和用戶分析資訊，探索社群媒體和網路如何改變人們對資訊的接收方式及反應。&nbsp;</p><p>&nbsp;科技資訊應用的公民教育日益重要，促使了《玻璃房間》錯誤訊息版的誕生――這個輕巧的快閃式展覽，展出內容被翻譯超過十五種語言，可以運送到世界各地的社區空間、學校、圖書館、節慶活動。</p>', '', '印刷、數位', '玻璃房間：錯誤訊息版
印刷、數位
75x75公分、75x150公分、150x75公分（海報）
2020', '作品細節', '展場一景', '作品細節', '展場一景'),
(44, '記憶戰爭', '尺寸依場地而定', '本作品獲科技藝術實驗創新與輔導推動計畫扶植', '<p>格拉斯哥大學（University of Glasgow）教授安德魯．霍斯金斯（Andrew HOSKINS），於其著作《數位記憶研究》中探索用戶對智慧型手機、搜尋引擎和社交媒體的依賴性，如何以各種方式影響多數人的記憶力。他談到，在這個「算法時代」，人們的大腦不必經常地記住與回憶事物，現在只需要上傳與檢索便能想起一切。數位技術時代可能永遠改變人類記憶的方式。&nbsp;</p><p>&nbsp;《記憶戰爭》以上述概念作為發想，透過演算法干擾社交媒體的記憶場景，據以對抗國家及數位媒體強權的操控。網路社會數據呈載著許多文明記憶，人類的日常片段被多種社群媒體保存著，那些過去事件甚至被進一步被「推薦」，重新並重複地喚起你的回憶。</p>', '', '行動藝術、裝置物件、紀錄影片、網路互動介面', '記憶戰爭
行動藝術、裝置物件、紀錄影片、網路互動介面
尺寸依場地而定
2021', '作品細節', '作品細節', '作品細節', '作品細節'),
(45, '和諧複變', '20分鐘', '', '<p>和弦是透過三個或更多不同頻率的音高集合的音符同時發聲所產生，依據組成的音符音高比例不同而產生變化。因此，重疊的音符比例若越接近簡單整數，將被認為是「和諧」；反之，數值越複雜的音高比例將被視為「不和諧」。在西方音樂中，和諧與不和諧可對應到放鬆和緊張的情緒，如：藉由一連串連貫的音樂結構（終止式）以達放鬆。當代社會可比擬為一個大和弦，不同規模的想法、思考共存其中；有時候，大家可以協調共存，但有時候也會互相碰撞而導致不和諧。不和諧雖導致不安的心理狀態，但也是促進雙方邁向和諧共存的動力。一方面，持續的和諧卻顯得沉悶且乏味；但另一方面，過度的不和諧卻導致緊張和焦慮。在這種和諧與不和諧的平衡中，我們感知到情緒與故事的膨脹，情感隨之產生，隨著和諧持續擴展，逐步拆解不和諧的狀態，直到完全包容。在這個作品中，藝術家嘗試透過聲音和影像傳達緊張和放鬆，回應當下社會的現況。</p>', '', '', '田所淳，《和諧複變》，2021。', '田所淳，《和諧複變》，2021。', '田所淳，《和諧複變》，2021。', '田所淳，《和諧複變》，2021。', '田所淳，《和諧複變》，2021。'),
(46, '瞬時', '20分鐘', '', '<p>《瞬時》以穹頂構築的展演空間為創作形式，隨著時間和空間的演變，隨機處理圖像和瞬間聲響的視聽音樂會。

微觀元素從空無中誕生，藉由光和聲音的移動和脈動，在幾秒內遂變成一個全新的宇宙。粒子漩渦、邁向無限的噪音搏動、沉浸式螢幕，穿透觀眾的皮膚，瞬間安置於虛無和沈靜之中。</p><p>不規則的節奏紋理在黑暗中擺動，散發出瞬間的緊迫性和短暫性。此時此地，又一個宇宙誕生和消失，而它的能量轉化成另一個新的生命，就如同大自然的循環，消逝在時間之中，但卻被人類和電腦記憶體小心地保存。在數位世界中，創造對物理現實中的情感影響。</p>', '', '', '艾力克斯・格瓦拉，《瞬時》，2021。', '艾力克斯・格瓦拉，《瞬時》，2021。', '艾力克斯・格瓦拉，《瞬時》，2021。', '艾力克斯・格瓦拉，《瞬時》，2021。', ''),
(47, '異世界', '24 分鐘', '', '《異世界》試圖討論在不同場景設計的模控花園，人類與重新發現的自然狀態之間的潛在共生關係。通過生態哲學和種間共生，欲探索人類與突變的自然、植物形成狀態或非人類生活的體驗相結合的可能性。
透過尋找生物敏感性 - 非人類/超自然的敏感性，《異世界》直指氣候變化和物種滅絕的關鍵問題，同時讓觀眾沉浸在潛在的變革經驗中。通過其富有想像力的世界構建、錯綜複雜的視覺效果和巧妙的聲音設計，嘗試為經濟衰退、後人類與自然的共生思想，提供不同的觀點與反思。', '', '', '桑德琳・德米耶Ｘ米莉雅姆・布魯，《異世界》，2020。', '桑德琳・德米耶Ｘ米莉雅姆・布魯，《異世界》，2020。', '桑德琳・德米耶Ｘ米莉雅姆・布魯，《異世界》，2020。', '桑德琳・德米耶Ｘ米莉雅姆・布魯，《異世界》，2020。', '桑德琳・德米耶Ｘ米莉雅姆・布魯，《異世界》，2020。'),
(48, 'On Earth Series：Dome', '15分鐘', '專案執行｜空集設計 
影像設計｜劉承杰
聲音設計｜吳秉聖 、邱俊霖', '<p>《On Earth Series》是由生命與自然力為出發點，以新媒體藝術的處理方式，反思人類價值的提問，所發展出來的系列音像創作。
在英國科學家詹姆斯・洛夫洛克（James LOVELOCK），以地球上各種生命間的回饋作用所達成的熱力學非平衡狀態，來闡述地球為多源力量活系統的蓋婭理論後，作為參與人類世（Anthropocene）薄膜生成一環的氣候難民，面對人類改變環境、生態浩劫、地質痕跡等現象時，我們看見的不是藝術介入地球史的微薄之力，而是那以藝術之名，對現況不曾停止反應的能量。
我們根據泛靈信仰來理解自然神祇，把自然歸納為天體、自然力和自然物等三方向元素。透過沉浸式投影，邀請觀眾進入由持續變化的現實、超現實影像與聲音元素所創造的三維空間，一同沈浸於結合視覺及聽覺之感官世界。</p>', '', '', '空集設計，《On Earth Series：Dome》，2021。', '空集設計，《On Earth Series：Dome》，2021。', '', '', ''),
(49, 'Reincarnate Island', '15 分鐘', '', '<p>在台灣民間信仰中，普遍相信人有三魂七魄,而魂是歸於精神世界、魄則存於物質世界，在魂離開肉體時，是一一從肉體中抽離，當魂離開身體魄也會隨之消散。 作品試圖由這樣的文化觀為出發，接續討論「魂」與「魄」之於「意識」與「身體」的關係。我們試圖將穹頂展演空間作為一種現實的擴延，當媒體成為空間時，整個空間將成為一個集體的轉生儀式現場，藉由佛教或民間信仰中對於靈魂轉世的概念，引導觀眾以魂的視點，在七魄所形塑出的內經圖中觀想人的身體，並流轉於如同建築般的意識之中，這樣一個橫跨古代與當代對於靈肉的詮釋，是否能從中獲取、提煉一種療養身心的方法與當代社會生活共處呢?</p>', '', '', 'XTRUX，《Reincarnate Island》，2021。', 'XTRUX，《Reincarnate Island》，2021。', 'XTRUX，《Reincarnate Island》，2021。', 'XTRUX，《Reincarnate Island》，2021。', ''),
(51, 'Re-Generative:: update()', '2小時', '＊本活動需請觀眾自備智慧型手機以及耳機。
＊觀眾可在演出開放時間內，依照前台工作人員指引進出。', '<p>科技媒體實驗平台「未來視覺實驗室」技術總監蔡奇宏演算影像創作，搭配柯智豪聲音創作，延續去年Re-Generative演算藝術為核心方向，以反應擴散演算（Reaction Diffusion）、萬花筒（Kaleidoscope）進行演算實驗。</p><p>在本次展演中著重觀眾身體的互動性以及聲音的體驗，透過耳機封閉特性表現更突出的沉浸聲響體驗，根據觀眾在空間中遊走的狀態即時改變影像，創造演算藝術有機生成實驗。 同時運用國家實驗研究院國家高速網路與計算中心的雲端高速算力，以及遠端GPU加速桌面技術，挑戰反應擴散演算在高解析影像運算呈現的可能性。透過科技媒體實驗平台組成跨領域團隊，除了展演的穹形軟硬體整合技術的專業展現，也透過穹形的特殊觀感，以視覺和聲響衝擊觀眾的身體感知。</p>', '', '', '蔡奇宏Ｘ柯智豪，《Re-Generative》，2020。', '蔡奇宏Ｘ柯智豪，《Re-Generative》，2020。', '蔡奇宏Ｘ柯智豪，《Re-Generative》，2020。', '', ''),
(52, '沉浸式影音工作坊－北藝大新媒系X實踐媒傳系聯合成果呈現', '90分鐘', '國立臺北藝術大學新媒體藝術學系
為全國首創，是一跨越人文藝術領域與尖端科技結合的未來學門。作為推動數位科技與藝術整合的重要推手，培育前瞻性的「新媒體科技」、「新媒體影像」與「新媒體跨域」等藝術創意人才。

講師｜葉廷皓、李亦凡、王連晟
參與者｜劉張妙齊、施坤芳、蔡尚騰
陳品蓁、陳政維、陳妍姍
高靚亘、江紹綸、謝昕亞

實踐大學媒體傳達設計學系
實踐大學設計學院曾為美國Businessweek週刊與Ranker.com認定排名為全球前30名之優良設計學院。於2000年改名，成為全台灣第一所以「媒體傳達設計」命名的學系，致力於設計思考、人文厚度與美學的訓練。
講師｜蔡遵弘 
參與者｜
​​許詠欣、陳思宇、陳庠豪、林明鴻
柯仲安、籃可芸、陳柔潣、陳嘉吟
李艷琳、陳恩暄、鄭容安、曹仲
張翔華、李翊甄、陳仕原、周家任
蔡政廷、李宛儒、葉宸豪
何熙、趙詠安、吳澄澤、徐寜孺 ', 'C-LAB科技媒體實驗平台與國立臺北藝術大學新媒體藝術學系和實踐大學媒體傳達設計學系合作，分別於6月和8月辦理沉浸式影音工作坊，以穹頂構築的展演型態之影音系統為主題內容教學，分別在葉廷皓、李亦凡、王連晟和蔡遵弘老師們的帶領之下，分組創作沉浸式影音作品，促進國內數位媒體創作人才之培育。', '', '', '國立臺北藝術大學學生作品階段性示意圖', '國立臺北藝術大學學生作品階段性示意圖', '國立臺北藝術大學學生作品階段性示意圖', '實踐大學學生作品階段性示意圖', ''),
(53, '扮仙', '10分鐘', '＊演出內容有部分包含煙霧，敬請斟酌入場。', '《扮仙》為一異響聲音藝術作品，以敘事的概念發展而成。故事是說，一個八家將少年的清醒夢境。在深夜的廟會後，疲憊的八家將少年進入了夢境，在夢中他持續地跳著陣勢，無法停止，直到他真的成仙。這個作品曾經在美國、德國、哥倫比亞、韓國等地發表，本次將為《扮仙》首次增添影像與現場太鼓的演出。透過環繞式異響作品，把音樂創作者其台南家鄉廟會鬧熱的氛圍，以聲音藝術的形式與全世界分享。', '', '', '李婉菁Ｘ王駝Ｘ林晏君，《扮仙》， 2021。', '李婉菁Ｘ王駝Ｘ林晏君，《扮仙》， 2021。', '李婉菁Ｘ王駝Ｘ林晏君，《扮仙》， 2021。', '', ''),
(54, '肉神殿', '2 小時', '＊演出內容有部分包含裸露、情色、暴力畫面，敬請斟酌入場。
＊18歲以上觀眾才能入場，並於入場前查驗證件。
＊觀眾可在演出開放時間內，依照前台工作人員指引進出。', '<p>當我們凝視世界時，試圖為宇宙萬物創造意義與關聯似乎是人類與生俱來的本能，將遙遠的星空串聯成星座，又或者是積極地為時間、空間制定規律，我們不斷地設法透過自身的理解去勾勒世界的樣貌，也用自身的觀察創造無盡的敘事想像。圓拱造型的360沈浸投影總讓人聯想到宗教建築的壁畫與裝飾，成了連接人與天/與世界之間的橋樑，當我們仰望，天拱、牆面以繪畫訴說無盡的傳說與神話，同時記載了人類與其他世界的多樣關係。&nbsp;</p><p>&nbsp;《肉神殿》中，表演者將於DOME內進行延時性展演，以世界各地的不同的宗教文化繪畫、壁畫所勾勒之型態為題，透過360度攝影機緊貼表演者的肌膚與肉身，不斷滑動、探索、勾勒的過程中，創造出持續性流動的畫面，拼湊出一幅巨大的肉身蒼穹。</p><p>觀眾得以自由進出並將有條件地涉入共同參演其中，交織、勾勒出一幅幅共生共滅的宇宙連環圖像。</p>', '', '', '明日和合製作所，《肉神殿》，2021。', '', '', '', ''),
(55, '花之間', '20分鐘', '＊演出內容有部分包含強烈閃光，敬請斟酌入場。', '<p>《花之間》結合機器演算與植物生長兩個概念，構築一個「花之間」的環境系統。人們因網路對彼此迅速產生密集的連結與干擾，沒有時空範圍限制，過去、現在與未來之交織。在現實與虛擬的邊界曖昧模糊的現在，探討高速同步、且複數共有的時空狀態下，時間與人彼此的連結所產生的影響。</p>', '', '', '趙珮妤，《花之間》，2021。', '趙珮妤，《花之間》，2021。', '趙珮妤，《花之間》，2021。', '', ''),
(56, 'HETEROTOPIA：Dome', '15分鐘', '＊演出內容有部分包含強烈閃光，敬請斟酌入場。', '<p>米歇爾·傅柯曾在1960年代提出了Heterotopia的概念。 不同於烏托邦萬事皆好或是反烏托邦萬事皆糟的虛構預測，Heterotopia意指某種實際存在、外於現實世界，卻又能從其中反應出現實世界景象的空間。本作品以Heterotopia的基礎概念作為核心往外延伸，在微觀世界中以真實世界的樣本創造出以尺度換取時間且實際存在卻又看似虛幻的現實場景。</p><p>在穹頂構築（DOME）的展演場域裡，NANONANO重新建構微觀世界中的宏觀場景。以重新解碼編譯電子訊號的方式，透過不同形式的數位化視覺展現出電子顯微鏡成像的多樣可能性，並結合場域特性創造出被奇觀地景環繞的包覆式觀看體驗。</p>', '', '', 'NANONANO，《HETEROTOPIA》，2021。', 'NANONANO，《HETEROTOPIA》，2021。', 'NANONANO，《HETEROTOPIA》，2021。', 'NANONANO，《HETEROTOPIA》，2021。', 'NANONANO，《HETEROTOPIA》，2021。'),
(57, 'INNERSTAR 01 : Reddening', '15分鐘', '視覺設計｜黃偉
聲音設計｜鄭道元
即時圖像設計｜黃偉、黃國斌
3D模型｜曹恆誠', '<p>「INNERSTAR」是由黃偉和鄭道元共同呈現的Audio-Visual系列作品，主題圍繞在宇宙與心靈之間，由不同天文現象作為靈感切入，進而以哲學角度探討人的意識與存在。
《INNERSTAR 01 : Reddening》為此系列首作，紅化現象(Reddening)指星際物質與光交互作用的結果，產生如波長的位移等常見的散射現象。從其相關數據及物理性質作為視覺及聲音上的參考依據，並以沉浸式環繞穹頂投影A/V作品呈現，以眩瀰的影像與聲響包覆空間，藉此使觀者如身於心中深處，找到屬於自我的時刻；寰宇之下，星辰於心，吾即宇宙。</p>', '', '', '黃偉Ｘ鄭道元Ｘ黃國斌，《INNERSTAR 01 : Reddening》，2021。', '黃偉Ｘ鄭道元Ｘ黃國斌，《INNERSTAR 01 : Reddening》，2021。', '', '', ''),
(58, '夜遊', '8分鐘', '', '<p>躺在房間裡，望著天花板，思緒出了門走向遠山。演出從一個失眠的風景開始，觀眾在黑暗中躺著一段時間之後，慢慢看到一個房間天花板的影像，天花板的燈。角落暗處有些雜亂的線條在竄動。接著透過在房屋內漂浮探索，慢慢帶到屋外的風景，連續的路燈、車燈、房屋，移動在像隧道的騎樓中間，慢慢離開喧囂的城市，走入山中。之後回到失眠房間的天花板景象，觀眾回到房間，演出結束，起身帶著這一場夢境離開。</p>', '', '', '莊禾，《夜遊》，2021。', '莊禾，《夜遊》，2021。', '莊禾，《夜遊》，2021。', '莊禾，《夜遊》，2021。', '莊禾，《夜遊》，2021。'),
(59, 'NTT ╳ C-LAB《光之所向》', '30 分鐘', '＊演出內容有部分包含煙霧和雷射強光，敬請斟酌入場。', '<p>《光之所向》由新媒體藝術家田子平和作曲家郭立威共同創作，延伸自田子平於2020年臺中國家歌劇院Lab X青年創作工作室期間所發起創作《The Sun》，作品中試圖找尋科技與人類之間的默契關係，現代人類愈漸相信且依賴科技的操作與輔助，因此當代的科技藝術更需要內含一種溫柔，而這種溫柔是出自於人本的身體感受。&nbsp;</p><p>作品中運用環形的雷射光束視覺與機械美學的動態穿透舞者身體，放置在半圓形的場域之中，打造環繞音場與觀眾共振的空間感，舞者將作為肉身的載體穿透在其中。本作將以新媒體舞蹈表演呈現，透過碰觸不到的視覺與互動建構出「關係」，意圖探索機械與肉身的共舞共存或許在根本上就建立於不對等的溝通方式。</p><p>導演：田子平<br/>聲響設計：郭立威<br/>編舞暨演出：許程崴、林憶圻<br/>燈光設計：劉恩廷<br/>煙霧設計：林書瑜<br/>服裝設計：陳亦婷<br/>技術統籌：蔡奇宏<br/>執行製作：康兆宗、蕭合萱<br/>創作顧問：陶亞倫<br/>共同製作：臺中國家歌劇院、C-LAB臺灣當代文化實驗場</p>', '', '', '', '', '', '', ''),
(60, '星空探索｜天文觀星講座', '45分鐘/場', '', '<p>觀星app是相當實用的觀星軟體，透過手機每個人都可以自己學習觀星。透過觀星app可以認識星空中的亮星和星座，也可以辨識出行星，是非常方便的觀星工具。

利用球幕和星圖軟體Stellarium創造出全新的星空介紹方式，這樣的方式打破時間、光害、氣候和空間的限制，帶領民眾以文化、人文和科普不同角度，認識天文。透過Stellarium軟體不用望遠鏡也能看見月球表面、木星大紅斑、土星環，認識太陽系。讓參與民眾在都市叢林裡也能看銀河、認星星，欣賞星空！</p>', '', '', '', '', '', '', ''),
(62, '開場影像', '-', '', '玖格設計為FUTURE VISION LAB 2021 製作開場影像', '', '', '玖格設計，FUTURE VISION LAB 2021開場影像', '玖格設計，FUTURE VISION LAB 2021開場影像', '玖格設計，FUTURE VISION LAB 2021開場影像', '玖格設計，FUTURE VISION LAB 2021開場影像', ''),
(63, '編碼／解碼', '尺寸依場地而定', '', '<p>《我跟你說一個故事》/ 液晶螢幕、數位影像、電腦程式 / 2020<br/>《失語症》系列一 /&nbsp;液晶螢幕、數位影像、電腦程式 / 2019<br/>《失語症》系列二&nbsp;&nbsp;/&nbsp;液晶螢幕、數位影像、電腦程式 / 2019<br/>《城市漂流》/&nbsp;液晶螢幕、數位影像、電腦程式 / 2020<br/>《失效的感知》/ 液晶螢幕、感測器、電子零件、數位影像、電腦程式 / 2021<br/>《迷霧之島》/&nbsp;雙頻道投影、電腦程式&nbsp;/ 2021<span style="color: var(--primary-gray-color);"><br/></span></p><p><span style="color: var(--primary-gray-color);">我們日常所看到的世界，都是程式編碼所組成——這似乎是許多科學幻想（Sci-Fi）所預示的未來，如今我們卻已身處其中。</span><br/></p><p>數位符碼透過不同的程式語言編碼，轉以數字、文字、影像、座標、聲音等資料型態被閱讀。符碼被編碼／解碼的過程中，改變了人們對語言和感知的理解，如同斯圖亞特．霍爾（Stuart HALL）針對媒體訊息的模式，提出媒體霸權等文化議題研究，說明媒體產製者如何將一樣物件、一種感受、一個想法進行「編碼」，達到傳播訊息的目的；以及被編碼的媒體訊息經由轉譯，接收者如何理解的「解碼」過程。</p><p>然而，現今科技媒體大量的訊息過載，隱藏其中的編碼／解碼過程會讓語言的轉譯模式如何變化？當所有數位資料經由程式編碼後，人類該怎麼找到解碼的路徑？當科技媒體重塑了新的語言結構，我們看到的世界又是否仍保有真實樣貌？</p>', '我們日常所看到的世界，都是程式編碼所組成。這似乎是許多科學幻想所預示的未來，但我們現在卻身處其中。這些數位符碼以不同的程式語言編碼後，以數字、文字、影像、座標、聲音等資料型態被閱讀。這些符碼經由程式的編碼與解碼改變了我們對於語言的理解。｜我們是否曾思考過，如果語言的主導者不再是人類，會是什麼樣的世界？ 
我們已經透過程式語言將人類與電腦、機械、人工智慧等非有機的生命體，建立有別於人類發展史上的溝通模式，同時創造新的數位語言系統。當我們開始過度依賴數位科技理解這個世界時，是否讓我們陷入數位符碼轉譯後可能產生的各種認知模糊的迷霧之中？  ', '液晶螢幕、感測器、電子零件、數位影像、電腦程式、雙頻道投射', '', '', '', '', ''),
(64, '太數據：名人臉', '尺寸依場地而定', '', '<p>《太數據：名人臉》是以過去與當今的名人為主角，串連十個人工智慧組成的深度偽造獨白，所打造的視覺敘事。《太數據》系列於2019年6月首次與另一項藝術裝置《Spectre》同步發表，裝置中的名人主角包括馬克・佐伯格、金・卡戴珊、摩根・費里曼、唐納・川普。

作品迅速爆紅後受到全球媒體的廣泛報導，同時混淆了Facebook和Instagram社交平台上，關於合成媒體與演算法的宣傳政策。第二代「名人臉」製作於2020年，增加了包括馬賽爾・杜象、瑪莉娜・阿布拉莫維奇、佛萊迪・墨裘瑞等新角色的分析研究。</p>', '', 'AI生成錄像循環', '', '', '', '', ''),
(65, '我跟你說一個故事', '147x172x15 公分', '', '<p>我們身處混亂的編碼世界。《我跟你說一個故事》討論一個事件如何解讀，透過程式在空間中設置一個看不見的旁觀者，靜靜地聆聽並且拼湊著事件的片段，用不同的語境試著解碼一個故事的全貌。

這件作品使用了機器學習（Machine Learning, ML）、自然語言處理（Natural Language Processing, NLP），這兩種技術都在處理人工智慧中語言的部分。如同我們日常中常用的Siri、Google Assistant甚至我們常用的訊息軟體，都有大量的自然語言來訓練電腦協助處理人類生活的需求與問題。</p><p>在這件作品中，我收集半年期間日常生活中的所記錄下來的文字和聲音，尤其是聲音，將開會、聊天這些日常生活紀錄檔轉為文字，將這些文字收集成為事件的資料庫。

我用自然語言的模型來訓練這個資料庫，使用的是GPT-2(Generative Pre-trained Transformer-2)的模型，它主要在處理如何讓機器學習人類語言的架構與模式。我們可以想像人類如何教一個小朋友唸一段文章，從單字、語句的結構，甚至了解其中的文字內涵與一段對話的文字情緒。我們正在訓練電腦去理解人類的語言，重新生成新的語言系統。這類別最常見的像是早期的論文自動生成系統，或是近年常見的假論文或是假新聞生成系統，可以透過機器學習的文字資料庫，自動生成特定的文章。</p><p>&nbsp;我透過GPT-2重新訓練電腦我在半年期間的所記錄的文字，讓電腦作為看不見的旁觀者，靜靜地聆聽並且拼湊著事件的片段，用不同的語境試著解碼一個故事的全貌。文字間不同的明亮度，呈現不同語句的訓練熟悉度，對比度越高的文字，代表被訓練的次數比例較高。相反的，如果訓練比例比較少或不比較不熟悉的語句，它的顏色就會比較淡。

這件作品企圖回應我們對於事件樣貌的理解，面對數位媒體快速編碼與解碼的過程，事件的真實性似乎越來越模糊。如果我們持續讓電腦透過機器學習與自然語言介入我們的語言系統，人類的世界將如何被理解，一個故事的全貌到底會變成什麼樣子？這是我所好奇的。</p>', '', '液晶螢幕、數位影像、電腦程式', '我跟你說一個故事
液晶螢幕、數位影像、電腦程式
147x172x15 公分
2020', '展場一景', '展場一景', '', ''),
(69, '《失語症》系列一', '147 x 86 x 15 公分', '', '<p>《失語症》討論我們每天面對大量堆砌的訊息資料，透過程式轉譯成特殊的景象，企圖詮釋我們日常接收巨量資訊但卻又無可言喻的窘境。</p><p>我的日常生活中，每天早上起床打開手機或電腦之後，會處理大量的信件或文字訊息，時常出現一種面對一連串的文字但是卻很難去閱讀的困境，看到的只是很多的符號。雖然我們擁有非常便捷的數位工具來處理文字與訊息，但是卻反而產生無法釋讀文字，如同「失語症」的情境。</p><p>《失語症》在醫學的定義中，大多是因為左腦的損傷後，造成語言能力的喪失。但是很諷刺的是，現今看似健康的人們，當日常頻繁地面對巨量的資料，卻逐漸懼怕面對這些文字，甚至抗拒閱讀與溝通。</p><p>在《失語症》系列作品中，我把《我跟你說一個故事》中所整理過後的文字資料，重新透過電腦程式運算後，變成幾何造型的符號，呈現這些文字雖然具有豐富的意涵，但卻變成符號化失去原本可釋讀的樣貌。</p><p>我們可以理解語言的樣貌中，像是中文的「人」字，是因為我們定義此符號是叫做「人」並有其意涵；英文中的A-Z也是被定義成為語言符號的樣貌。但是，如果語言失去原本的意涵，只是個符號的時候，就如同我們現在看到作品中，一連串沒有意義的符號，但卻填滿我們視覺狀態的特殊景象，呈現我所提到的「失語症」— 無法閱讀語言的窘境。</p><p><b></b><br/></p>', '', '液晶螢幕、數位影像、電腦程式', '《失語症》系列一
液晶螢幕、數位影像、電腦程式
147 x 86 x 15 公分
2019', '展場一景', '', '', ''),
(72, '《失語症》系列二', '147 x 86 x 15 公分', '', '<p>《失語症》系列討論我們每天面對大量堆砌的訊息資料，透過程式轉譯成特殊的景象，企圖詮釋我們日常接收巨量資訊但卻又無可言喻的窘境。</p><p>在《失語症》系列二中，試圖討論我們對於語言與圖形之間的關係。相較於文字，現在我們更習慣用圖形溝通，不論對象是機器或是人類。當文字如果很難閱讀，或者我們逐漸失去閱讀文字的能力後，如果把語言轉化成為圖形後，那會是什麼樣子的景象？</p><p>我把建構符號部分的權力交給了電腦，我在畫面中定義一個矩形，接下來畫面中的顏色、材質肌理、包含中間兩條線流動的方式等，都交由程式去決定，我只給他基本的原則，讓電腦程式重新編碼成為視覺化的溝通模式。我在作品螢幕的左側擺設了一台電腦，同時有一條訊號線和一條電源線連接著螢幕，有別於常見的把電腦與線材隱藏在作品背後。在這個系列開始，電腦的角色已經如同創作者，和我一同透過程式語言創作視覺中的所有元素，我試圖凸顯人類與電腦共同創作的想法，並將電腦在創作過程中關鍵性的位置往前推進，讓他與作品同時存在著。</p><p>《失語症》系列的作品試圖討論當今科技媒體大量的訊息過載，語言不再是我們原本的想像。如果語言的主導者不再是人類，我們將無法掌控我們熟悉的語言結構，也可能會逐漸迷失在語言與符號轉譯的縫隙之中。</p>', '', '液晶螢幕、數位影像、電腦程式', '《失語症》系列二
液晶螢幕、數位影像、電腦程式
147 x 86 x 15 公分
2019', '展場一景', '', '', ''),
(73, '城市漂流', '147 x 250 x 15 公分', '', '<p>《城市漂流》透過數位軌跡，討論人類經由地理媒介（GeoMedia）的編碼在數位地圖上快速地移動，看似自主性的精神旅行，是否也正在改變我們對於距離的想像。它不只是物理上的距離感，也包括精神性的距離感。</p><p>什麼是數位軌跡？我們的手機可以記錄曾經移動的經緯度座標，這些座標值透過地理媒介（GeoMedia）可以建構出所有的路徑。我將8年中2880多天移動的軌跡重新整理後嘗試作為數位影像的再現，如果未來影像的生成方式，是透過身體移動所產生的視覺感，那會是一種新的想像。</p><p>在此件作品中企圖處理的問題是「身體」、「記憶」與「距離」之間的關係，從距離感去討論如何用身體移動的經驗來做為視覺構成的元素，在這件作品累積了8年大量的數位座標也記錄這些區域所經歷過的事件，用我的身體移動以及數位軌跡中的記憶來描繪這些路徑中的所產生的視覺樣貌。</p><p><span style="color: var(--primary-gray-color);">同時，在這些軌跡中有另一層意義，我對於記憶被編碼的方式開始有了新的轉變。過去常使用影像式的方式來整理所有記憶，例如靜態照片、動態影像。但到了地理媒介(GeoMedia)時，我們似乎可以透過這些軌跡線條，神遊在這些回憶的路徑中，重現我們對於實體和虛擬空間中對於移動、距離、記憶之間飄移的身體感。</span></p>', '', '液晶螢幕、數位影像、電腦程式', '城市漂流
液晶螢幕、數位影像、電腦程式
147 x 250 x 15 公分
2020', '作品細節', '展場一景', '展場一景', ''),
(74, '失效的感知', '147 x 300 x 15 公分', '', '<p>《失效的感知》討論人類過度依賴感測器的數值解析世界的樣貌，長期依賴所有的知覺都被數值化之後，我們對於人與人與世界的關係是否更為模糊？</p><p>我們身處於使用大量的感測器去感受這個世界，對於溫度、濕度、距離等，都是透過數位的感測器去理解，我們已逐漸失去感受這個世界的基本能力。對於人類來說，有各種度量衡的單位來計算，例如100公分、攝氏30度。但是對於感測器來說，當度量衡的單位被移除後，可以透過他的方式，以程式與數位訊號去重新感知這個世界的輪廓，有別於人類所定義的模式，描繪出一個新的世界觀。</p><p>試圖想像一下，我們習慣用單向的視角觀看螢幕或是感測器，是否有機會讓螢幕和感測器以他們的視角來敘述他們所看到的世界。作品透過800多個超音波感測器嵌入一個螢幕中，即時感測他面前的人群數量與空間距離，他們所感測到的數值會透過訊號線傳輸至中間的電腦，經由程式即時運算後，會將他們所理解的世界重新描繪在另一台螢幕中，呈現一個抽象性的繪畫。</p><p>對於這些感測器來說，他們所感知的世界跟人類不同，我把描繪這個世界部分的權力交給他們。我只給他們簡單的程式邏輯，賦予他們更高的自由度，如同一位藝術家透過他的眼睛，用繪畫的方式一筆一畫地述說著他眼裡的世界。如果有大量的人群在前面移動時，畫面的線條會更為豐富，相反的，當沒有人在前面時，他只會描繪出一個少範圍的小圖形，若一段時間沒有感測到任何資料，他就會重新繪製。這件作品所描繪出來的影像，隨時都在變化，並且定時自動生產一個圖檔，沒有一張圖是一樣的。</p><p>《失效的感知》預示了未來人類把各種資料交給電腦後，他所描繪的世界可能跟我們想像的不一樣。同時在數位時代中，人與電腦在創作中的主從關係可能也因此產生角色上的對調，我們過度依賴電腦後逐漸喪失感受這個世界的能力，甚至是主導權。</p>', '', '液晶螢幕、感測器、電子零件、數位影像、電腦程式', '失效的感知
液晶螢幕、感測器、電子零件、數位影像、電腦程式
147 x 300 x 15 公分
2021', '作品細節', '展場一景', '', ''),
(75, '迷霧之島', '尺寸依場地而定', '', '<p>《迷霧之島》透過日常照片的圖像與電腦共同創造未來世界的景象，討論當我們開始過度依賴數位科技重新辨識與理解這個世界時，是否讓我們陷入數位語言轉譯後可能產生的各種隱喻與認知模糊的迷霧之中，或者會變成Aldous Leonard Huxley筆下的「美麗新世界(Brave New World)」。</p><p>我將日常生活所經歷的場景，例如登山時樹林的樣貌、山頂上眺望外海的景象，我將這些影像透過程式運算讓電腦重新創造未來世界的樣貌。在這些重組過後的場景中，會出現人類客觀理解中的人臉圖像，對電腦來說，這不是人臉，只是程式與圖像在重新組合的過程中所偶發的巧合，只有人類會覺得是人臉。當電腦有能力決定未來的世間觀時，可能就如同畫面中所呈現的，藍色的水不是水，粉紅色的山不是山，已全然脫離人類的理解。在這件作品中，視覺圖像與顏色皆為經由電腦程式運算所產生的結果，我只提供我日常生活的照片，讓電腦去決定有哪些可能性。這也提出了當人類與電腦的關係密不可分的當下，我們總是透過人工智慧與機器學習來複製人類的價值觀。若是這樣矛盾的關係持續發展，對於未來是世界的想像，可能將會面對詭異的末日感。</p><p>如果我們持續將數位資料透過程式編碼改變我們的生活模式，人類該如何找到解碼的路徑；當科技媒體重塑了新的語言結構，我們看到的世界是否不是真實的樣貌？</p>', '', '雙頻道投影、電腦程式', '迷霧之島
雙頻道投影、電腦程式
尺寸依場地而定
2021', '展場一景', '展場一景', '展場一景', ''),
(77, 'TEST', '', '', '<p>TEST</p>', '', '', '', '', '', '', ''),
(78, '掉漆夕陽', '長220×寬120×高150公分', '', '<p>《掉漆夕陽》將當代已落入符號化的「夕陽」圖象，重新賦予了物質生命，並召喚2010年代網路次文化「蒸氣波」的未來懷舊主義。以烤漆塗裝的鐵製看板其平整光滑的原貌，因水霧裝置被刻意加速了表面鏽蝕的進程。隨著時間推進，塗裝表面逐漸衰敗，「圖」也慢慢成為了「物」。台語「掉漆」一語雙關，除了是表面塗裝的磨耗，也帶有失誤、失準的衍生義。</p><p><br/>李勇志延續過往創作中對於虛構歷史感的關注，2022年起更進一步從金屬鏽蝕耗損的材料實驗中，延伸出對於物質衰敗及表面意義的思考。這個水霧瀰漫中的《掉漆夕陽》顯得意義曖昧，在指涉了時光將逝的感傷同時，也展示著一種人造的歷史感。如今，我們距離唐代詩人李商隱詩句：「夕陽無限好，只是近黃昏」背後那種寄情於景的深刻感傷已很遙遠了。在當代媒體文化中，這一切轉化成對於時間感性的速成消費。感傷變成了類型化的經驗，彷彿一個隨時可點播的心情播放清單，允許我們無限重覆播放。</p>', '', '烤漆鐵板、金屬支架、噴霧系統', '裝置投射燈夜晚模擬圖', '裝置投射燈夜晚模擬圖', '裝置白天模擬圖', '裝置白天模擬圖', '裝置白天模擬圖'),
(79, '發掘現場：馬鈴薯形石器（蝠紋樣浮雕）、啞鈴形骨骼等', '尺寸依場地而定', '', '<p>同樣是向下凹陷的場景、帶著高低起伏的地形變化，許芝瑜的這件大型裝置作品丟出了一個近乎荒誕的聯想：你不覺得考古發掘現場與滑板練習場看來有點像嗎？</p><p><br/>我們不可避免地進一步思索著，考古挖掘人員和溜滑板的人，正以各自不同的方式進入眼前的下陷地形：考古者透過身體勞動考察歷史證據，在探索時間的同時創造了地景，溜滑板的人們則流連於表層，在反覆的身體運動中，把自己融入那一方凹陷的地景。不管是勞動或運動、用的是小圓鍬還是有著四個輪子的板子，工具輔助下的身體，不斷探索著這片地景的時空意義。</p><p><br/>許芝瑜的創作擅長重新排列組合那些我們習以為常的物件、符號及風格，用來開啟不同的想像、以及另類的觀看。這次她針對展覽委託創作的大型裝置作品，將兩個看似毫無關聯的場景拼接串連。我們眼前的是一個考古挖掘現場、一個虛假的古物陳列室；它也是一個真正的滑板練習場，一個可來回交錯、角色互換、恣意想像的遊樂空間。</p>', '', '裝置', '裝置', '裝置', '裝置', '裝置', '裝置'),
(80, '印製夕陽', '尺寸依場地而定', '', '<p>我們看見狀似情侶的兩人彼此依偎，視線望向遠方夕陽。鏡頭慢慢拉近，他們的肢體放鬆，享受著親密感，神情卻顯得專注，彷彿不想錯過白日將盡時最動人的那幾分鐘光景。當我們凝視著他們望向遠方的眼神時，不自主地想起：這一切看來都有些熟悉，完全是浪漫電影裡時常出現的橋段。隨著鏡頭切換，對準這一方夕陽的鏡頭朝反方向地逐漸拉遠，我們很快意識到這不過是個虛假的佈景，一片以向量圖形繪製的夕陽看板。但就像影片中入戲的角色們，我們仍被視覺與影像默默牽引，試著投注一些浪漫的想像力。</p><p><br/>在《印製夕陽》中，藝術家萃取出我們似曾相識的電影套路，將之鋪陳為一個低限、甜蜜又帶著冷面風格的極短篇。緩慢推進與拉遠的兩顆鏡頭彼此交替，像是在向好萊塢電影中常見的正反打鏡頭致敬，但同時又透露著一種鏡像般的和諧視覺結構。在無限反射之中，我們彷彿被困在電影公式構成的時間迴圈，一如跳針般反覆播放的背景音樂。</p><p><font size="2">表演 |</font></p><p><font size="2">佐伊．圖倫</font></p><p><font size="2">貝蒂娜．布蘭克．彭瑟</font></p><p><font size="2">音樂&nbsp;&nbsp;|</font></p><p><font size="2">The Caretaker</font></p><p><font size="2">攝影&nbsp;&nbsp;|</font></p><p><font size="2">法蘭西斯科．梅斯</font></p><p><font size="2">剪輯 |</font></p><p><font size="2">安德列．巴宏</font></p>', '', '16mm膠卷轉數位、彩色有聲', '印製夕陽', '印製夕陽', '印製夕陽', '印製夕陽', '印製夕陽'),
(81, '瀰漫在今夜空中', '11分03秒', '', '<p>有一則都市傳說，是關於菲爾．柯林斯1980年的熱門單曲〈瀰漫在今夜空中〉的靈感來源，那是藝術家青少年時期在朋友家地下室嗑藥時首次聽到的。根據這則傳說所述的儀式，這首歌會在旁白講述這則故事時播放，完美同步這首歌裡著名的類比聲鼓點與敘事的高潮。</p><p><br/>2020年3月，藝術家在位於山坡、可以望見好萊塢標誌的住家中，想起在太平洋海岸公路上的那個夜晚，菲爾．柯林斯開始在他腦海中揮之不去。那一夜，在公路上，有一位女性開車與他並行，她調到相同的收音機頻率，用力跟唱著〈瀰漫在今夜空中〉。</p><p><br/>安德魯．諾曼．威爾森在這部影片中，為這首暢銷金曲創造了一個漫長的序曲，影片獨白以令人放鬆的心靈導師口吻，細緻鋪陳關於此曲的都市傳說。直到菲爾．柯林斯直接進入副歌，唱起「我記得。不要擔心，我記得的。我怎麼會忘記那是我們第一次，也是最後一次見面……」</p><p><font size="2"><br/></font></p><p><font size="2">編劇、導演、剪輯及製片&nbsp;|</font></p><p><font size="2">安德魯．諾曼．威爾森</font></p><p><font size="2">旁白 |</font></p><p><font size="2">大衛．喬治</font></p>', '', '高畫質影片', '今夜將會降臨', '今夜將會降臨', '今夜將會降臨', '', ''),
(82, '長途公路旅館', '尺寸依場地而定', '', '<p>此作集合了公路電影中我們熟悉的片段：夜晚亮起的旅館招牌、歷經風霜的汽車、廉價的紀念品以及失眠的夜晚。在這些電影中，漫長的旅途被描寫為一場迷人的成長儀式。故事隨著車窗外的風景推進，主角經歷了一段奇異又深刻的旅程，最終改變了自己，找到真正的自我。</p><p><br/>「但你知道我更喜歡怎樣的公路電影？」藝術家說：「那些主角到了片尾什麼也沒變的那種。這不是很酷嗎？」電影與現實很難割裂，究竟「通過壯遊發現自我」的想法是來自真實世界的老派教誨，還是我們其實一直活在公路電影的敘事中？藝術家還提醒了我們，所有公路電影都欠缺一個東西：手機。這個格格不入的掌中機器打斷了孤獨的壯遊，讓我們不斷意識到遠方有你所愛的人、思念的朋友。最後你發現，你無法完全獨自一人在路上。</p><p><br/>《長途公路旅館》是一封寫給公路電影的情書，但又不只如此。藝術家將類型化電影的符號碎片，重新組織成一個充滿奇想的個人寓言。我們依舊在路上，但這卻是一場未曾想像過的、更真切一些的公路電影。</p>', '', '雕塑、攝影、裝置、繪畫', '長途公路旅館', '長途公路旅館', '長途公路旅館', '', ''),
(83, '石之詩', '24分30秒', '', '<p>這部16 釐米膠卷影片的原始素材，採用了《生活雜誌》攝影師佐藤善夫在報導雕塑家流政之時所拍攝的雕塑作品，以及日本香川縣庵治町一位石匠的照片。庵治町是著名的「庵治石」的產地，有著超過三百年的歷史。影片透過高度象徵性的視覺語言，重新想像了世居當地的1,200位石匠們的生活、信仰及工作文化⸺他們在石頭敲擊聲的陪伴下成長，用雙手製作自己的墓碑，死後長眠於碑下。松本俊夫透過鏡頭，帶領觀者的視線游走在靜態影像的各個局部，以鏡頭景框拆解原本的影像元素，創造新的敘事，並賦予人與石之間一種神秘而獨特的依存關係。作為拍攝前的準備工作，松本俊夫製作了一份鉅細彌遺的分鏡腳本。如同其作品《西陣》一樣，他在這部作品中將其前衛紀錄片的製作理論付諸實踐，刻意用複雜的影片結構來擾亂觀者的感知。貫穿此部作品的配樂，則是由「實驗工房」秋山邦晴以石頭發出的聲響創作出的具象音樂編曲。這部作品1963年2月發表之際，是以電視節目的形式播出。</p><p><font size="2">NPO 法人戰後電影藝術資料庫提供</font></p>', '', '16mm 膠卷轉數位、 黑白有聲', 'NPO 法人戰後電影藝術資料庫提供', '', '', '', ''),
(84, '為了受傷的右眼', '12分10秒', '', '<p>《為了受傷的右眼》原始的版本為1968年在草月藝術中心發表的擴延電影，由兩部16 釐米放映機及一部35釐米放映機，將影像以彼此交疊的方式投映在同一銀幕上。在那個時期，松本的創作形式由前衛紀錄片轉移到實驗電影。1960年代的日本正處於社會混亂的轉折點，交雜著迪斯可舞廳跳舞的嬉皮、警察與學生抗爭者的衝突、金嬉老事件與同性戀文化等。我們眼前的銀幕上演著1968年日本社會衝突的各種影像檔案，它們在多重層次上彼此碰撞、混合。當年在首映會上，影片結束時置於銀幕周圍的閃光燈還閃爍了起來。秋山邦晴為這部電影創作的具象音樂編曲，靈感則來自流行歌曲。</p>', '', '16mm 膠卷轉數位、 黑白、彩色有聲', '為了受傷的右眼', '為了受傷的右眼', '', '', ''),
(85, '記憶痕跡', '11分50秒', '', '<p>從面對實景拍下的一張拍立得相片開始，現實與影像彼此滲透交疊。接著場景突然跳接，導演出現在電視螢幕前，講述著影像如何形塑為我們的記憶，直到影像畫面逐漸崩解，口語傳達也隨之失效。接著是另一張拍立得相片，前一段情節被置入新的景框重來一次，但似乎又不符合我們的記憶……《 記憶痕跡》作為松本俊夫實驗短片的代表作，以三段式結構及後設的電影語言，探討了影像與現實，以及不同影像載體之間的辯證關係，關於照片中的照片、電影中的電影、電影中的照片。導演本人則反覆出現在鏡頭前、相片中、電視裡。景框之中還有景框，一切像是反覆出現但不準確的夢境。松本俊夫自1980年代以來的晚期作品，關注影像與觀者之間的關係，以及影像的敘事謬誤，宣稱「你以為的現實是假的，你以為的虛構是真的」。對他而言，影像接近敘事，但相似間卻帶著陷阱，因為再現影像總是與現實有所出入。影像構築起的記憶之宮其實是座迷宮。</p>', '', '十六釐米底片轉數位、彩色有聲', '記憶痕跡', '記憶痕跡', '', '', ''),
(86, '今日亞非', '尺寸依場地而定', '', '<p>韓戰結束後，民主國家和共產國家在聯合國就美軍駐南韓議題舉行年度提案。1960年代末期，脫離歐洲獨立的非洲國家加入聯合國，許多非洲國家以不結盟集團的凝聚力自豪，並且在聯合國大會上發揮他們的影響力。</p><p><br/>因此，北韓與南韓便在聯合國發起外交競爭，試圖爭取非洲國家的支持。結果，北韓自1970年代中期開始獲得非洲國家的支持，到了1970年代末期，蘇聯向非洲提供軍事援助，並稱其為「社會主義國家」。與此同時，中國也向非洲提供軍事援助，以換取非洲國家對其「一個中國」政策的支持，而中國亦利用非洲作為施壓臺灣的手段。<br/><br/></p><p>這件作品以照片和立體雕塑的形式，呈現一系列從北韓與南韓政府出版的圖錄中掃描而來的禮品圖像。包括北韓的非洲國家盟友和共產主義國家盟友於1970年代贈與北韓的禮品，以及南韓的民主國家盟友（包含美國）於1970年代贈與南韓的禮品，在這件作品中都以祭壇的形式陳列在底座上。這一切如今已成遺跡，但對過去而言具有儀式性意義。展場中一併展示著1970年代北韓、南韓、中國的政治宣傳片，以及前蘇聯發行的《今日亞非》雜誌摘錄文字。</p>', '', '複合媒材', '國際友誼', '國際友誼', '國際友誼', '國際友誼', '國際友誼'),
(87, '形式肖像', '8分31秒', '', '<p>波莉娜．卡尼斯在《形式肖像》中重新檢視蘇聯最強大意識形態工具之一：遊行與隊伍行進，並具體解構在移動設備上表演特技體操的傳統動作。永恆的期待成為關鍵主題⸺我們聽到引擎的轟鳴聲，象徵著行動準備就緒，旗桿已備妥，人們順從地集合，形成一<span style="color: var(--primary-gray-color);">面旗幟⸺這種無盡的重複，注定永遠存在，而不會成為歷史的某</span><span style="color: var(--primary-gray-color);">個瞬間。升旗儀式在某種戲劇性、指向性的永恆中展示勝利的力</span><span style="color: var(--primary-gray-color);">量，其實這只是暴露了這個行動的無能：旗幟是在一片封閉的、不</span><span style="color: var(--primary-gray-color);">為公眾所見的領域中升起，這般升旗儀式，暗喻著永遠不會到來的</span><span style="color: var(--primary-gray-color);">勝利。（文／達利亞．阿特拉斯，1988年生於莫斯科，美術史學者</span><span style="color: var(--primary-gray-color);">暨藝評人）</span></p>', '', '高畫質影片、立體聲', '形式肖像，2014，錄像，HD，8分31秒 ', '形式肖像，2014，錄像，HD，8分31秒 ', '形式肖像，2014，錄像，HD，8分31秒 ', '形式肖像，2014，錄像，HD，8分31秒 ', '形式肖像，2014，錄像，HD，8分31秒 '),
(88, '少年、煙霧與傘', '尺寸依場地而定', '', '<p>2019 年，李迪權因緣際會參與了香港反送中運動，從尖沙嘴警署前加入遊行隊伍，看見身旁「手足」們以路邊拾得的木板為路障，確保遊行不受外力干擾。事後，他將這些擋過催淚彈和警察攻堅的木板帶回臺灣，以素樸的木刻版畫手法重新詮釋當時在網路即時散布的各種抗爭影像──原始影像來源混合了抗爭前線的手足們的手機快照，以及刊載於媒體上的記者攝影。藝術家受到1930年代魯迅發起的左翼木刻版畫運動的啟發，直接以抗爭現場的遺留物作為版畫的物質基礎，創作了此一系列版畫。</p><p><br/>在俗稱「港版國安法」的《香港特別行政區維護國家安全法》通過後，政治打壓日漸嚴重，當時在香港預計展出的這批作品，因描繪了抗爭的口號及場景而觸碰紅線被迫撤下，在東京舉辦的香港抗爭展也為保護學生及來訪者安全而臨時取消。之後，「手足」們紛紛撤下社群媒體貼文甚而刪除帳號自保，經營26年的《蘋果日報》和《立場新聞》也因觸法而停刊，網站隨即消失。這一批版畫當年所參照的網路影像，在網路世界正迅速消失中，就像一顆被切除前額葉皮質導致失憶的大腦。</p><p>網路影像的崩解，讓這批版畫越來越像是抵抗失憶的證物。李迪權<span style="color: var(--primary-gray-color);">意識到這一點後，決定展開募資計畫，在2021年出版實體畫冊並策</span><span style="color: var(--primary-gray-color);">劃展覽，以抵抗數位媒介的封鎖。藝術家自述道：「作品宛如有機</span><span style="color: var(--primary-gray-color);">體，隨著時局衍生不同含義，同時目睹自由之城的墜落，身處長期</span><span style="color: var(--primary-gray-color);">暴露在地緣政治風險中的我們，是否也能從中得到聯想或共鳴？」</span></p>', '', '木刻版畫、現成物', '少年、煙霧與傘', '煙霧中43', '煙霧中6', '少年、煙霧與傘', '圖城'),
(89, '痕', '48.7×60.8 公分', '', '<p>2011 年3月11 日，在強烈地震引發海嘯導致日本福島第一核電廠輻射外洩事件後，日本攝影家武田慎平決定要為這場歷史上最嚴重的人為核能事故拍攝實體紀錄。</p><p>由於可見光與電磁輻射都可用來讓一張相片顯影，兩者都是類似的能量形式，只是以不同的波長傳播。武田慎平想利用這種方式，將感光材料暴露在受污染粒子所發出的微量輻射中進行感光，以無相機攝影的手法直接記錄這一場災害。</p><p><br/>隔年1 月，武田慎平先在日本12 個地點共採集了16 個被輻射汙染的土壤樣本，並測量記錄輻射值。這些地點分布於5個不同的縣市中，全是對藝術家而言帶有強烈生死記憶之處，包括寺廟、神社、戰爭遺址、城堡遺址及他的出生地。他將底片埋進這些土壤樣本中數週到數月，讓土壤的輻射直接在相片留下痕跡。</p><p><br/>這一系列影像在技術上是對災難的物質化拓印，但視覺上卻宛若深邃的星雲。傳統攝影的感光技術及材質性在此，為歷史經驗賦予了雙重意義，既是迫近的物質世界遺跡，也是一個遙遠的隱喻，暗示著脆弱渺小的人類文明。</p>', '', '明膠銀鹽相紙', '痕', '痕', '痕', '痕', '痕'),
(90, '貨幣的記憶', '尺寸依場地而定', '', '<p>《貨幣的記憶》這項計畫嘗試創造貨幣化石，探討過去曾經作為貨幣使用的貝殼與現代貨幣之間的連結。藝術家在每一枚珍珠蚌殼中都植入一塊核狀物（外來物體），每一塊核狀物均仿照國家貨幣上標誌性的人物肖像，例如喬治．華盛頓、伊莉莎白女王、福澤諭吉。在珍珠蚌殼裡，內部的珠母層覆蓋住肖像，創造出各個人物形狀的珍珠。貨幣（人造）與珍珠蚌（非人造）的融合構成一種與自然物種密不可分的新型貨幣。它讓我們思考，這些作品是否有朝一日會成為化石，被未來的人類發現。</p>', '', '珍珠蚌殼、影片', '貨幣的記憶', '《貨幣的記憶（伊莉莎白二世）》，藝術家提供', '《貨幣的記憶》，若林勇人攝影，久保田真帆藝廊提供', '貨幣的記憶', '貨幣的記憶'),
(91, '白屋', '16分06秒', '', '<p>許哲瑜以 3D 掃描技術，將祖母生前居住的房子重建為一個虛擬實境的數位影像，藉此探索建築空間與身體感知的關係，從物質的角度重新理解記憶與死亡。《白屋》從藝術家的一段兒時記憶展開。那是一次夢遊，許哲瑜驚醒時發現他站在屋外，眼前場景變得陌生……</p><p>時空拉回當下現實，許哲瑜自述他近兩年的身體出現狀況，開始有不尋常的頭痛症狀。檢查腦部的過程中，意外檢測出有「複視」的症狀，會將眼前的事物看作為兩個重疊影像，醫生判斷成因來自腦部神經。在當代的醫學研究中，幾乎所有的知覺、情緒運作，都能在神經科學範疇裡得到某種解釋。透過科學之眼的凝視，精神與感知作為神經系統內的特定組構，被賦予了一種身體物質的意象，變成了有著堅實意義的客體。在《白屋》中，經過 3D 掃瞄的私密家庭記憶，變成了翻模後的雕塑物，藝術家試圖透過這種狀似物質化的記錄手段，帶領我們重新思考情感的潛能。</p><p><br/></p><p><font size="2">聯合製作 |</font></p><p><font size="2">高雄市電影館VR 體感劇院</font></p><p><font size="2">哈恩內夫肯影像收藏基金會</font></p>', '', 'VR360', '白屋', '白屋', '白屋', '白屋', '白屋'),
(92, '紅葉少棒與青少年影像', '尺寸依場地而定，17分00秒', '', '<p>1968年，臺灣自「光復」二十餘年後再度與殖民母國重逢，展開了一連五場臺日少棒友誼賽。這不僅是臺灣電視史上第一場轉播的運動賽事，更開啟了臺灣棒球的「三冠王」時期，成為島民將近兩甲子的民族慶典。從遙遠的2023 年回看，這一群又一群的青少年形象，承擔將近六十年來國族認同的曲折離奇。</p><p><span style="color: var(--primary-gray-color);">認同總是透過反覆行動才成為可能。然而，作為此黃金時期的源頭</span><span style="color: var(--primary-gray-color);">──臺東延平鄉的「紅葉少棒隊」，卻被描述為一支靠作弊取勝的</span><span style="color: var(--primary-gray-color);">球隊。他們在不同時代的政治人物言詞中閃爍，映照了迥異的意識</span><span style="color: var(--primary-gray-color);">型態之同時近乎燃燒殆盡。成為歷史文本的「紅葉少棒隊」，展示</span><span style="color: var(--primary-gray-color);">的不僅是青少年影像承擔政治慾望的軌跡，更是眾多權力部署交錯</span><br/></p><p>的產物。<br/><br/></p><p>謝詠程延續近年對於臺灣歷史題材的關注，以文本化的「紅葉少棒」為起點，蒐集不同時期及脈絡之青少年形象，並混合當代性別論述拆解外界投射在青少年身上的目光及慾望。透過多頻道錄像及演說式表演的形式，重新演繹圖像生產中的感知配置，試探參與記憶書寫的能動性。</p>', '', '影像裝置', '紅葉少棒與青少年影像', '紅葉少棒與青少年影像', '紅葉少棒與青少年影像', '紅葉少棒與青少年影像', '紅葉少棒與青少年影像'),
(93, '卸下面具（盜版）', '尺寸依場地而定', '', '<p>所謂「翻唱樂團」或「致敬樂團」演奏的是其他人的著名歌曲（在日本一般稱為「拷貝樂團」）。而兩者之間的概略區別是，前者以自身的風格編排原曲，而後者首要就是忠於原版，有時甚至藉由模仿其所致敬的樂團成員的穿著與行為而「變身」為他們。</p><p><br/>《 卸下面具（盜版）》裡的主角是以京都府南丹市八木町作為基地的WISS 樂團。他們以致敬樂團的身分，演奏美國重搖滾樂團KISS 的歌曲達15年之久。藝術家過去兩年來持續關注他們。他們透過詮釋KISS 的歌曲和世界觀來表達對該樂團的喜愛與尊重，這本身就是一種致敬，但WISS 也有自己的故事。與KISS 不同的是，WISS 是五人組，過去也有成員在現場演出時互換妝容和樂器的情況。</p><p><br/>此作以雙頻道錄像分別呈現該樂團「戴上面具與卸下面具」的面貌──即台上和台下、表演和日常、妝前和妝後。出於各種原因並未納入現場表演的聲音，突顯出每個致敬樂團注定要應對的版權和重製權問題。 在藝術家眼中，正本與複本之間很難簡化為二元對立，即便忠實地複製原創歌曲並不會改變兩者之間的「主從」關係。藝術家翻轉的策略是忽略「表演品質」，轉而關注「複製行為的本質」。在假裝製作音樂紀錄片的同時，藝術家在不使用他們任何音樂的限制條件下，捕捉 WISS 的原創性和獨特性。</p><p><br/><font size="2">※2023年惠比壽映像祭委託製作，由東京都寫真美術館主辦。</font></p>', '', '雙頻道高畫質影像裝置（LED視覺牆、無聲；液晶螢幕、有聲）、黑膠唱片', '揭露（盜版）', '揭露（盜版）', '揭露（盜版）', '揭露（盜版）', '揭露（盜版）'),
(94, '漂浮的記憶', '12分00秒', '', '<p>《漂浮的記憶》是一件充滿懷舊、夢境般氣息的錄像作品。作品中，老舊的黑膠唱盤緩緩轉動，讓人不禁注意那輕微並且周而復始的起伏，也被它發出的柔和聲音所吸引。作品的影像既是寓言式的，又飽含詩意，像是遙遠的海市蜃樓，呼喚著藝術家兒時回憶。</p>', '', '高畫質影片、彩色、有聲', '漂浮的記憶', '', '', '', ''),
(95, '無聲Disco', '長50×寬40×高13（公分）、長25×寬40×高13（公分）、長46×寬40×高13（公分）', '', '<p>在《無聲Disco》中，藝術家以三件石雕物件完美再現了一套類比音響系統（僅稍微放大了尺寸）。或許因為音樂根植於時間性，並總是召喚情感、觸動情緒，以至於當這具聲音機器徹底成為「靜物」時，我們很難不被某種強烈的石化意象所擄獲。其單調、靜態的外觀，透露出近乎永恆的物質意義。不只凝結了時間，也將不可捉摸的懷念轉化為紀念物。「無聲Disco」一詞也意指了某種特定的派對型態（舞客們戴著耳機跳舞）。刺激我們思考它帶著自相矛盾趣味的表面意義，指向了「有聲– 無聲」、「動態– 靜態」之間幽微的界線。</p>', '', '一組三件石質雕塑', '無聲Disco', '無聲Disco', '無聲Disco', '', ''),
(96, '父親', '88×111.3 公分', '', '<p>金川晋吾的父親會突然消失，只要一消失就是好幾個月不見人影。重覆消失讓他的父親變成失去一切的人──沒有錢、沒有關係、沒有想法。他的父親就是想要成為這樣一無所有的人，這讓他能夠不去在乎自己，以及那些在乎他的人。<br/><br/></p><p>小說家保羅．奧斯特曾寫過一段話：「倘使我們確實能夠認識另一個人，即使只是認識皮毛，那麼我們也只能認識這個人願意讓我們認識的部分。某個人會說：我很冷，或者他不發一語，而我們會看到他發抖。不論是哪一種情況，我們都知道他很冷。但是，如果你遇到的人既不說話，也不發抖呢？當一切皆難以操縱，當一切皆隱密而無法捉摸，你只能觀察。然而。你是否能自觀察中看出意表，則完全是另一回事」。</p><p><br/>金川晋吾的父親一旦覺得冷，就會發抖，但若問他為何發抖，他會回答：「我不知道」。我們無從辨別他是真的不知道，還是他不願思考，即便他自己可能也無法分辨。金川晋吾自2009年開始持續拍攝自己的父親──這個他生命記憶中謎樣的角色。他們定期碰面，攝影是他觀察父親的方式，也是建立關係的方式。這些影像變成了父親曾經在場的證據，在最親密的<br/>時刻仍帶著一種疏離的凝視。</p>', '', '噴墨輸出', '父親', '父親', '父親', '父親', '父親'),
(97, '我們的嗜好是流行尖端', '1時07分00秒', '', '<p>傑瑞米．戴勒與尼克．亞伯拉罕共同製作的紀錄片《我們的嗜好是流行尖端》訴說的是一個堅定信念與忠實粉絲文化的故事，以怪異、有趣、悲傷，而且感人的方式去反思人們如何在各自生活中欣然接受並挪用流行文化。</p><p><br/>「流行尖端」樂團所屬的靜音唱片公司委託戴勒與亞伯拉罕製作這部紀錄片，作為當時該公司預計發行的週年紀念版的一部分。影片特別追蹤樂團在世界各地的狂熱死忠粉絲群，記錄他們的熱情、崇拜儀式及激情洋溢的群體精神。正如該樂團的無數國際粉絲之一所言：「雖然這聽起來很瘋狂，但這就是我們的嗜好。『流行尖端』不只是我們的激情所在。有些人的嗜好是上健身房或做其他運動，而我們的嗜好就是『流行尖端』。」</p>', '', '數位投影', '伊朗首都德黑蘭拍攝現場的流行尖端粉絲《我們的嗜好是流行尖端》， 2006，傑瑞米．戴勒攝影，藝術家與現代研究所／格拉斯哥托比．韋伯斯特有限公司提供', '我們的嗜好是流行尖端', '我們的嗜好是流行尖端', '', ''),
(98, '漢強影音', '尺寸依場地而定，2分00秒', '', '<p>歡迎光臨「漢強影音LEE’S DVD」！在你眼前的是一個小而美的DIY-DVD 影音店，透過仿真手繪的各式光碟，穿梭於2D 與3D 的世界。</p><p><br/>「串流是主流，租片是源流。」在這裡，你彷彿進入李氏的量子宇宙，玲瑯滿目的手繪光碟，像是出租店的陳列佈滿在你眼前。最新的韓劇、串流原創影劇、英雄宇宙電影被重新以DIY 的方式「燒錄」成全新的觀影體驗！漢強影音為你呈現的不只是影視作品，也將勾起你在學生時期的房間裡，下載著影音檔案，偷偷拷貝並交流分享的情境，又或是你會想起曾有路邊攤販擺著各式各樣的遊戲、軟體、電影光碟目錄的場景。李漢強在時空的扭曲中也拷貝了一份屬於自己、屬於那個年代的記憶，並將這些元素以一筆一劃壓縮製成全新的「源流」科技。</p><p><br/>李漢強以勞力密集的繪畫手法，再製當代資本主義社會過剩的各式影像產物，從串流影劇劇照、超級市場傳單到八卦雜誌封面。《漢強影音》為藝術家近年《李漢強のN・F・T》與《鳥窩影音》之創作系列分支，也是對於「前串流影音時代」的DVD 燒錄文化之另類致敬。</p><p><br/></p><p><font size="2">繪圖助手 |</font></p><p><font size="2">永井靜玲菜</font></p><p><font size="2">動畫&nbsp;|</font></p><p><font size="2">榊原美土里</font></p><p><font size="2">黏土造形 |</font></p><p><font size="2">土本穗香</font></p>', '', '出租店的DVD 空盒、 畫布、紙、壓克力顏 料、泰維克、DVD 播 放器、影片', '漢強影音', '漢強影音', '漢強影音', '漢強影音', ''),
(99, '我們收購白色專輯', '1時36分00秒', '', '<p>這張96分鐘長的雙LP 黑膠唱片專輯，是由100張披頭四樂團《白色專輯》的個別拷貝所疊加而成，捕捉了這張標誌性專輯每一份拷貝的歷史是如何從視覺上和聽覺上形塑自身。隨著歲月推移，每張唱片上的刮痕與實體瑕疵不斷累積，使得這些歷經半個世紀的唱片拷貝們，播放起來都有些許差異，也導致這100層音軌隨著唱片每一面的播放而逐漸變得不同步。這張概念專輯的摺頁封面與唱碟上的標籤，也是由這些不同拷貝的個別外觀疊合而成，混合著歷經風霜的表面以及樂迷藏家們在上面的塗鴉，這100張拷貝的原始封套影像，可見於專輯內附的一張24 x 24 英吋海報插頁。這張概念專輯的100份原始音軌素材，來自藝術家持續進行中的《白色專輯》收購計畫，從超過3,200 張有不同壓片編號的《白色專輯》拷貝所製作而成。</p>', '', '黑膠唱片、雙LP唱片', '我們收購白色專輯', '我們收購白色專輯', '', '', ''),
(100, '分身三部曲', '3分34秒、2分50秒、2分05秒', '', '<p>《分身三部曲》從我們大眾傳播文化的集體無意識中召喚出三位流行偶像（包括後龐克樂團「歡樂分隊」主唱伊恩．柯蒂斯、「超脫樂團」主唱寇特．柯本及流行歌手麥克．傑克森）。觀者透過慾望與記憶的遠距鏡頭來感知這三位墮落英雄⸺兩位自殺，一位長期聲名狼藉。每一部錄像都被製作成一場偽造的現場演唱會紀錄，其手法令人聯想到據聞某事件發生時人們會動用的記錄手段。〔…〕藝術家對這些虛構表演的「重演」參考了自己生活中的特定時刻，包括他首次接觸到這三位流行偶像作品時的感受，以及透過他們所看到的離棄的魅力、名氣的誘惑、粉絲崇拜的情色性。<br/><br/></p><p>〔…〕自1999 年起，布拉德利與班傑明．布洛克（他名符其實的分身）協力創作一系列作品，探索自我與鏡像之間充滿心理吸引力的空間。在神話與文學中，分身是預示自身死亡的幽靈，但其形式會隨著時間轉變，進而包含雙重身分的概念。在此三部曲中，布洛克作為藝術家的分身扮演三位流行偶像，透過服裝與姿勢的變化，加上被逐漸劣化的庫存影片掩蓋，這位分身一下是任何人，一下子又誰都不是。呈現出的是一種三角的映射，也像是一座無盡的鏡廳，只通向潛意識的心靈深處。（文／南希．斯派克特，當代藝術策展人。原文節錄）</p>', '', '單頻道錄像投影、HI-8 影片、8釐米埃克塔克羅姆7240及柯達克羅姆40轉數位檔案、柯達7266超8反轉片及7265 PLUS-X反轉片轉數位檔案', '大衛．希爾德攝影，紐約所羅門．R．古根漢基金會版權所有，古根漢基金會保留著作權法規定的所有權利，藝術家提供', '大衛．希爾德攝影，紐約所羅門．R．古根漢基金會版權所有，古根漢基金會保留著作權法規定的所有權利，藝術家提供', '大衛．希爾德攝影，紐約所羅門．R．古根漢基金會版權所有，古根漢基金會保留著作權法規定的所有權利，藝術家提供
', '', ''),
(101, '我愛自己且想要活下去', '149.2×92.3×6 公分（含框）', '', '<p>2003年，藝術家創作了攝影作品《我恨自己且想去死》（I Hate Myself and Want to Die），拍攝對象是藝術家長年合作的「分身」的肖像。不僅畫面中的人物扮裝酷似超脫合唱團（Nirvana）主唱寇特．柯本（Kurt Cobain），作品名稱也借用了該樂團在1993年的同名單曲名稱──很多人相信這首歌是一則直白的預告，因為就在隔年，柯本用一把散彈槍結束了自己的生命；但柯本當初寫這首曲子的本意其實是在自嘲，刻意操演著大眾媒體加諸他身上的神經質、厭世及充滿虛無主義的刻版印象。背後隱藏的腔調，使這首單曲變成一個帶有雙重意義的文本。藝術家後來的攝影行動為此文本增添了另一層後設的操演性。早逝的搖滾偶像在影像中曖昧地重生，彷彿歷史重演，卻又十足是架空的敘事，戳刺我們腦海中似遠猶近的文化記憶。20年過去了，藝術家再版了這張照片，並將標題改為「我愛自己且想要活下去」，於本次展覽中首次發表。</p>', '', '藝術微噴裱於2釐米鋁版、橡木框', '我愛自己且想要活下去', '', '', '', ''),
(102, '殖民地之杉', '尺寸依場地而定', '', '<p>建築、空間景觀的改造，一直是統治者彰顯其意識形態與國族認同的最佳手段，具有複雜殖民歷史的臺灣，更能看到此現象。在此持續進行的攝影系列中，郭哲希拍攝分布在全臺各地的南洋杉。但不只是自然攝影，這些看來素樸的影像，也呈現出這個外來種樹木，在臺灣如何被殖民者使用，並賦予不同政治意義。</p><p><br/>臺灣的都市景觀在近百年間發生巨大變化。在日治時期，日本政府因推動「日本化」與「南進基地化」而種植櫻花與椰子樹，戰後中華民國政府則大舉興建中式建築、中國路名等來突顯「中華文化」。對此，南洋杉在臺灣的歷史脈絡特別顯得意味深長。不同於其它針葉林樹種需要在寒冷的環境生長，這個原本生長於澳洲的外來樹種，在熱帶／亞熱帶高溫的臺灣平地也能創造出高聳的形象。南洋杉於日治時期引進，突顯臺灣作為日本「南進基地」的想像；到了中華民國統治時期則將早先的南洋象徵，一舉扭轉成威權的、官僚的、中式園林的再詮釋。南洋杉獨特的生長型態，在不同的時代與政治意識型態下接連被不同統治者相中，被有意識地栽種。如今，南洋杉大量出現在政府機關、學校、軍營、國宅等，也是早年植樹節政治人物樂於種植的樹種。郭哲希以素樸的紀實攝影手法，所紀錄下的不只是在這個島嶼上出現的南洋杉，更呈現出這個特定樹種所在的環境，及其背後隱涵的政治歷史脈絡。</p>', '', '攝影、文件', '《殖民者之衫 - 雕像》，南洋杉在許多政治人物的雕像、或紀念建築附近都會出現。藝術家提供
', '殖民地之杉', '殖民地之杉', '《殖民者之衫 - 露營區》，南洋杉也隨著救國團、童軍等組織，散佈在各個露營區與遊樂設施中。藝術家提供
', '殖民地之杉'),
(103, '顛倒聆聽：敵機爆音集', '尺寸依場地而定', '', '<p>作品主要靈感來自一張1942年商業發行的日本政宣唱片《敵機爆音集》，內容收錄日本俘獲美國飛機在不同飛行高度的聲音，旨在訓練日本青年依據聲音來察覺並分辨敵機。同時也包含一段概述敵機的旁白聲軌，從音樂與科學的角度描述其聲音特徵。</p><p><br/>這張唱片廣為日本聽眾所知，是唱片藏家眼中的「非音樂」怪盤，製作於流行音樂如爵士樂被標籤為「敵方音樂」的時代；軍事迷把它當作與軍歌、軍服同樣的愛國主義象徵來崇拜；其他人則認為它是日本在戰爭末期另一項破釜沉舟之舉，即願意將身體各部位武器化（在此特指聽力）以對抗現代美軍。換言之，音樂教育的軍事化與絕對音感訓練（沼野雄司，2016）成為製作這張唱片以及殘疾人士（尤其是視障的青年學子）參戰的藉口。但這張唱片錄音品質很差，要利用音樂知識來分辨飛機的聲音似乎只是徒勞之舉。</p><p><br/>這件裝置作品提問道：「我們如何聽到這張唱片裡沒有的東西？我們如何顛倒我們的聆聽，從而理解這張歷史性唱片的意義？」作品包含了錄音及受此唱片之「不可聽」層面啟發的人造物組成，旨在傳達某種「顛倒聆聽」，聚焦於唱片背後的歷史脈絡與聆聽主體，而非唱片的聲音。藝術家並與薩克斯風演奏家大石將紀、留聲機修復專家邱明進合作，前者對原始唱片收錄的飛機聲響進行採譜及演奏，後者則將原始唱片翻製成模版，把唱片溝槽從作為「負像」的刻痕，翻轉成「正像」的雕塑物。</p>', '', '複合媒材', '顛倒聆聽：敵機爆音集', '顛倒聆聽：敵機爆音集', '', '', ''),
(104, '跑馬地', '13分00秒', '', '<p>英國殖民時期的建築，俯瞰著香港人在動亂後努力維持表面正常狀態的景象。1980年代香港當地無線電視肥皂劇的瑣碎爭吵聲，與圈養的動物、政治塗鴉、荒涼的高速公路交相輝映。懸掛的纜線與船錨索透露了脆弱的城市內裡──那個讓這座城市繼續前進的結構。隨著公民職能的停滯，人們的同理心與控制力的範圍也受到質疑。當生活朝著不確定的未來擺渡，廖沛毅的《跑馬地》以充滿電影感的語言探索那些「微小事物」扮演的角色。這是對香港冷靜堅毅精神的影像鋪陳，也是說來有些弔詭的，一個令人動容的嘗試。廖沛毅用鏡頭捕捉了香港五光十色的城市地景中夾雜的悠緩日常生活，看似抒情詩意的影像語言背後，含蓄地透露了香港過去幾年政治社會動盪的痕跡。</p><p><br/></p><p><font size="2">影片&nbsp;|</font></p><p><font size="2">廖沛毅</font></p><p><font size="2">製片 |</font></p><p><font size="2">瑞秋．拉威</font></p><p><font size="2">聲音 |</font></p><p><font size="2">LiuSeeLiu</font></p>', '', '十六釐米底片轉數位（畫幅比例1.43:1）、彩色、立體聲', '《跑馬地》，2020，藝術家提供 ', '《跑馬地》，2020，藝術家提供 ', '《跑馬地》，2020，藝術家提供 ', '《跑馬地》，2020，藝術家提供 ', '《跑馬地》，2020，藝術家提供 '),
(105, '朱．迪爾德：生如死者', '10分00秒', '', '<p>這部實驗短片拍攝荷蘭傳奇表演詩人暨作家朱．迪爾德，以詩意的視覺語言詮釋他如何從一個活生生的偶像，逐漸轉變為自己死亡面具的配戴者。1979年， 蒙迪尼－凡洛為了紐約作家艾朗・柯恩策劃的《紮著繃帶的詩人》系列以16釐米膠卷拍攝迪爾德。她採用一種專為16釐米寶萊克斯相機設計的影片製程，這也是她在1970年代晚期至1980年代應用於其擴延電影計畫的技術。透過圖像和聲音的「試錯」過程來創作電影「劇本」，過程中產生的驚喜則指引著敘事方向。</p><p><br/></p><p>片中關於面具的互動及其模糊性之間帶著耐人尋味的張力，透露著捉摸不定的奇特混合狀態。喪葬傳統中的面具不僅是為了使死者不朽並供人尊崇，亦提供人們與精神世界聯繫交流的機會。它可以將人們隱藏起來，改變配戴者形象，陪伴其進入未知世界。迪爾德於最近去世，而他的音樂盟友班雅明．赫爾曼（「新酷團」的創始人）特地為其創作的迷人配樂，則賦予影像素材嶄新的意義，本片提供介於天堂與人間的虛構空間的可能。</p><p><font size="2"><br/></font></p><p><font size="2">共同製作&nbsp;|</font></p><p><font size="2">朱．迪爾斯</font></p><p><font size="2">艾朗．柯恩</font></p><p><font size="2">導演、攝影、製片 |</font></p><p><font size="2">芭貝絲．蒙迪尼－凡洛</font></p><p><font size="2">剪輯、後製&nbsp;|</font></p><p><font size="2">雷尼爾．范．布魯門</font></p><p><font size="2">音樂 |</font></p><p><font size="2">班雅明．赫爾曼</font></p><p><font size="2">FILM ART Production</font></p>', '', '高畫質影片', '朱．迪爾德：生如死者', '朱．迪爾德：生如死者', '朱．迪爾德：生如死者', '朱．迪爾德：生如死者', '朱．迪爾德：生如死者'),
(106, '紙建築', '尺寸依場地而定', '', '<p>2014 年太陽花學運期間，廖烜榛、黃奕捷兩位藝術家與抗爭者們共同用廢棄物製作了一個建築模型。這座被稱為「紙建築」的模型，曾被充作是運動現場的索引地圖、文宣品展台，其內容包含數十座建築物、活動帳篷、流動廁所、SNG 車，素樸而完整地再現了抗爭者所佔領的街廓。</p><p><br/>「這模型既像是太陽花學運的縮影，也是附著集體記憶的紀念碑」，藝術家自述道，「然而，這組曾被視作是重要紀念物的模型，卻在我們無力妥善收藏後，漸漸變得殘破不堪，形同災難之後的場景。」對他們而言，《紙建築》的殘破景象，諷刺地反映了運動之後的難言情狀，對比佔領運動的烏托邦，它更貼近災難之後癱瘓的日常。</p>', '', '攝影', '紙建築', '紙建築', '紙建築', '紙建築', '紙建築'),
(107, '民主聖殿', '600×950×1650 公分', '', '<p>這一座可以走進的建築裝置，延伸自通信分隊展演空間的作品《紙建築》── 2014 年太陽花學運現場由藝術家與群眾共同製作的一個瓦愣紙建築模型。模型中的一座建物，是抗爭者模仿「帕德嫩神殿」製作的「民主聖殿」，只是它歪斜的立柱、拼貼的山牆，有別於我們對「民主聖殿」的刻板想像。</p><p><br/></p><p>藝術家試圖以「民主聖殿」的當代改編，重新探勘太陽花學運的精神廢墟。他們協同建築師，將這座瀕臨倒塌的「帕德嫩神殿」，重新設計為實體的臨時聚會所，並集結昔日參與運動的抗爭者，透過協力造屋的模式，將這個意義曖昧的「民主聖殿」真的搭建起來。來自運動之後的剩餘物，最終成為一個結合空間構築與公眾活動的藝術計畫。</p><p><br/></p><p><span style="color: var(--primary-gray-color);">對藝術家而言，這座由多種臨時性材料構成，外形近乎</span><span style="color: var(--primary-gray-color);">違建的「民主聖殿」，閃爍著深刻意涵：「它並未回絕烏托邦的想像</span><span style="color: var(--primary-gray-color);">力，而是試圖在重現宏大願景的同時，關照它的缺憾和危機、不確</span><span style="color: var(--primary-gray-color);">定和不穩定、和可能的不完美。」</span></p><p><span style="color: var(--primary-gray-color);"><br/></span></p><p><span style="font-size: medium; color: var(--primary-gray-color);">團隊成員&nbsp;</span><br/></p><p><font size="2" style="color: var(--primary-gray-color);">策劃&nbsp;</font><span style="color: var(--primary-gray-color);">|</span></p><p><font size="2">廖烜榛</font><span style="font-size: 14px;">／</span><span style="color: var(--primary-gray-color); font-size: small;">黃奕捷</span></p><p><font size="2">建築設計&nbsp;|&nbsp;</font><br/><font size="2">王子瑞</font><span style="font-size: 14px;">／</span><span style="font-size: small; color: var(--primary-gray-color);">蔡承延</span><span style="font-size: 14px;">／</span><span style="font-size: small; color: var(--primary-gray-color);">李佳樺</span></p><p><font size="2">協力廠商|<br/>第三建築工作室／達文營造</font><span style="font-size: small; color: var(--primary-gray-color);"><br/></span></p><p><font size="2">建造協力&nbsp;|&nbsp;</font><br/><font size="2">楊子瑄／許宗仁／陳憶玲／林欣怡／梁家瑋／鄧尚緯／楊婕琳／韓佳倢／Rama Saputra／</font><span style="font-size: small; color: var(--primary-gray-color);">鄭宇焱／曾伯豪／</span><span style="color: var(--primary-gray-color); font-size: small;">郭柏彥／林盈潔／</span><span style="color: var(--primary-gray-color); font-size: small;">蔡中岳／陳詩婷／李慈湄／</span><span style="color: var(--primary-gray-color); font-size: small;">林于玄／熊元培／</span><span style="color: var(--primary-gray-color); font-size: small;">張文華／</span><span style="color: var(--primary-gray-color); font-size: small;">楊浤淵／林揆鈞／李若慈／</span><span style="color: var(--primary-gray-color); font-size: small;">李珮瑜／</span><span style="color: var(--primary-gray-color); font-size: small;">李旭彬／陳君典 ／曾于軒 ／羅仕東／陳世瑋</span><span style="color: var(--primary-gray-color); font-size: small;">／</span><span style="color: var(--primary-gray-color); font-size: small;">林暐翔</span><span style="color: var(--primary-gray-color); font-size: small;">／</span><span style="color: var(--primary-gray-color); font-size: small;">蘇唯瑄</span><span style="color: var(--primary-gray-color); font-size: small;">／</span><span style="color: var(--primary-gray-color); font-size: small;">巫宛蓉</span><span style="color: var(--primary-gray-color); font-size: small;">／</span><span style="color: var(--primary-gray-color); font-size: small;">白永馨</span><span style="color: var(--primary-gray-color); font-size: small;">／</span><span style="color: var(--primary-gray-color); font-size: small;">陳玥靜</span></p><p><font size="2"><br/></font></p>', '', '輕鋼、木材、鷹架', '民主聖殿', '民主聖殿', '民主聖殿', '', '');

ALTER TABLE "public"."activities" ADD FOREIGN KEY ("subcategory_id") REFERENCES "public"."activities_subcategories"("subcategory_id") ON DELETE SET NULL;
ALTER TABLE "public"."activities" ADD FOREIGN KEY ("category_id") REFERENCES "public"."activities_categories"("category_id") ON DELETE SET NULL;
ALTER TABLE "public"."activities_speakers_j" ADD FOREIGN KEY ("activity_id") REFERENCES "public"."activities"("activity_id") ON DELETE SET NULL ON UPDATE CASCADE;
ALTER TABLE "public"."activities_speakers_j" ADD FOREIGN KEY ("speaker_id") REFERENCES "public"."activities_speakers"("speaker_id") ON DELETE CASCADE ON UPDATE CASCADE;
ALTER TABLE "public"."activities_subcategories" ADD FOREIGN KEY ("category_id") REFERENCES "public"."activities_categories"("category_id") ON DELETE CASCADE;
ALTER TABLE "public"."activities_tags_j" ADD FOREIGN KEY ("activity_tag_id") REFERENCES "public"."activities_tags"("activity_tag_id") ON DELETE CASCADE ON UPDATE CASCADE;
ALTER TABLE "public"."activities_tags_j" ADD FOREIGN KEY ("activity_id") REFERENCES "public"."activities"("activity_id") ON DELETE SET NULL ON UPDATE CASCADE;
ALTER TABLE "public"."artists" ADD FOREIGN KEY ("artist_en_id") REFERENCES "public"."artists_en"("artist_en_id") ON DELETE CASCADE;
ALTER TABLE "public"."artists" ADD FOREIGN KEY ("artist_zh_id") REFERENCES "public"."artists_zh"("artist_zh_id") ON DELETE CASCADE;
ALTER TABLE "public"."artists_tags_j" ADD FOREIGN KEY ("artist_tag_id") REFERENCES "public"."artists_tags"("artist_tag_id") ON DELETE CASCADE ON UPDATE CASCADE;
ALTER TABLE "public"."artists_tags_j" ADD FOREIGN KEY ("artist_id") REFERENCES "public"."artists"("artist_id") ON DELETE SET NULL ON UPDATE CASCADE;
ALTER TABLE "public"."groups" ADD FOREIGN KEY ("group_zh_id") REFERENCES "public"."groups_zh"("group_zh_id") ON DELETE CASCADE;
ALTER TABLE "public"."groups" ADD FOREIGN KEY ("group_en_id") REFERENCES "public"."groups_en"("group_en_id") ON DELETE CASCADE;
ALTER TABLE "public"."groups_artists_j" ADD FOREIGN KEY ("group_id") REFERENCES "public"."groups"("group_id");
ALTER TABLE "public"."groups_artists_j" ADD FOREIGN KEY ("artist_id") REFERENCES "public"."artists"("artist_id");
ALTER TABLE "public"."groups_categories_j" ADD FOREIGN KEY ("category_id") REFERENCES "public"."categories"("category_id") ON DELETE CASCADE ON UPDATE CASCADE;
ALTER TABLE "public"."groups_categories_j" ADD FOREIGN KEY ("group_id") REFERENCES "public"."groups"("group_id") ON DELETE SET NULL ON UPDATE CASCADE;
ALTER TABLE "public"."groups_works_j" ADD FOREIGN KEY ("group_id") REFERENCES "public"."groups"("group_id") ON DELETE CASCADE ON UPDATE CASCADE;
ALTER TABLE "public"."groups_works_j" ADD FOREIGN KEY ("work_id") REFERENCES "public"."works"("work_id") ON DELETE SET NULL ON UPDATE CASCADE;
ALTER TABLE "public"."participant_records" ADD FOREIGN KEY ("participant_id") REFERENCES "public"."participants"("participant_id");
ALTER TABLE "public"."participant_records" ADD FOREIGN KEY ("activity_id") REFERENCES "public"."activities"("activity_id");
ALTER TABLE "public"."schedule_activities_j" ADD FOREIGN KEY ("activity_id") REFERENCES "public"."activities"("activity_id") ON DELETE CASCADE ON UPDATE CASCADE;
ALTER TABLE "public"."schedule_activities_j" ADD FOREIGN KEY ("schedule_id") REFERENCES "public"."schedules"("schedule_id") ON DELETE CASCADE ON UPDATE CASCADE;
ALTER TABLE "public"."schedule_artists_j" ADD FOREIGN KEY ("artist_id") REFERENCES "public"."artists"("artist_id") ON DELETE CASCADE ON UPDATE CASCADE;
ALTER TABLE "public"."schedule_artists_j" ADD FOREIGN KEY ("schedule_id") REFERENCES "public"."schedules"("schedule_id") ON DELETE CASCADE ON UPDATE CASCADE;
ALTER TABLE "public"."schedule_works_j" ADD FOREIGN KEY ("work_id") REFERENCES "public"."works"("work_id") ON DELETE CASCADE ON UPDATE CASCADE;
ALTER TABLE "public"."schedule_works_j" ADD FOREIGN KEY ("schedule_id") REFERENCES "public"."schedules"("schedule_id") ON DELETE CASCADE ON UPDATE CASCADE;
ALTER TABLE "public"."works" ADD FOREIGN KEY ("category_id") REFERENCES "public"."categories"("category_id") ON DELETE SET NULL;
ALTER TABLE "public"."works" ADD FOREIGN KEY ("location_id") REFERENCES "public"."works_locations"("work_location_id") ON DELETE SET NULL;
ALTER TABLE "public"."works" ADD FOREIGN KEY ("work_en_id") REFERENCES "public"."works_en"("work_en_id") ON DELETE CASCADE;
ALTER TABLE "public"."works" ADD FOREIGN KEY ("work_zh_id") REFERENCES "public"."works_zh"("work_zh_id") ON DELETE CASCADE;
ALTER TABLE "public"."works_materials_j" ADD FOREIGN KEY ("work_material_id") REFERENCES "public"."works_materials"("work_material_id") ON DELETE CASCADE ON UPDATE CASCADE;
ALTER TABLE "public"."works_materials_j" ADD FOREIGN KEY ("work_id") REFERENCES "public"."works"("work_id") ON DELETE SET NULL ON UPDATE CASCADE;
ALTER TABLE "public"."works_tags_j" ADD FOREIGN KEY ("work_id") REFERENCES "public"."works"("work_id") ON DELETE CASCADE ON UPDATE CASCADE;
ALTER TABLE "public"."works_tags_j" ADD FOREIGN KEY ("work_tag_id") REFERENCES "public"."works_tags"("work_tag_id") ON DELETE CASCADE ON UPDATE CASCADE;
